record_id,date,department,region,gender,education,employment_type,age,experience_years,salary,monthly_hours,performance_score,job_satisfaction,absent_days,remote_days_per_week,product,sales_channel,quantity,unit_price,discount_rate,revenue,cost,profit,customer_age,customer_rating,delivery_days,returned
1,2025-01-01 00:00:00.000000000,Customer Support,West,Male,Bachelor,Contract,27,4,35600,41.2,68.2,3.9,4,0,Headphones,Mobile App,14,120,0.06,1579.2,1062.22,516.98,36,4.6,3,No
2,2025-01-01 04:48:34.571523841,HR,South,Female,Master,Full-time,30,10,71400,44.9,84.1,2.6,3,5,Mouse,Email,8,35,0.09,254.8,173.61,81.19,42,5.0,5,Yes
3,2025-01-01 09:37:09.143047682,IT,Central,Female,Master,Full-time,18,0,57600,46.9,79.1,5.0,3,2,Mouse,Phone,2,35,0.06,65.8,39.07,26.73,43,3.5,3,No
4,2025-01-01 14:25:43.714571523,Customer Support,West,Female,Master,Part-time,37,11,74000,41.3,48.2,3.5,1,2,Headphones,Website,2,120,0.25,180.0,114.42,65.58,21,4.5,3,No
5,2025-01-01 19:14:18.286095365,Finance,Central,Male,Master,Full-time,32,8,73300,45.9,100.0,4.3,11,2,Smartphone,Email,14,700,0.04,9408.0,4967.97,4440.03,46,3.6,5,Yes
6,2025-01-02 00:02:52.857619206,IT,East,Female,Master,Full-time,43,22,131300,41.1,93.0,3.9,3,0,Headphones,Store,6,120,0.09,655.2,476.19,179.01,20,4.2,3,No
7,2025-01-02 04:51:27.429143047,IT,South,Female,Master,Full-time,24,0,55900,40.0,77.2,3.6,7,4,Monitor,Phone,8,250,0.05,1900.0,1165.62,734.38,46,4.7,4,No
8,2025-01-02 09:40:02.000666888,Customer Support,West,Male,Bachelor,Part-time,28,6,57300,36.8,89.3,3.9,1,2,Tablet,Email,5,500,0.06,2350.0,1602.96,747.04,45,3.8,5,No
9,2025-01-02 14:28:36.572190730,Marketing,East,Male,Master,Contract,20,0,40300,41.9,75.6,3.8,2,5,Tablet,Website,14,500,0.06,6580.0,3924.95,2655.05,55,3.3,3,No
10,2025-01-02 19:17:11.143714571,Finance,East,Female,Master,Full-time,25,6,68200,41.7,83.5,3.4,5,2,Headphones,Mobile App,1,120,0.16,100.8,71.2,29.6,28,3.7,5,Yes
11,2025-01-03 00:05:45.715238412,Customer Support,Central,Male,Bachelor,Full-time,23,0,25000,41.8,74.0,5.0,2,3,Monitor,Store,11,250,0.02,2695.0,1763.27,931.73,26,3.3,3,No
12,2025-01-03 04:54:20.286762254,Finance,East,Male,PhD,Full-time,43,19,134900,45.7,58.5,4.4,2,5,Tablet,Website,1,500,0.14,430.0,285.76,144.24,51,3.2,6,No
13,2025-01-03 09:42:54.858286095,Finance,South,Female,High School,Full-time,28,3,50800,44.5,70.7,2.2,1,0,Monitor,Phone,10,250,0.2,2000.0,1605.56,394.44,25,4.8,4,No
14,2025-01-03 14:31:29.429809936,IT,South,Female,Bachelor,Full-time,35,12,103600,32.6,65.2,4.3,6,0,Monitor,Phone,9,250,0.19,1822.5,1333.79,488.71,24,4.4,4,No
15,2025-01-03 19:20:04.001333777,HR,North,Female,High School,Full-time,31,6,55600,32.7,80.2,3.6,2,2,Mouse,Mobile App,4,35,0.04,134.4,80.45,53.95,41,3.5,2,No
16,2025-01-04 00:08:38.572857619,Finance,South,Male,High School,Full-time,23,0,37300,40.6,58.3,4.8,2,3,Tablet,Mobile App,12,500,0.23,4620.0,3100.84,1519.16,37,3.3,4,No
17,2025-01-04 04:57:13.144381460,Operations,East,Male,Master,Full-time,32,13,77100,35.1,73.9,3.2,4,3,Tablet,Store,10,500,0.19,4050.0,2673.01,1376.99,40,3.4,4,No
18,2025-01-04 09:45:47.715905301,IT,South,Male,Master,Full-time,39,16,96300,39.5,53.7,1.6,6,1,Mouse,Store,1,35,,35.0,26.55,8.45,44,3.5,6,No
19,2025-01-04 14:34:22.287429143,Marketing,Central,Male,Master,Full-time,23,0,52400,35.4,82.0,3.2,2,1,Headphones,Mobile App,11,120,0.18,1082.4,833.46,248.94,45,4.8,3,No
20,2025-01-04 19:22:56.858952984,HR,North,Male,PhD,Full-time,41,18,120100,40.5,56.2,2.2,2,2,Mouse,Mobile App,8,35,0.18,229.6,138.92,90.68,37,3.9,6,No
21,2025-01-05 00:11:31.430476825,Operations,East,Male,Bachelor,Full-time,26,5,68700,34.9,79.8,3.0,5,5,Tablet,Phone,2,500,0.12,880.0,674.38,205.62,39,5.0,2,No
22,2025-01-05 05:00:06.002000666,Operations,North,Female,High School,Full-time,30,6,62400,42.0,73.5,3.0,1,0,Tablet,Mobile App,12,500,0.01,5940.0,3408.67,2531.33,37,4.0,5,No
23,2025-01-05 09:48:40.573524508,Marketing,East,Female,Bachelor,Full-time,39,19,99200,34.7,85.6,3.8,1,5,Smartphone,Email,2,700,0.14,1204.0,901.59,302.41,38,3.6,3,No
24,2025-01-05 14:37:15.145048349,HR,Central,Male,Master,Full-time,28,6,42300,40.7,70.0,3.7,2,3,Headphones,Website,1,120,0.19,97.2,57.8,39.4,21,4.6,7,Yes
25,2025-01-05 19:25:49.716572190,IT,North,Female,High School,Full-time,34,16,104400,31.6,82.6,4.0,0,3,Mouse,Mobile App,1,35,0.07,32.55,19.84,12.71,47,2.8,7,No
26,2025-01-06 00:14:24.288096032,Sales,West,Female,PhD,Full-time,31,4,58900,34.3,73.9,3.9,1,3,Laptop,Store,9,900,0.17,6723.0,5215.3,1507.7,51,4.1,5,No
27,2025-01-06 05:02:58.859619873,HR,East,Female,Bachelor,Contract,35,15,85800,43.5,77.6,5.0,2,0,Laptop,Email,13,900,0.09,10647.0,6878.2,3768.8,46,3.2,3,No
28,2025-01-06 09:51:33.431143714,Marketing,West,Male,PhD,Full-time,18,0,56700,46.4,48.7,3.5,6,1,Headphones,Store,1,120,0.14,103.2,84.33,18.87,45,2.5,1,No
29,2025-01-06 14:40:08.002667555,Operations,North,Female,Bachelor,Full-time,18,0,32300,44.6,63.6,3.9,3,2,Mouse,Email,6,35,0.1,189.0,106.9,82.1,26,3.9,5,No
30,2025-01-06 19:28:42.574191397,IT,West,Female,Bachelor,Full-time,40,14,89600,43.8,69.9,4.2,2,1,Mouse,Mobile App,12,35,0.08,386.4,254.64,131.76,21,4.6,4,No
31,2025-01-07 00:17:17.145715238,HR,West,Male,Master,Full-time,43,16,95200,47.4,89.8,3.0,0,3,Monitor,Website,7,250,0.21,1382.5,1022.68,359.82,48,4.1,6,No
32,2025-01-07 05:05:51.717239079,Sales,North,Male,Master,Full-time,26,7,50100,44.8,76.5,2.5,5,5,Tablet,Store,4,500,0.19,1620.0,845.01,774.99,38,4.1,1,No
33,2025-01-07 09:54:26.288762921,Sales,Central,Male,Bachelor,Full-time,32,11,66200,32.3,49.7,3.8,2,5,Keyboard,Email,5,60,0.09,273.0,154.4,118.6,40,2.2,4,No
34,2025-01-07 14:43:00.860286762,Finance,West,Female,Master,Full-time,37,15,93100,44.8,77.7,3.2,1,3,Smartphone,Phone,4,700,0.11,2492.0,1311.06,1180.94,41,3.9,5,No
35,2025-01-07 19:31:35.431810603,Finance,West,Female,,Full-time,40,20,117900,44.7,60.6,4.1,3,0,Headphones,Mobile App,4,120,0.17,398.4,325.84,72.56,41,3.9,2,No
36,2025-01-08 00:20:10.003334444,Customer Support,Central,Female,High School,Part-time,18,0,25000,30.6,61.7,4.1,1,0,Keyboard,Website,10,60,0.2,480.0,359.13,120.87,46,4.4,4,No
37,2025-01-08 05:08:44.574858286,Marketing,West,Male,High School,Full-time,26,8,54400,36.6,71.2,4.3,2,0,Keyboard,Mobile App,1,60,0.17,49.8,31.48,18.32,37,3.3,3,No
38,2025-01-08 09:57:19.146382127,HR,West,Male,Bachelor,Full-time,31,8,59000,47.9,75.6,2.9,2,2,Headphones,Phone,6,120,0.14,619.2,351.02,268.18,18,4.6,2,No
39,2025-01-08 14:45:53.717905968,HR,West,Male,Bachelor,Part-time,40,13,99600,39.4,61.9,3.0,3,4,Mouse,Website,14,35,0.24,372.4,203.75,168.65,46,3.6,3,No
40,2025-01-08 19:34:28.289429810,Customer Support,South,Female,Master,Full-time,56,37,176400,34.3,49.3,3.6,2,5,Headphones,Phone,10,120,0.19,972.0,660.54,311.46,45,3.8,3,Yes
41,2025-01-09 00:23:02.860953651,Operations,Central,Female,High School,Part-time,32,6,52900,44.3,69.7,3.4,5,4,Keyboard,Mobile App,14,60,0.03,814.8,662.24,152.56,22,4.4,6,No
42,2025-01-09 05:11:37.432477492,Operations,West,Female,Bachelor,Contract,21,3,52500,38.6,69.1,3.9,5,5,Tablet,Email,10,500,0.14,4300.0,3106.25,1193.75,24,3.2,3,No
43,2025-01-09 10:00:12.004001333,Customer Support,Central,Male,Bachelor,Contract,38,10,76300,38.1,90.6,4.6,4,2,Smartphone,Mobile App,7,700,0.1,4410.0,2776.28,1633.72,49,4.6,2,Yes
44,2025-01-09 14:48:46.575525175,Operations,East,Male,Bachelor,Full-time,46,20,110600,44.4,72.6,3.4,2,5,Smartphone,Mobile App,7,700,0.2,3920.0,2627.4,1292.6,51,3.1,6,No
45,2025-01-09 19:37:21.147049016,Finance,East,Female,Bachelor,Full-time,35,11,72200,42.0,87.3,2.4,1,2,Tablet,Mobile App,8,500,0.01,3960.0,3245.9,714.1,18,4.5,6,No
46,2025-01-10 00:25:55.718572857,HR,West,Female,Bachelor,Full-time,26,0,33800,39.4,99.5,1.9,0,2,Tablet,Store,7,500,0.1,3150.0,2128.23,1021.77,43,3.8,6,No
47,2025-01-10 05:14:30.290096699,Customer Support,Central,Female,High School,Full-time,43,16,75200,41.7,57.6,2.5,2,1,Mouse,Phone,6,35,0.08,193.2,156.35,36.85,35,3.9,7,No
48,2025-01-10 10:03:04.861620540,HR,Central,Male,Bachelor,Part-time,40,21,105500,39.1,91.1,2.4,2,5,Laptop,Phone,12,900,0.04,10368.0,5442.25,4925.75,39,1.9,4,No
49,2025-01-10 14:51:39.433144381,Sales,Central,Female,PhD,Full-time,25,2,59600,44.6,84.1,4.0,3,2,Headphones,Phone,8,120,0.09,873.6,643.22,230.38,40,3.6,4,No
50,2025-01-10 19:40:14.004668222,Finance,South,Male,Bachelor,Contract,37,12,94500,32.9,43.2,3.5,5,1,Smartphone,Store,3,700,0.17,1743.0,1234.3,508.7,29,3.9,3,No
51,2025-01-11 00:28:48.576192064,IT,East,Female,Bachelor,Full-time,43,24,124900,39.0,69.6,3.6,3,5,Tablet,Email,9,500,0.09,4095.0,2971.33,1123.67,46,5.0,7,No
52,2025-01-11 05:17:23.147715905,Finance,Central,Female,Bachelor,Full-time,45,23,115600,37.9,81.2,4.1,4,0,Headphones,Mobile App,3,120,0.15,306.0,211.5,94.5,30,4.0,4,No
53,2025-01-11 10:05:57.719239746,Customer Support,Central,Female,Bachelor,Full-time,33,5,44000,41.5,76.4,4.6,2,5,Smartphone,Email,4,700,0.15,2380.0,1269.14,1110.86,47,3.5,3,Yes
54,2025-01-11 14:54:32.290763587,IT,South,Female,Bachelor,Full-time,31,8,70500,34.4,93.5,3.3,7,3,Tablet,Store,13,500,0.15,5525.0,3120.9,2404.1,50,4.6,3,No
55,2025-01-11 19:43:06.862287429,Sales,South,Female,Master,Full-time,45,25,128600,47.5,79.7,4.1,4,4,Smartphone,Phone,10,700,0.13,6090.0,4851.75,1238.25,28,3.6,5,No
56,2025-01-12 00:31:41.433811270,Customer Support,Central,Female,,Full-time,23,4,45000,36.3,53.4,3.8,8,3,Mouse,Mobile App,14,35,0.03,475.3,280.37,194.93,28,4.7,4,No
57,2025-01-12 05:20:16.005335111,Marketing,North,Female,PhD,Full-time,38,10,80900,45.3,82.3,2.3,3,4,Laptop,Website,6,900,0.05,5130.0,4195.73,934.27,39,4.2,4,No
58,2025-01-12 10:08:50.576858953,HR,Central,Female,High School,Full-time,22,0,31000,43.0,57.1,2.3,6,0,Laptop,Website,12,900,0.2,8640.0,6254.29,2385.71,56,3.4,3,No
59,2025-01-12 14:57:25.148382794,Sales,Central,Female,Master,Full-time,44,24,129100,41.1,64.8,3.2,2,4,Tablet,Email,14,500,0.13,6090.0,3978.64,2111.36,31,4.7,4,No
60,2025-01-12 19:45:59.719906635,HR,South,Female,Master,Full-time,32,13,92500,41.2,86.3,3.7,5,0,Smartphone,Phone,12,700,0.18,6888.0,5482.95,1405.05,33,4.4,4,No
61,2025-01-13 00:34:34.291430476,Operations,South,Male,Bachelor,Full-time,45,27,130600,30.7,84.8,3.9,5,5,Mouse,Website,8,35,0.14,240.8,182.65,58.15,42,4.6,7,No
62,2025-01-13 05:23:08.862954318,Marketing,Central,Male,High School,Full-time,38,13,84000,37.5,72.5,3.3,5,3,Monitor,Email,3,250,0.01,742.5,481.65,260.85,46,3.9,1,No
63,2025-01-13 10:11:43.434478159,Marketing,Central,Female,Bachelor,Full-time,23,5,56800,56.3,62.6,2.1,2,1,Headphones,Store,13,120,0.2,1248.0,674.64,573.36,44,4.4,5,No
64,2025-01-13 15:00:18.006002000,Sales,Central,Female,Bachelor,Full-time,47,25,127400,41.1,69.4,3.2,1,5,Headphones,Email,10,120,0.02,1176.0,917.86,258.14,38,5.0,6,No
65,2025-01-13 19:48:52.577525842,Marketing,South,Male,Master,Part-time,48,20,108000,42.1,70.5,2.0,4,5,Keyboard,Email,6,60,0.24,273.6,205.07,68.53,34,4.1,1,Yes
66,2025-01-14 00:37:27.149049683,IT,Central,Male,Bachelor,Full-time,42,19,117000,30.4,64.6,3.3,4,4,Mouse,Email,5,35,0.05,166.25,125.89,40.36,42,3.7,4,No
67,2025-01-14 05:26:01.720573524,Marketing,Central,Male,Bachelor,Full-time,27,0,39200,38.8,86.8,3.9,4,5,Smartphone,Mobile App,5,700,0.13,3045.0,2263.83,781.17,18,5.0,6,No
68,2025-01-14 10:14:36.292097365,HR,West,Female,Master,Full-time,31,11,75100,38.2,66.6,3.8,5,2,Keyboard,Email,5,60,0.02,294.0,177.2,116.8,60,4.5,2,No
69,2025-01-14 15:03:10.863621207,HR,North,Female,PhD,Full-time,35,11,101200,36.3,68.6,3.1,2,1,Tablet,Email,9,500,0.22,3510.0,2729.56,780.44,36,3.7,5,No
70,2025-01-14 19:51:45.435145048,Customer Support,East,Female,Bachelor,Full-time,28,9,88100,42.9,69.0,3.8,2,1,Smartphone,Mobile App,13,700,0.24,6916.0,3600.95,3315.05,40,5.0,2,No
71,2025-01-15 00:40:20.006668889,HR,North,Female,Master,Full-time,49,25,123600,37.9,81.1,2.6,1,0,Keyboard,Mobile App,7,60,0.04,403.2,238.36,164.84,63,3.2,4,No
72,2025-01-15 05:28:54.578192731,Customer Support,West,Male,Bachelor,Full-time,35,16,84800,36.4,75.3,3.0,1,3,Laptop,Store,12,900,0.07,10044.0,5363.17,4680.83,29,4.4,7,No
73,2025-01-15 10:17:29.149716572,HR,East,Male,Master,Full-time,18,0,38000,32.6,74.8,2.2,3,2,Headphones,Phone,9,120,0.0,1080.0,597.43,482.57,66,4.8,7,Yes
74,2025-01-15 15:06:03.721240413,IT,Central,Male,Master,Full-time,37,13,88700,34.5,59.7,3.1,4,3,Smartphone,Website,9,700,0.2,5040.0,3425.76,1614.24,47,4.8,5,No
75,2025-01-15 19:54:38.292764254,Customer Support,West,Male,Master,Full-time,31,3,42600,35.1,75.1,2.9,2,3,Keyboard,Website,13,60,0.08,717.6,381.17,336.43,43,3.4,1,No
76,2025-01-16 00:43:12.864288096,Finance,Central,Female,Bachelor,Full-time,33,5,68200,38.3,81.7,3.2,3,1,Laptop,Email,14,900,0.15,10710.0,6151.98,4558.02,46,3.1,3,No
77,2025-01-16 05:31:47.435811937,Operations,South,Male,Bachelor,Contract,31,11,75800,37.5,67.5,3.3,6,2,Mouse,Store,6,35,0.01,207.9,122.62,85.28,28,4.2,1,Yes
78,2025-01-16 10:20:22.007335778,Sales,West,Male,Bachelor,Contract,41,13,99800,36.9,73.9,3.7,2,4,Keyboard,Email,14,60,0.18,688.8,493.6,195.2,18,4.5,3,No
79,2025-01-16 15:08:56.578859620,HR,South,Female,Bachelor,Full-time,44,23,112900,31.6,84.0,1.9,2,2,Tablet,Website,6,500,0.13,2610.0,1724.29,885.71,24,3.2,6,No
80,2025-01-16 19:57:31.150383461,Marketing,West,Female,Bachelor,Full-time,37,19,106200,35.0,61.6,2.8,4,0,Tablet,Mobile App,4,500,0.18,1640.0,1078.34,561.66,51,4.2,1,No
81,2025-01-17 00:46:05.721907302,HR,West,Female,Master,Full-time,31,11,72400,40.6,61.8,4.3,2,5,Tablet,Phone,8,500,0.2,3200.0,2401.7,798.3,27,3.0,4,No
82,2025-01-17 05:34:40.293431143,Marketing,South,Male,Bachelor,Full-time,34,8,63000,47.3,70.4,4.3,4,1,Smartphone,Store,14,700,,9604.0,6309.99,3294.01,18,4.7,2,No
83,2025-01-17 10:23:14.864954985,Operations,East,Male,High School,Full-time,34,7,58300,48.0,82.1,3.5,2,2,Headphones,Mobile App,2,120,0.14,206.4,128.91,77.49,37,3.6,8,No
84,2025-01-17 15:11:49.436478826,Operations,North,Female,Master,Full-time,27,5,43600,50.0,35.0,3.6,5,0,Keyboard,Phone,5,60,0.16,252.0,203.8,48.2,45,3.9,5,No
85,2025-01-17 20:00:24.008002667,Operations,Central,Female,Master,Full-time,39,14,86600,41.3,69.5,2.6,1,4,Mouse,Store,1,35,0.13,30.45,15.91,14.54,38,4.6,6,No
86,2025-01-18 00:48:58.579526509,Marketing,West,Female,Bachelor,Full-time,38,19,108200,39.7,62.8,3.2,3,3,Keyboard,Store,10,60,0.05,570.0,348.62,221.38,45,4.5,5,Yes
87,2025-01-18 05:37:33.151050350,HR,Central,Female,Bachelor,Full-time,48,28,138200,43.2,76.6,4.2,4,3,Headphones,Website,14,120,0.2,1344.0,944.59,399.41,52,4.3,6,No
88,2025-01-18 10:26:07.722574191,Operations,South,Male,PhD,Full-time,45,21,117300,38.2,70.7,2.5,3,0,Laptop,Mobile App,2,900,0.25,1350.0,1019.04,330.96,45,4.7,6,No
89,2025-01-18 15:14:42.294098032,IT,Central,Female,Master,Full-time,28,1,55300,44.0,86.9,3.6,0,1,Headphones,Store,1,120,0.24,91.2,69.76,21.44,36,4.3,4,No
90,2025-01-18 20:03:16.865621874,Customer Support,South,Male,,Full-time,41,20,81700,39.2,80.4,3.9,3,3,Tablet,Store,6,500,0.19,2430.0,1297.19,1132.81,31,5.0,3,No
91,2025-01-19 00:51:51.437145715,Marketing,Central,Female,High School,Full-time,25,0,31000,41.4,69.0,3.5,3,1,Smartphone,Phone,2,700,0.1,1260.0,923.25,336.75,47,2.8,2,No
92,2025-01-19 05:40:26.008669556,Marketing,North,Female,Bachelor,Contract,40,16,103300,36.4,58.8,3.4,3,1,Laptop,Website,12,900,0.08,9936.0,7313.65,2622.35,41,4.0,8,Yes
93,2025-01-19 10:29:00.580193398,HR,North,Male,Master,Contract,29,1,57200,44.8,76.5,3.4,1,3,Smartphone,Email,4,700,0.02,2744.0,1603.11,1140.89,28,3.9,6,No
94,2025-01-19 15:17:35.151717239,Marketing,North,Female,High School,Full-time,25,7,66900,35.1,68.1,3.9,3,4,Tablet,Website,13,500,0.1,5850.0,3239.92,2610.08,54,3.8,1,No
95,2025-01-19 20:06:09.723241080,Marketing,North,Female,Bachelor,Contract,37,16,96700,36.8,69.3,3.7,4,5,Monitor,Email,5,250,0.04,1200.0,893.89,306.11,41,4.3,4,No
96,2025-01-20 00:54:44.294764921,Operations,North,Female,Bachelor,Full-time,18,0,48400,38.3,56.9,3.9,1,2,Headphones,Mobile App,7,120,0.06,789.6,469.69,319.91,46,4.1,5,No
97,2025-01-20 05:43:18.866288763,HR,North,Male,Master,Full-time,18,0,40300,35.8,74.0,3.2,0,5,Headphones,Mobile App,10,120,0.22,936.0,487.19,448.81,33,4.6,7,No
98,2025-01-20 10:31:53.437812604,Operations,South,Male,Bachelor,Full-time,32,9,64800,42.8,65.4,3.2,7,3,Mouse,Store,1,35,0.24,26.6,15.62,10.98,52,3.2,2,No
99,2025-01-20 15:20:28.009336445,Customer Support,West,Female,Bachelor,Full-time,35,12,85300,40.6,66.7,3.9,3,2,Keyboard,Mobile App,12,60,0.24,547.2,289.64,257.56,19,5.0,5,No
100,2025-01-20 20:09:02.580860286,Customer Support,Central,Female,PhD,Full-time,31,4,66600,35.1,35.0,2.8,2,1,Laptop,Store,11,900,0.05,9405.0,5593.68,3811.32,58,3.7,3,Yes
101,2025-01-21 00:57:37.152384128,Operations,North,Male,Bachelor,Full-time,20,0,25000,37.4,72.4,2.6,2,4,Smartphone,Website,5,700,0.23,2695.0,1672.26,1022.74,18,4.2,2,No
102,2025-01-21 05:46:11.723907969,Customer Support,South,Male,Bachelor,Full-time,27,5,61400,40.7,59.6,5.0,1,1,Laptop,Mobile App,4,900,0.04,3456.0,2078.51,1377.49,21,3.9,7,No
103,2025-01-21 10:34:46.295431810,HR,South,Male,Master,Full-time,38,18,103000,41.0,78.7,3.8,3,4,Mouse,Website,7,35,0.13,213.15,169.66,43.49,41,,2,No
104,2025-01-21 15:23:20.866955652,Sales,South,Female,Bachelor,Contract,39,20,101000,35.2,72.9,3.3,3,5,Mouse,Website,14,35,0.16,411.6,242.75,168.85,32,3.6,6,No
105,2025-01-21 20:11:55.438479493,Operations,West,Female,Master,Full-time,34,14,102800,40.1,52.9,2.9,2,5,Smartphone,Mobile App,10,700,0.12,6160.0,4067.2,2092.8,34,4.1,1,No
106,2025-01-22 01:00:30.010003334,IT,Central,Female,High School,Contract,44,18,113600,43.1,70.7,2.8,4,5,Keyboard,Website,7,60,,319.2,257.67,61.53,32,4.4,3,No
107,2025-01-22 05:49:04.581527175,IT,West,Female,High School,Full-time,38,18,97400,38.5,74.8,3.5,4,0,Smartphone,Mobile App,8,700,0.08,5152.0,4037.93,1114.07,29,2.3,5,No
108,2025-01-22 10:37:39.153051017,Marketing,East,Male,Master,Contract,27,7,66100,34.9,99.1,3.4,4,5,Smartphone,Mobile App,4,700,0.13,2436.0,1492.73,943.27,42,3.8,5,No
109,2025-01-22 15:26:13.724574858,Customer Support,South,Male,Bachelor,Part-time,31,13,70300,46.7,79.8,3.9,1,4,Tablet,Mobile App,4,500,0.02,1960.0,1211.18,748.82,37,3.7,5,No
110,2025-01-22 20:14:48.296098699,IT,East,Male,Master,Full-time,21,2,54100,43.1,55.2,2.5,4,4,Keyboard,Email,10,60,0.21,474.0,330.85,143.15,49,5.0,6,No
111,2025-01-23 01:03:22.867622541,Marketing,North,Female,Bachelor,Full-time,33,5,26600,37.9,97.3,2.5,5,5,Headphones,Website,5,120,0.1,540.0,429.49,110.51,39,4.6,3,No
112,2025-01-23 05:51:57.439146382,Sales,North,Male,High School,Full-time,44,24,106900,40.5,68.4,3.7,1,1,Tablet,Phone,5,500,,2050.0,1072.15,977.85,33,5.0,7,Yes
113,2025-01-23 10:40:32.010670223,HR,West,Female,Master,Contract,40,21,114000,38.2,68.4,3.8,6,5,Monitor,Mobile App,11,250,0.17,2282.5,1456.09,826.41,47,4.4,5,No
114,2025-01-23 15:29:06.582194064,HR,Central,Male,Bachelor,Full-time,47,22,86500,35.1,97.2,4.2,1,5,Keyboard,Website,3,60,0.17,149.4,115.77,33.63,18,4.1,5,No
115,2025-01-23 20:17:41.153717906,HR,East,Female,Bachelor,Full-time,31,8,50700,43.4,63.8,4.8,7,3,Mouse,Store,5,35,0.13,152.25,97.92,54.33,18,4.3,5,No
116,2025-01-24 01:06:15.725241747,IT,Central,Female,High School,Full-time,46,22,125500,48.3,70.0,3.3,2,3,Tablet,Mobile App,5,500,,2325.0,1711.24,613.76,19,4.8,5,No
117,2025-01-24 05:54:50.296765588,Sales,West,Male,Bachelor,Contract,32,14,73300,44.5,50.8,4.0,4,2,Keyboard,Mobile App,8,60,0.16,403.2,293.36,109.84,34,5.0,2,No
118,2025-01-24 10:43:24.868289430,IT,North,Male,Master,Full-time,47,24,137600,41.2,71.5,2.7,2,0,Laptop,Phone,7,900,0.24,4788.0,2784.88,2003.12,43,,2,Yes
119,2025-01-24 15:31:59.439813271,Customer Support,Central,Male,Master,Full-time,34,15,77600,38.4,70.0,1.4,3,4,Smartphone,Email,8,700,0.21,4424.0,2897.18,1526.82,18,3.6,3,No
120,2025-01-24 20:20:34.011337112,IT,Central,Male,Master,Full-time,40,17,118200,26.7,66.8,2.7,3,2,Monitor,Email,13,250,0.03,3152.5,2174.77,977.73,38,4.6,5,No
121,2025-01-25 01:09:08.582860953,Sales,North,Male,Master,Full-time,47,27,135600,47.8,74.1,3.1,4,5,Headphones,Mobile App,5,120,0.01,594.0,436.38,157.62,34,3.4,3,No
122,2025-01-25 05:57:43.154384795,Sales,East,Male,Bachelor,Full-time,32,8,56700,36.7,61.4,5.0,5,4,Smartphone,Website,12,700,0.12,7392.0,5667.57,1724.43,40,,3,Yes
123,2025-01-25 10:46:17.725908636,Customer Support,North,Female,Bachelor,Full-time,36,16,65200,44.2,91.0,2.2,4,4,Laptop,Store,11,900,0.19,8019.0,5998.05,2020.95,18,4.5,4,No
124,2025-01-25 15:34:52.297432477,Sales,Central,Male,Master,Full-time,46,20,106000,44.7,72.2,4.1,1,0,Laptop,Store,2,900,0.08,1656.0,875.19,780.81,69,3.9,7,No
125,2025-01-25 20:23:26.868956319,Sales,East,Female,Bachelor,Full-time,33,13,88500,44.6,62.0,3.0,2,0,Monitor,Website,8,250,0.18,1640.0,1182.75,457.25,38,3.4,5,Yes
126,2025-01-26 01:12:01.440480160,HR,East,Female,Bachelor,Full-time,22,0,49000,33.0,53.9,3.9,2,2,Headphones,Mobile App,9,120,0.23,831.6,556.5,275.1,23,3.7,1,No
127,2025-01-26 06:00:36.012004001,Customer Support,North,Female,PhD,Full-time,53,32,160000,44.9,72.6,3.5,5,3,Mouse,Store,2,35,0.11,62.3,43.12,19.18,40,3.8,4,No
128,2025-01-26 10:49:10.583527842,Finance,Central,Male,High School,Full-time,30,5,54600,37.6,83.9,2.8,3,4,Tablet,Email,14,500,,6580.0,4157.84,2422.16,56,3.3,3,No
129,2025-01-26 15:37:45.155051684,Finance,West,Male,High School,Full-time,35,16,87900,39.6,76.6,4.3,6,1,Headphones,Website,1,120,0.23,92.4,67.84,24.56,23,3.7,4,Yes
130,2025-01-26 20:26:19.726575525,Sales,Central,Male,Bachelor,Full-time,44,19,114600,39.4,97.8,3.9,7,2,Keyboard,Phone,12,60,0.12,633.6,457.56,176.04,20,3.0,4,No
131,2025-01-27 01:14:54.298099366,Finance,South,Male,Master,Full-time,29,3,58300,36.9,98.1,3.5,4,4,Laptop,Mobile App,6,900,0.1,4860.0,3372.09,1487.91,37,4.4,6,Yes
132,2025-01-27 06:03:28.869623208,Finance,West,Male,Bachelor,Full-time,25,0,51000,38.5,55.4,,6,0,Keyboard,Website,3,60,0.09,163.8,127.52,36.28,38,4.2,2,No
133,2025-01-27 10:52:03.441147049,Sales,East,Male,Bachelor,Full-time,36,13,84700,40.7,52.6,,1,5,Mouse,Store,1,35,0.11,31.15,17.15,14.0,47,4.2,4,No
134,2025-01-27 15:40:38.012670890,Finance,West,Female,PhD,Full-time,18,0,61100,35.3,62.0,2.0,4,0,Keyboard,Mobile App,13,60,0.17,647.4,395.11,252.29,56,3.7,5,No
135,2025-01-27 20:29:12.584194731,IT,East,Female,Master,Full-time,31,13,91300,31.8,81.2,3.6,7,0,Headphones,Email,6,120,0.11,640.8,428.4,212.4,47,3.8,4,No
136,2025-01-28 01:17:47.155718573,Marketing,East,Female,Master,Full-time,36,12,101000,44.5,77.1,5.0,6,0,Keyboard,Mobile App,12,60,0.08,662.4,534.94,127.46,21,3.4,3,No
137,2025-01-28 06:06:21.727242414,Customer Support,West,Female,High School,Part-time,32,14,90200,41.4,85.1,4.2,0,5,Mouse,Mobile App,8,35,0.19,226.8,122.83,103.97,25,4.4,2,No
138,2025-01-28 10:54:56.298766255,Marketing,East,Female,Bachelor,Full-time,20,0,56500,30.7,58.5,3.7,5,3,Mouse,Email,9,35,0.05,299.25,185.87,113.38,28,3.0,3,No
139,2025-01-28 15:43:30.870290097,Sales,East,Male,Bachelor,Full-time,48,29,128600,42.0,48.9,3.8,4,3,Mouse,Email,13,35,0.05,432.25,344.83,87.42,47,4.1,5,No
140,2025-01-28 20:32:05.441813938,HR,South,Male,High School,Part-time,35,10,67400,39.1,64.3,3.5,2,4,Headphones,Mobile App,6,120,0.17,597.6,471.74,125.86,45,3.6,3,No
141,2025-01-29 01:20:40.013337779,Customer Support,Central,Female,High School,Full-time,47,28,118900,33.5,79.6,1.7,4,4,Mouse,Email,12,35,0.22,327.6,255.39,72.21,53,5.0,4,No
142,2025-01-29 06:09:14.584861620,Sales,Central,Female,Bachelor,Full-time,32,12,83000,37.3,74.1,2.7,4,2,Laptop,Website,6,900,0.06,5076.0,3109.14,1966.86,45,4.4,2,No
143,2025-01-29 10:57:49.156385462,HR,South,Female,Bachelor,Contract,26,6,58600,41.8,88.2,3.4,5,0,Smartphone,Email,1,700,0.05,665.0,514.74,150.26,30,4.0,3,No
144,2025-01-29 15:46:23.727909303,Marketing,West,Male,Master,Full-time,36,18,102300,35.0,62.7,4.2,2,0,Mouse,Email,5,35,0.17,145.25,97.55,47.7,36,3.2,4,No
145,2025-01-29 20:34:58.299433144,Sales,North,Male,Master,Full-time,32,10,76900,34.9,84.9,5.0,1,5,Keyboard,Mobile App,3,60,0.16,151.2,106.74,44.46,20,3.0,1,Yes
146,2025-01-30 01:23:32.870956986,Customer Support,North,Male,High School,Full-time,23,1,50300,37.2,64.1,2.6,2,1,Tablet,Website,7,500,0.11,3115.0,1842.98,1272.02,46,4.3,6,No
147,2025-01-30 06:12:07.442480827,Customer Support,North,Male,Bachelor,Full-time,47,20,101800,35.3,82.1,4.0,4,1,Keyboard,Phone,12,60,0.02,705.6,516.5,189.1,30,5.0,3,No
148,2025-01-30 11:00:42.014004668,Operations,South,Male,High School,Full-time,28,6,34200,34.5,81.9,1.7,3,0,Tablet,Phone,9,500,0.02,4410.0,2726.74,1683.26,53,4.3,8,No
149,2025-01-30 15:49:16.585528509,IT,South,Male,Bachelor,Contract,18,0,43200,34.4,92.5,3.2,4,1,Keyboard,Store,13,60,0.19,631.8,393.72,238.08,45,4.1,5,No
150,2025-01-30 20:37:51.157052351,Finance,East,Male,Bachelor,Full-time,46,23,113600,42.2,54.6,3.5,2,1,Headphones,Email,11,120,0.11,1174.8,835.34,339.46,61,4.1,1,No
151,2025-01-31 01:26:25.728576192,HR,North,Female,Bachelor,Full-time,29,6,47700,35.5,90.0,4.8,3,0,Keyboard,Email,6,60,,284.4,168.35,116.05,43,4.1,5,No
152,2025-01-31 06:15:00.300100033,Operations,West,Female,Master,Full-time,29,9,82900,45.4,77.8,2.8,2,3,Headphones,Website,5,120,0.14,516.0,303.06,212.94,43,4.1,3,No
153,2025-01-31 11:03:34.871623875,Finance,West,Male,Master,Contract,18,0,58000,50.8,72.8,3.2,3,3,Headphones,Phone,7,120,0.15,714.0,450.35,263.65,36,3.5,5,No
154,2025-01-31 15:52:09.443147716,Finance,North,Female,Bachelor,Full-time,50,23,115900,39.2,70.3,4.3,5,4,Mouse,Store,11,35,0.23,296.45,223.35,73.1,33,3.3,7,No
155,2025-01-31 20:40:44.014671557,Sales,North,Male,Master,Full-time,22,0,39000,50.1,71.1,2.9,3,3,Laptop,Website,9,900,0.04,7776.0,4567.66,3208.34,35,4.1,5,No
156,2025-02-01 01:29:18.586195398,Finance,North,Female,Master,Full-time,35,15,96200,42.7,72.5,3.1,5,0,Tablet,Email,5,500,0.14,2150.0,1625.82,524.18,50,5.0,4,Yes
157,2025-02-01 06:17:53.157719240,IT,South,Male,Master,Full-time,42,23,149200,40.8,51.1,2.3,3,1,Mouse,Phone,5,35,0.01,173.25,126.24,47.01,22,4.5,1,No
158,2025-02-01 11:06:27.729243081,Customer Support,South,Male,Bachelor,Full-time,38,16,97300,39.7,75.2,4.0,1,0,Mouse,Store,10,35,0.09,318.5,230.51,87.99,39,3.1,6,Yes
159,2025-02-01 15:55:02.300766922,Operations,South,Female,Bachelor,Contract,33,13,89600,30.2,74.0,2.4,5,2,Smartphone,Mobile App,4,700,0.04,2688.0,1780.6,907.4,18,3.8,5,No
160,2025-02-01 20:43:36.872290763,Finance,Central,Male,Master,Full-time,19,0,40700,37.7,63.4,4.3,4,1,Headphones,Phone,5,120,0.05,570.0,423.95,146.05,42,4.5,6,No
161,2025-02-02 01:32:11.443814605,Sales,West,Female,High School,Full-time,27,1,25000,34.4,72.4,2.5,4,0,Headphones,Store,7,120,0.23,646.8,338.96,307.84,32,5.0,4,No
162,2025-02-02 06:20:46.015338446,IT,West,Male,Master,Full-time,36,8,94100,44.4,86.3,2.9,2,4,Tablet,Website,3,500,0.15,1275.0,779.89,495.11,44,5.0,5,No
163,2025-02-02 11:09:20.586862287,Marketing,East,Female,PhD,Full-time,27,0,70300,48.6,64.0,2.6,5,4,Keyboard,Mobile App,4,60,0.22,187.2,135.48,51.72,29,3.9,4,No
164,2025-02-02 15:57:55.158386129,Customer Support,South,Male,Master,Full-time,36,18,87200,41.1,57.2,3.3,4,1,Keyboard,Store,9,60,0.11,480.6,392.26,88.34,35,4.6,4,No
165,2025-02-02 20:46:29.729909970,Customer Support,Central,Female,High School,Part-time,40,19,114700,41.3,62.6,4.4,5,3,Mouse,Store,12,35,0.15,357.0,185.91,171.09,46,4.2,1,No
166,2025-02-03 01:35:04.301433811,Operations,Central,Male,Bachelor,Contract,43,16,93000,44.8,44.9,2.9,5,4,Monitor,Email,2,250,0.01,495.0,333.13,161.87,40,3.9,5,No
167,2025-02-03 06:23:38.872957652,Customer Support,West,Female,Master,Full-time,23,1,45000,40.6,95.3,2.7,2,5,Monitor,Phone,8,250,0.12,1760.0,1402.99,357.01,57,4.0,5,No
168,2025-02-03 11:12:13.444481494,Finance,South,Female,PhD,Contract,54,35,170600,46.0,61.2,3.5,0,2,Keyboard,Email,9,60,0.14,464.4,361.8,102.6,32,4.1,3,No
169,2025-02-03 16:00:48.016005335,Sales,East,Female,Bachelor,Full-time,41,22,98000,51.8,88.4,3.4,4,5,Monitor,Mobile App,5,250,0.0,1250.0,658.68,591.32,31,4.8,5,No
170,2025-02-03 20:49:22.587529176,Customer Support,South,Female,Master,Full-time,34,16,75600,47.2,55.9,4.0,1,5,Smartphone,Store,7,700,0.2,3920.0,2661.16,1258.84,53,3.0,6,No
171,2025-02-04 01:37:57.159053018,Customer Support,North,Male,Master,Part-time,44,19,115800,36.9,64.0,2.4,4,5,Keyboard,Email,6,60,0.07,334.8,174.53,160.27,34,4.3,7,No
172,2025-02-04 06:26:31.730576859,Marketing,South,Female,High School,Full-time,55,36,156300,44.2,72.8,3.7,6,1,Headphones,Phone,1,120,0.11,106.8,80.83,25.97,33,5.0,2,No
173,2025-02-04 11:15:06.302100700,Marketing,North,Male,Master,Part-time,21,1,50600,36.7,80.4,4.5,0,2,Mouse,Mobile App,8,35,0.13,243.6,149.24,94.36,43,5.0,5,No
174,2025-02-04 16:03:40.873624541,HR,North,Male,Bachelor,Full-time,32,13,90700,38.9,71.1,2.7,3,1,Laptop,Website,9,900,0.25,6075.0,4554.29,1520.71,36,4.4,7,No
175,2025-02-04 20:52:15.445148383,IT,East,Male,Bachelor,Contract,18,0,47100,48.2,52.0,3.7,1,3,Mouse,Email,10,35,0.02,343.0,275.58,67.42,34,3.5,3,No
176,2025-02-05 01:40:50.016672224,Finance,West,Male,Bachelor,Part-time,36,18,121200,35.0,71.3,2.7,4,0,Keyboard,Mobile App,11,60,0.14,567.6,461.36,106.24,30,4.5,7,No
177,2025-02-05 06:29:24.588196065,Customer Support,South,Male,Master,Full-time,37,17,92100,38.0,88.4,4.4,3,5,Smartphone,Website,1,700,0.13,609.0,480.03,128.97,54,4.9,3,Yes
178,2025-02-05 11:17:59.159719907,Customer Support,North,Male,Master,Contract,34,12,78200,45.7,76.2,4.9,5,1,Keyboard,Email,8,60,0.02,470.4,273.42,196.98,36,3.6,4,No
179,2025-02-05 16:06:33.731243748,Sales,South,Male,Bachelor,Contract,28,1,32400,35.7,100.0,2.5,1,0,Mouse,Mobile App,3,35,0.16,88.2,51.01,37.19,31,4.3,1,No
180,2025-02-05 20:55:08.302767589,HR,West,Male,Master,Full-time,18,0,49500,30.4,74.2,3.7,1,1,Smartphone,Mobile App,12,700,0.07,7812.0,5528.82,2283.18,34,3.9,1,No
181,2025-02-06 01:43:42.874291430,IT,West,Female,Master,Full-time,37,16,121000,32.5,85.2,3.8,4,3,Smartphone,Email,6,700,0.03,4074.0,2783.42,1290.58,42,3.6,1,No
182,2025-02-06 06:32:17.445815272,HR,Central,Female,Master,Part-time,47,24,121900,37.0,78.8,3.6,3,2,Smartphone,Mobile App,10,700,0.04,6720.0,3513.62,3206.38,56,3.8,7,Yes
183,2025-02-06 11:20:52.017339113,Operations,West,Male,Bachelor,Part-time,29,8,53500,39.8,63.8,3.3,0,0,Tablet,Store,8,500,0.21,3160.0,2014.56,1145.44,36,4.1,2,Yes
184,2025-02-06 16:09:26.588862954,IT,East,Female,High School,Full-time,38,14,103100,38.5,71.2,3.0,3,2,Keyboard,Email,5,60,0.03,291.0,230.47,60.53,28,3.4,2,No
185,2025-02-06 20:58:01.160386796,Customer Support,North,Female,Bachelor,Full-time,20,0,25100,37.4,86.5,2.2,3,1,Monitor,Mobile App,8,250,0.12,1760.0,1389.53,370.47,61,3.2,5,No
186,2025-02-07 01:46:35.731910637,Customer Support,Central,Male,Master,Contract,38,15,88900,40.4,67.5,3.4,4,5,Monitor,Website,7,250,0.05,1662.5,966.2,696.3,40,3.4,3,No
187,2025-02-07 06:35:10.303434478,IT,East,Female,High School,Full-time,30,4,47300,37.5,77.2,4.2,4,1,Keyboard,Website,7,60,0.04,403.2,255.87,147.33,37,4.2,6,No
188,2025-02-07 11:23:44.874958319,Customer Support,South,Female,PhD,Part-time,27,8,80600,36.5,63.9,4.4,2,3,Keyboard,Store,7,60,0.05,399.0,274.56,124.44,39,3.0,8,Yes
189,2025-02-07 16:12:19.446482161,Finance,North,Female,Master,Full-time,27,0,43100,41.1,84.1,3.6,1,1,Tablet,Email,9,500,0.12,3960.0,3072.31,887.69,23,2.4,1,No
190,2025-02-07 21:00:54.018006002,IT,West,Male,Master,Full-time,30,5,78800,40.6,73.1,2.7,6,3,Monitor,Mobile App,6,250,0.06,1410.0,958.23,451.77,37,5.0,5,No
191,2025-02-08 01:49:28.589529843,HR,North,Male,Master,Full-time,37,12,79000,45.1,83.2,2.5,4,1,Keyboard,Mobile App,6,60,0.02,352.8,285.93,66.87,47,3.3,1,No
192,2025-02-08 06:38:03.161053684,IT,South,Female,Bachelor,Part-time,22,0,52800,50.1,88.2,3.0,5,5,Keyboard,Website,11,60,0.2,528.0,401.13,126.87,53,3.9,1,No
193,2025-02-08 11:26:37.732577526,Customer Support,Central,Male,Master,Full-time,30,3,42200,29.5,80.7,2.0,2,2,Tablet,Store,9,500,0.13,3915.0,3155.21,759.79,34,4.6,5,Yes
194,2025-02-08 16:15:12.304101367,Finance,Central,Male,Bachelor,Full-time,34,6,75000,42.6,69.7,1.5,6,1,Tablet,Website,6,500,0.04,2880.0,2129.61,750.39,40,3.0,2,No
195,2025-02-08 21:03:46.875625208,Finance,Central,Female,Master,Full-time,24,3,56000,40.8,69.9,2.4,2,0,Mouse,Website,7,35,0.12,215.6,168.88,46.72,53,3.0,5,No
196,2025-02-09 01:52:21.447149050,Operations,West,Female,Master,Full-time,50,27,140300,46.4,44.6,3.7,1,4,Tablet,Store,7,500,0.02,3430.0,2638.7,791.3,38,3.6,4,No
197,2025-02-09 06:40:56.018672891,HR,East,Female,Master,Full-time,26,0,31300,37.5,77.6,2.2,1,0,Laptop,Email,2,900,0.15,1530.0,912.11,617.89,47,4.7,1,No
198,2025-02-09 11:29:30.590196732,Marketing,East,Female,Master,Full-time,28,5,60400,38.1,85.6,3.8,2,0,Monitor,Mobile App,13,250,0.09,2957.5,1741.56,1215.94,43,4.0,5,No
199,2025-02-09 16:18:05.161720573,Marketing,North,Male,High School,Full-time,25,3,31100,33.5,55.9,2.8,2,3,Mouse,Email,12,35,0.03,407.4,317.49,89.91,30,4.0,5,No
200,2025-02-09 21:06:39.733244415,IT,West,Male,High School,Full-time,50,32,154600,45.1,70.0,4.5,1,1,Laptop,Phone,8,900,0.05,6840.0,3730.56,3109.44,27,3.8,4,No
201,2025-02-10 01:55:14.304768256,Operations,Central,Male,Master,Full-time,39,19,102800,40.7,69.7,3.0,2,2,Keyboard,Phone,12,60,0.09,655.2,421.01,234.19,51,4.4,3,No
202,2025-02-10 06:43:48.876292097,Sales,Central,Male,Bachelor,Full-time,26,2,42600,45.6,78.0,3.1,1,1,Keyboard,Phone,11,60,0.2,528.0,404.55,123.45,18,5.0,5,No
203,2025-02-10 11:32:23.447815939,IT,South,Male,Bachelor,Full-time,44,19,118700,37.8,73.9,2.9,0,4,Mouse,Store,6,35,0.04,201.6,154.02,47.58,30,5.0,1,No
204,2025-02-10 16:20:58.019339780,Operations,South,Male,Bachelor,Contract,36,17,85100,36.6,60.1,2.9,3,1,Tablet,Website,4,500,0.03,1940.0,1089.57,850.43,21,3.9,2,No
205,2025-02-10 21:09:32.590863621,HR,Central,Male,High School,Full-time,36,16,85600,43.6,92.9,3.6,0,4,Smartphone,Email,11,700,0.13,6699.0,4463.63,2235.37,51,5.0,5,No
206,2025-02-11 01:58:07.162387462,HR,Central,Male,High School,Full-time,31,10,68700,38.3,50.3,3.7,5,4,Smartphone,Mobile App,13,700,0.14,7826.0,5196.07,2629.93,54,4.7,6,No
207,2025-02-11 06:46:41.733911304,HR,West,Male,Master,Full-time,27,0,45600,43.2,64.1,3.5,3,0,Keyboard,Phone,7,60,0.02,411.6,254.01,157.59,29,4.2,3,No
208,2025-02-11 11:35:16.305435145,HR,East,Female,Bachelor,Full-time,37,15,104800,42.6,54.7,2.5,4,4,Smartphone,Email,8,700,0.07,5208.0,4141.16,1066.84,71,2.5,5,No
209,2025-02-11 16:23:50.876958986,HR,South,Male,Bachelor,Full-time,29,9,59800,40.5,76.6,3.8,5,4,Headphones,Phone,1,120,0.07,111.6,79.9,31.7,55,3.7,4,No
210,2025-02-11 21:12:25.448482828,Operations,East,Male,PhD,Full-time,50,28,153000,37.0,78.0,2.5,2,5,Mouse,Phone,10,35,0.05,332.5,270.67,61.83,40,3.8,5,No
211,2025-02-12 02:01:00.020006669,Operations,West,Male,High School,Full-time,23,0,48700,41.8,70.5,2.6,4,2,Laptop,Mobile App,13,900,,10764.0,5812.88,4951.12,56,4.3,3,No
212,2025-02-12 06:49:34.591530510,Finance,Central,Female,Bachelor,Full-time,48,23,111100,36.2,56.2,3.0,3,5,Mouse,Store,13,35,0.01,450.45,287.52,162.93,30,3.9,4,No
213,2025-02-12 11:38:09.163054351,Marketing,East,Female,Master,Full-time,33,14,71300,40.5,59.9,4.1,1,3,Monitor,Website,4,250,0.16,840.0,647.25,192.75,35,3.6,4,No
214,2025-02-12 16:26:43.734578193,Customer Support,Central,Male,Master,Contract,37,14,93800,48.4,83.6,2.6,5,1,Tablet,Store,4,500,0.25,1500.0,970.21,529.79,44,5.0,7,No
215,2025-02-12 21:15:18.306102034,HR,Central,Male,Bachelor,Full-time,41,20,114400,46.2,71.0,3.8,3,2,Tablet,Email,10,500,0.16,4200.0,2513.97,1686.03,30,4.9,2,No
216,2025-02-13 02:03:52.877625875,Sales,North,Female,PhD,Part-time,28,2,42000,37.5,66.1,1.4,5,3,Mouse,Store,9,35,0.09,286.65,234.86,51.79,23,2.6,1,No
217,2025-02-13 06:52:27.449149717,Customer Support,East,Male,PhD,Full-time,42,15,99600,41.4,62.9,3.9,2,0,Keyboard,Email,13,60,0.17,647.4,506.23,141.17,27,3.8,10,Yes
218,2025-02-13 11:41:02.020673558,Operations,East,Female,High School,Full-time,18,0,25000,37.3,70.4,4.3,4,2,Keyboard,Email,6,60,0.14,309.6,211.75,97.85,36,4.4,5,Yes
219,2025-02-13 16:29:36.592197399,Sales,Central,Male,High School,Part-time,28,3,45300,41.4,79.4,,3,2,Headphones,Website,4,120,0.21,379.2,261.08,118.12,44,4.9,5,No
220,2025-02-13 21:18:11.163721240,Sales,West,Female,Master,Full-time,26,8,71700,35.4,68.8,3.5,3,0,Headphones,Mobile App,13,120,0.16,1310.4,684.11,626.29,34,3.7,5,No
221,2025-02-14 02:06:45.735245082,Sales,North,Female,Bachelor,Full-time,23,0,48800,36.7,77.6,2.9,1,4,Tablet,Website,1,500,0.16,420.0,342.01,77.99,18,3.8,6,No
222,2025-02-14 06:55:20.306768923,Finance,Central,Male,High School,Full-time,32,9,57400,49.4,51.7,2.7,2,0,Headphones,Store,8,120,0.06,902.4,687.53,214.87,44,4.1,6,No
223,2025-02-14 11:43:54.878292764,Operations,South,Female,Master,Part-time,37,9,80000,40.7,86.7,2.8,3,1,Laptop,Email,11,900,0.1,8910.0,4731.38,4178.62,53,4.5,6,No
224,2025-02-14 16:32:29.449816605,Sales,South,Female,Bachelor,Full-time,40,12,84600,37.8,71.5,3.0,5,0,Headphones,Phone,9,120,0.09,982.8,563.05,419.75,30,2.9,6,No
225,2025-02-14 21:21:04.021340447,HR,North,Female,Bachelor,Full-time,36,9,67000,29.4,59.3,4.2,3,2,Laptop,Phone,5,900,0.0,4500.0,3448.39,1051.61,58,2.6,4,No
226,2025-02-15 02:09:38.592864288,IT,West,Male,High School,Full-time,28,10,59900,40.8,77.7,3.4,2,0,Headphones,Email,5,120,0.08,552.0,301.42,250.58,48,4.9,6,No
227,2025-02-15 06:58:13.164388129,Sales,Central,Male,Master,Full-time,37,18,110700,50.9,74.4,4.1,2,1,Tablet,Website,10,500,0.12,4400.0,3531.16,868.84,25,3.3,8,No
228,2025-02-15 11:46:47.735911971,Finance,East,Female,Bachelor,Full-time,35,15,88900,37.1,57.4,5.0,3,4,Tablet,Mobile App,8,500,0.15,3400.0,2787.89,612.11,30,5.0,4,No
229,2025-02-15 16:35:22.307435812,Customer Support,North,Female,Bachelor,Contract,42,16,73300,38.1,70.4,4.8,3,4,Laptop,Website,8,900,0.23,5544.0,4357.2,1186.8,34,3.4,5,No
230,2025-02-15 21:23:56.878959653,Operations,West,Male,Bachelor,Full-time,41,19,107800,40.2,65.3,3.5,3,3,Mouse,Email,5,35,0.06,164.5,122.0,42.5,36,3.9,3,No
231,2025-02-16 02:12:31.450483494,Finance,East,Male,Bachelor,Full-time,34,7,74400,36.8,55.5,3.1,2,5,Tablet,Email,4,500,0.04,1920.0,1279.07,640.93,18,4.3,4,No
232,2025-02-16 07:01:06.022007336,Sales,South,Male,Master,Full-time,26,0,38500,51.0,66.5,4.2,2,3,Mouse,Mobile App,6,35,0.22,163.8,89.23,74.57,29,2.5,5,Yes
233,2025-02-16 11:49:40.593531177,Operations,South,Female,Master,Full-time,28,9,84000,44.9,58.4,4.2,2,1,Keyboard,Store,10,60,0.24,456.0,337.05,118.95,31,5.0,3,No
234,2025-02-16 16:38:15.165055018,IT,East,Male,Bachelor,Full-time,29,2,62600,43.5,56.1,3.9,1,3,Laptop,Store,5,900,0.12,3960.0,2530.68,1429.32,61,3.7,4,No
235,2025-02-16 21:26:49.736578860,Sales,North,Male,Master,Contract,31,9,75300,50.6,78.5,4.7,2,4,Smartphone,Mobile App,8,700,0.03,5432.0,3753.88,1678.12,41,3.4,5,No
236,2025-02-17 02:15:24.308102701,Finance,South,Male,Master,Contract,36,14,104400,48.5,76.0,,3,5,Tablet,Store,9,500,0.12,3960.0,2407.75,1552.25,28,3.2,7,No
237,2025-02-17 07:03:58.879626542,Marketing,Central,Male,Master,Contract,40,22,128800,40.4,68.7,3.7,3,4,Monitor,Phone,13,250,0.03,3152.5,1868.32,1284.18,33,4.3,2,No
238,2025-02-17 11:52:33.451150383,HR,East,Female,Bachelor,Full-time,34,14,88700,38.6,42.9,3.5,2,3,Keyboard,Store,1,60,0.22,46.8,28.89,17.91,43,4.2,5,No
239,2025-02-17 16:41:08.022674225,Customer Support,East,Female,High School,Full-time,34,12,49400,38.6,71.1,4.0,3,0,Mouse,Store,9,35,0.18,258.3,197.38,60.92,33,3.2,3,No
240,2025-02-17 21:29:42.594198066,Finance,South,Male,Master,Contract,35,9,58800,37.3,81.9,3.1,5,4,Tablet,Store,13,500,0.06,6110.0,3958.96,2151.04,31,3.0,6,No
241,2025-02-18 02:18:17.165721907,Operations,North,Female,High School,Contract,29,2,49600,38.9,87.7,3.8,3,3,Laptop,Phone,9,900,0.22,6318.0,3876.17,2441.83,31,4.7,6,No
242,2025-02-18 07:06:51.737245749,Sales,Central,Male,High School,Contract,26,8,53800,37.4,85.2,2.1,4,3,Smartphone,Store,6,700,0.16,3528.0,2292.82,1235.18,44,3.5,7,No
243,2025-02-18 11:55:26.308769590,HR,North,Female,Bachelor,Contract,18,0,30500,34.4,56.5,3.5,7,1,Headphones,Phone,11,120,0.24,1003.2,531.38,471.82,21,2.8,3,No
244,2025-02-18 16:44:00.880293431,Sales,West,Male,PhD,Full-time,28,10,106000,27.9,61.9,4.9,0,1,Smartphone,Mobile App,10,700,0.25,5250.0,4132.7,1117.3,25,3.9,4,No
245,2025-02-18 21:32:35.451817272,Operations,West,Male,Bachelor,Full-time,38,12,73400,45.2,69.8,3.1,6,4,Monitor,Website,5,250,0.0,1250.0,856.91,393.09,27,3.7,6,No
246,2025-02-19 02:21:10.023341114,Sales,South,Female,Bachelor,Full-time,28,5,53300,26.7,71.0,3.4,3,2,Mouse,Mobile App,7,35,0.03,237.65,131.05,106.6,25,5.0,5,No
247,2025-02-19 07:09:44.594864955,Marketing,South,Male,Bachelor,Full-time,32,14,85100,41.8,72.4,4.4,2,3,Keyboard,Website,11,60,0.14,567.6,344.26,223.34,28,3.6,1,No
248,2025-02-19 11:58:19.166388796,HR,South,Male,Master,Full-time,38,13,85600,44.8,86.6,3.9,2,0,Smartphone,Mobile App,8,700,0.24,4256.0,3468.92,787.08,49,3.8,3,No
249,2025-02-19 16:46:53.737912638,HR,West,Female,Bachelor,Part-time,39,17,106600,42.2,74.5,2.1,3,2,Laptop,Website,9,900,0.25,6075.0,4239.85,1835.15,50,,5,No
250,2025-02-19 21:35:28.309436479,Operations,North,Male,Bachelor,Part-time,24,0,34600,39.3,87.8,3.4,1,3,Monitor,Website,9,250,0.14,1935.0,1175.36,759.64,41,3.6,4,Yes
251,2025-02-20 02:24:02.880960320,Customer Support,North,Female,Bachelor,Full-time,43,19,106000,41.1,61.9,3.8,3,2,Laptop,Email,10,900,0.04,8640.0,5597.89,3042.11,41,4.3,6,No
252,2025-02-20 07:12:37.452484161,Marketing,South,Male,Bachelor,Full-time,44,20,106600,37.8,66.9,4.6,2,3,Tablet,Website,11,500,0.04,5280.0,3155.02,2124.98,30,3.3,6,No
253,2025-02-20 12:01:12.024008003,Finance,Central,Male,High School,Full-time,24,1,50200,39.5,66.5,4.4,3,3,Headphones,Website,3,120,0.19,291.6,154.41,137.19,18,3.8,4,No
254,2025-02-20 16:49:46.595531844,Sales,North,Female,High School,Full-time,27,0,25000,38.4,71.3,3.4,4,2,Keyboard,Email,13,60,0.15,663.0,512.24,150.76,40,4.3,5,No
255,2025-02-20 21:38:21.167055685,IT,West,Female,Master,Full-time,45,20,104700,36.6,54.4,4.0,3,1,Laptop,Store,8,900,0.14,6192.0,3763.15,2428.85,42,4.8,7,No
256,2025-02-21 02:26:55.738579526,Sales,East,Male,Bachelor,Full-time,33,7,61800,45.9,97.0,3.4,0,3,Mouse,Store,1,35,0.12,30.8,23.76,7.04,30,3.6,6,No
257,2025-02-21 07:15:30.310103368,Sales,East,Male,Master,Full-time,18,0,36400,44.4,73.3,3.1,4,4,Tablet,Email,7,500,0.18,2870.0,1904.44,965.56,25,3.6,2,No
258,2025-02-21 12:04:04.881627209,Finance,East,Female,High School,Full-time,21,0,51200,39.3,57.1,4.4,1,2,Tablet,Phone,12,500,0.21,4740.0,2724.88,2015.12,23,5.0,4,No
259,2025-02-21 16:52:39.453151050,Sales,Central,Female,Bachelor,Full-time,32,13,81800,40.2,57.9,4.3,3,5,Keyboard,Website,5,60,0.08,276.0,209.91,66.09,40,3.6,4,No
260,2025-02-21 21:41:14.024674892,Marketing,South,Male,Bachelor,Part-time,24,1,41500,36.3,73.0,3.7,8,1,Tablet,Website,13,500,0.06,6110.0,3868.45,2241.55,39,4.0,2,No
261,2025-02-22 02:29:48.596198733,Marketing,West,Male,High School,Full-time,30,11,66700,41.8,79.7,3.0,4,0,Mouse,Email,13,35,0.17,377.65,276.56,101.09,52,5.0,6,No
262,2025-02-22 07:18:23.167722574,HR,Central,Male,Bachelor,Contract,34,7,53600,39.5,84.2,3.5,5,3,Laptop,Email,2,900,0.23,1386.0,1068.84,317.16,28,4.0,3,No
263,2025-02-22 12:06:57.739246416,Operations,West,Female,High School,Full-time,47,24,117500,38.3,72.6,3.5,6,5,Keyboard,Phone,2,60,0.09,109.2,88.33,20.87,35,3.8,4,No
264,2025-02-22 16:55:32.310770257,Customer Support,West,Male,Master,Full-time,31,12,91100,41.3,79.9,4.2,2,3,Tablet,Store,8,500,0.07,3720.0,2030.17,1689.83,38,3.9,6,No
265,2025-02-22 21:44:06.882294098,IT,South,Female,Bachelor,Full-time,44,26,136200,40.4,76.4,3.3,3,5,Tablet,Mobile App,5,500,0.06,2350.0,1227.91,1122.09,31,3.5,3,No
266,2025-02-23 02:32:41.453817940,Sales,East,Male,Bachelor,Contract,47,23,114100,35.8,70.6,3.5,5,4,Mouse,Store,14,35,0.06,460.6,315.29,145.31,48,4.3,3,No
267,2025-02-23 07:21:16.025341781,Sales,South,Female,High School,Full-time,47,27,133700,44.5,67.6,3.6,3,1,Headphones,Website,12,120,0.03,1396.8,837.06,559.74,53,3.4,5,No
268,2025-02-23 12:09:50.596865622,Finance,Central,Male,Bachelor,Full-time,37,16,83800,44.9,72.4,3.3,3,3,Headphones,Email,11,120,0.15,1122.0,741.34,380.66,25,4.5,3,No
269,2025-02-23 16:58:25.168389463,Operations,Central,Female,Bachelor,Part-time,18,0,48700,36.6,70.5,3.7,4,5,Smartphone,Phone,3,700,0.07,1953.0,1058.13,894.87,33,4.0,7,Yes
270,2025-02-23 21:46:59.739913305,Marketing,Central,Female,Bachelor,Part-time,38,16,84700,56.0,71.9,3.6,3,1,Tablet,Store,1,500,0.15,425.0,284.95,140.05,54,4.2,2,Yes
271,2025-02-24 02:35:34.311437146,IT,South,Male,High School,Full-time,43,22,128500,35.3,77.8,2.8,5,3,Laptop,Phone,11,900,0.02,9702.0,5408.44,4293.56,42,5.0,1,No
272,2025-02-24 07:24:08.882960987,HR,West,Female,High School,Part-time,33,7,57100,43.1,93.1,3.1,4,5,Keyboard,Store,7,60,0.03,407.4,314.34,93.06,39,3.0,6,No
273,2025-02-24 12:12:43.454484828,Marketing,West,Female,Bachelor,Contract,50,27,111700,42.8,58.9,2.4,5,0,Tablet,Website,11,500,0.13,4785.0,3578.44,1206.56,42,4.0,3,Yes
274,2025-02-24 17:01:18.026008670,Operations,North,Female,Bachelor,Full-time,42,19,104600,43.6,73.2,2.9,4,5,Monitor,Mobile App,12,250,0.13,2610.0,1415.2,1194.8,46,4.4,2,No
275,2025-02-24 21:49:52.597532511,Customer Support,Central,Male,High School,Part-time,39,20,109800,48.5,76.6,4.6,5,4,Keyboard,Phone,3,60,0.07,167.4,129.05,38.35,43,3.6,5,No
276,2025-02-25 02:38:27.169056352,HR,West,Male,Bachelor,Full-time,44,21,105800,38.6,67.2,4.0,2,0,Smartphone,Phone,7,700,0.21,3871.0,2390.29,1480.71,41,4.7,5,No
277,2025-02-25 07:27:01.740580194,Customer Support,North,Male,Bachelor,Full-time,37,13,76600,40.2,86.0,2.9,3,0,Headphones,Mobile App,12,120,0.05,1368.0,856.17,511.83,38,3.6,2,No
278,2025-02-25 12:15:36.312104035,Finance,West,Male,Bachelor,Full-time,18,0,36100,42.1,65.7,3.3,2,5,Tablet,Phone,2,500,0.09,910.0,522.29,387.71,54,4.2,6,No
279,2025-02-25 17:04:10.883627876,Finance,Central,Female,Bachelor,Full-time,30,5,71300,31.6,80.8,2.8,2,2,Mouse,Phone,4,35,0.14,120.4,92.78,27.62,35,3.9,6,No
280,2025-02-25 21:52:45.455151717,Sales,East,Female,Bachelor,Contract,45,19,99300,40.7,88.4,4.1,1,0,Monitor,Store,2,250,0.22,390.0,250.15,139.85,38,4.1,8,Yes
281,2025-02-26 02:41:20.026675559,Customer Support,Central,Male,High School,Contract,27,0,44100,42.0,77.2,3.7,2,4,Tablet,Store,4,500,0.1,1800.0,962.37,837.63,57,4.1,3,No
282,2025-02-26 07:29:54.598199400,Operations,South,Female,High School,Part-time,32,4,57400,36.5,69.7,4.0,5,4,Smartphone,Mobile App,5,700,0.1,3150.0,2551.11,598.89,42,4.0,4,No
283,2025-02-26 12:18:29.169723241,IT,West,Female,Bachelor,Contract,25,5,77500,50.9,78.2,3.2,2,5,Laptop,Website,14,900,0.14,10836.0,6466.56,4369.44,37,3.7,4,No
284,2025-02-26 17:07:03.741247083,HR,West,Male,Bachelor,Full-time,50,23,116200,41.3,66.8,4.3,3,3,Monitor,Phone,8,250,0.08,1840.0,1473.57,366.43,46,3.5,3,No
285,2025-02-26 21:55:38.312770924,Marketing,South,Male,Bachelor,Contract,49,25,119100,36.3,62.8,2.5,3,5,Smartphone,Website,2,700,0.18,1148.0,700.71,447.29,41,4.2,5,No
286,2025-02-27 02:44:12.884294765,Operations,South,Female,Master,Full-time,26,2,56300,37.1,76.8,3.0,2,0,Tablet,Mobile App,10,500,0.06,4700.0,3616.31,1083.69,29,4.0,5,No
287,2025-02-27 07:32:47.455818606,Operations,East,Male,Master,Full-time,35,17,118500,36.0,81.7,3.2,4,1,Laptop,Mobile App,3,900,0.21,2133.0,1534.19,598.81,41,3.5,5,No
288,2025-02-27 12:21:22.027342448,Finance,West,Female,Bachelor,Full-time,28,3,69500,36.2,73.2,4.1,0,2,Monitor,Store,10,250,0.07,2325.0,1809.75,515.25,28,4.2,3,No
289,2025-02-27 17:09:56.598866289,Customer Support,West,Female,Master,Full-time,40,19,89800,41.7,79.3,3.1,1,5,Laptop,Phone,12,900,0.25,8100.0,6583.97,1516.03,60,3.7,4,No
290,2025-02-27 21:58:31.170390130,Sales,East,Male,Bachelor,Contract,39,17,120800,42.1,100.0,2.7,3,2,Laptop,Email,13,900,0.08,10764.0,8411.48,2352.52,41,5.0,3,No
291,2025-02-28 02:47:05.741913972,Sales,North,Male,Bachelor,Full-time,41,18,102300,42.3,87.9,3.5,4,2,Monitor,Mobile App,5,250,0.22,975.0,625.07,349.93,27,5.0,2,No
292,2025-02-28 07:35:40.313437813,HR,East,Female,PhD,Contract,37,17,118500,43.4,64.7,5.0,4,4,Monitor,Phone,11,250,0.1,2475.0,1891.77,583.23,33,5.0,4,No
293,2025-02-28 12:24:14.884961654,Finance,Central,Male,Master,Full-time,60,38,174900,42.1,74.4,2.7,3,4,Laptop,Website,12,900,0.06,10152.0,7446.44,2705.56,47,4.9,7,Yes
294,2025-02-28 17:12:49.456485495,Operations,West,Female,PhD,Part-time,25,0,46300,50.9,75.9,4.5,2,3,Smartphone,Store,12,700,0.06,7896.0,4251.85,3644.15,25,4.6,8,No
295,2025-02-28 22:01:24.028009337,IT,South,Female,High School,Part-time,19,0,30100,44.5,61.1,3.5,2,0,Headphones,Website,9,120,0.21,853.2,681.65,171.55,71,3.9,7,No
296,2025-03-01 02:49:58.599533178,Finance,Central,Male,High School,Full-time,30,12,95300,34.8,80.0,3.5,3,4,Monitor,Mobile App,10,250,0.08,2300.0,1517.51,782.49,21,2.7,3,No
297,2025-03-01 07:38:33.171057019,HR,West,Male,Bachelor,Full-time,20,0,28800,40.2,62.2,3.0,3,2,Tablet,Mobile App,11,500,0.08,5060.0,2835.3,2224.7,49,3.3,5,No
298,2025-03-01 12:27:07.742580861,HR,East,Male,Bachelor,Part-time,21,1,37700,34.4,80.7,4.0,8,4,Keyboard,Website,5,60,0.05,285.0,184.57,100.43,32,3.5,1,No
299,2025-03-01 17:15:42.314104702,Finance,Central,Male,High School,Full-time,25,7,59800,40.1,97.1,4.3,3,5,Mouse,Mobile App,14,35,0.24,372.4,261.03,111.37,28,4.8,4,No
300,2025-03-01 22:04:16.885628543,HR,West,Female,Master,Full-time,26,2,39800,33.0,70.4,4.7,3,0,Laptop,Phone,9,900,0.06,7614.0,5268.0,2346.0,44,4.2,3,No
301,2025-03-02 02:52:51.457152384,Finance,North,Male,Bachelor,Full-time,25,7,65700,38.8,77.7,3.7,5,4,Laptop,Mobile App,4,900,0.06,3384.0,2343.21,1040.79,33,3.5,8,No
302,2025-03-02 07:41:26.028676226,Marketing,North,Male,Bachelor,Full-time,39,15,89300,39.5,75.8,2.9,1,5,Mouse,Store,10,35,0.24,266.0,158.74,107.26,57,2.7,5,No
303,2025-03-02 12:30:00.600200067,Finance,South,Male,Bachelor,Full-time,29,8,82200,33.3,59.9,4.9,5,0,Headphones,Phone,5,120,0.23,462.0,327.93,134.07,21,5.0,4,Yes
304,2025-03-02 17:18:35.171723908,Customer Support,West,Female,Bachelor,Full-time,32,6,44500,40.1,62.4,3.1,0,3,Mouse,Email,9,35,0.06,296.1,234.58,61.52,45,4.4,4,No
305,2025-03-02 22:07:09.743247750,Finance,North,Male,High School,Contract,42,18,95700,38.1,76.7,2.9,4,4,Monitor,Mobile App,4,250,0.22,780.0,496.55,283.45,35,4.6,3,No
306,2025-03-03 02:55:44.314771591,HR,East,Male,PhD,Full-time,27,5,74500,34.5,73.7,3.7,1,0,Mouse,Mobile App,5,35,0.06,164.5,116.66,47.84,42,3.6,5,No
307,2025-03-03 07:44:18.886295432,Customer Support,West,Male,Bachelor,Part-time,32,8,61400,44.6,70.3,2.7,3,5,Laptop,Store,5,900,0.02,4410.0,2615.99,1794.01,44,3.9,3,No
308,2025-03-03 12:32:53.457819273,HR,East,Male,High School,Full-time,37,11,69100,38.3,84.1,3.1,1,5,Mouse,Store,4,35,0.21,110.6,59.11,51.49,18,3.8,5,No
309,2025-03-03 17:21:28.029343115,Sales,East,Male,Master,Contract,18,0,35300,45.6,78.1,4.0,2,0,Keyboard,Website,4,60,0.19,194.4,135.25,59.15,41,4.0,7,No
310,2025-03-03 22:10:02.600866956,Sales,North,Female,PhD,Full-time,18,0,61000,41.0,100.0,5.0,0,5,Tablet,Website,11,500,0.07,5115.0,2732.77,2382.23,51,5.0,4,No
311,2025-03-04 02:58:37.172390797,Customer Support,West,Female,Master,Full-time,37,19,119200,38.0,59.9,4.0,3,1,Monitor,Website,5,250,0.02,1225.0,902.92,322.08,44,3.2,3,Yes
312,2025-03-04 07:47:11.743914638,Marketing,Central,Female,Master,Part-time,38,15,107400,35.2,66.8,4.4,0,3,Mouse,Store,12,35,0.05,399.0,287.72,111.28,34,4.0,4,No
313,2025-03-04 12:35:46.315438480,Sales,North,Male,Bachelor,Full-time,53,35,157800,34.1,90.9,3.1,3,4,Laptop,Website,6,900,0.19,4374.0,2759.11,1614.89,21,4.3,6,Yes
314,2025-03-04 17:24:20.886962321,Finance,North,Male,Master,Full-time,35,14,75800,40.9,93.9,3.7,1,1,Smartphone,Website,7,700,0.24,3724.0,2395.97,1328.03,44,3.9,4,No
315,2025-03-04 22:12:55.458486162,HR,West,Female,High School,Full-time,41,16,88100,41.8,60.8,2.0,2,4,Tablet,Email,6,500,0.06,2820.0,2242.83,577.17,61,4.7,3,No
316,2025-03-05 03:01:30.030010004,Sales,West,Male,Master,Full-time,32,10,79900,35.8,66.9,2.4,2,2,Monitor,Website,1,250,0.2,200.0,104.79,95.21,46,2.8,6,No
317,2025-03-05 07:50:04.601533845,Sales,East,Female,Master,Full-time,37,15,87300,34.0,69.7,3.6,0,2,Laptop,Mobile App,2,900,0.06,1692.0,1165.77,526.23,52,5.0,3,No
318,2025-03-05 12:38:39.173057686,Marketing,West,Male,High School,Full-time,49,22,100600,43.5,90.3,3.8,6,0,Headphones,Store,7,120,0.17,697.2,555.67,141.53,49,3.0,4,No
319,2025-03-05 17:27:13.744581527,Customer Support,East,Female,Bachelor,Full-time,18,0,25000,43.7,70.2,4.2,3,1,Keyboard,Phone,14,60,0.02,823.2,653.78,169.42,33,3.2,4,No
320,2025-03-05 22:15:48.316105369,Customer Support,North,Female,Bachelor,Full-time,38,13,81000,35.9,69.8,3.3,1,0,Headphones,Email,3,120,0.15,306.0,212.79,93.21,39,3.7,2,No
321,2025-03-06 03:04:22.887629210,Operations,South,Male,Master,Full-time,53,28,135600,39.1,68.6,4.7,6,0,Keyboard,Store,12,60,0.07,669.6,424.77,244.83,48,3.5,1,Yes
322,2025-03-06 07:52:57.459153051,Marketing,Central,Male,High School,Full-time,37,19,99000,42.6,73.4,3.9,3,0,Mouse,Store,10,35,0.23,269.5,148.14,121.36,19,4.3,5,No
323,2025-03-06 12:41:32.030676893,Finance,North,Male,Master,Full-time,49,27,165900,34.5,76.5,2.0,3,2,Monitor,Mobile App,11,250,0.07,2557.5,1463.24,1094.26,46,4.2,1,No
324,2025-03-06 17:30:06.602200734,Customer Support,West,Male,High School,Part-time,28,6,47300,35.6,96.4,2.1,4,5,Mouse,Website,13,35,0.1,409.5,296.44,113.06,53,4.1,2,No
325,2025-03-06 22:18:41.173724575,HR,Central,Male,Bachelor,Full-time,34,9,56100,44.1,91.0,3.6,5,0,Keyboard,Mobile App,2,60,0.21,94.8,49.77,45.03,37,3.0,6,Yes
326,2025-03-07 03:07:15.745248416,Marketing,South,Female,Master,Full-time,34,16,85900,35.5,57.9,3.3,0,5,Keyboard,Website,6,60,0.11,320.4,251.53,68.87,48,3.9,5,Yes
327,2025-03-07 07:55:50.316772258,Sales,South,Male,Bachelor,Full-time,18,0,40000,40.3,69.6,3.7,4,5,Keyboard,Website,11,60,0.06,620.4,432.03,188.37,31,4.0,4,No
328,2025-03-07 12:44:24.888296099,HR,East,Female,Bachelor,Contract,23,0,53000,40.5,72.3,3.2,1,0,Tablet,Store,4,500,0.14,1720.0,917.7,802.3,38,4.9,2,No
329,2025-03-07 17:32:59.459819940,HR,Central,Male,High School,Full-time,24,0,25000,34.0,66.2,3.0,2,0,Laptop,Website,12,900,0.21,8532.0,5050.35,3481.65,35,4.1,3,No
330,2025-03-07 22:21:34.031343782,Sales,East,Female,Master,Full-time,41,22,101600,44.9,85.0,2.9,1,0,Monitor,Email,11,250,0.11,2447.5,1708.99,738.51,44,4.3,5,No
331,2025-03-08 03:10:08.602867623,Marketing,North,Female,PhD,Full-time,42,22,145400,32.2,89.5,3.5,3,1,Mouse,Email,5,35,0.03,169.75,90.08,79.67,37,5.0,4,No
332,2025-03-08 07:58:43.174391464,Sales,Central,Female,Master,Contract,37,16,122600,41.4,65.8,4.2,2,4,Mouse,Email,6,35,0.1,189.0,142.51,46.49,18,3.2,2,No
333,2025-03-08 12:47:17.745915305,Operations,North,Male,Master,Full-time,41,23,132300,37.7,72.2,2.6,1,1,Headphones,Store,3,120,0.24,273.6,217.78,55.82,29,3.7,2,No
334,2025-03-08 17:35:52.317439147,HR,East,Female,High School,Full-time,33,9,65400,40.5,83.7,3.4,2,3,Keyboard,Mobile App,1,60,0.02,58.8,47.53,11.27,61,3.2,3,No
335,2025-03-08 22:24:26.888962988,IT,Central,Male,Bachelor,Full-time,45,18,111600,38.8,85.9,4.6,3,5,Smartphone,Phone,3,700,0.1,1890.0,1398.78,491.22,45,5.0,5,No
336,2025-03-09 03:13:01.460486829,IT,East,Female,High School,Part-time,34,14,98100,34.3,65.4,2.1,2,1,Keyboard,Website,3,60,0.16,151.2,117.49,33.71,18,5.0,4,No
337,2025-03-09 08:01:36.032010670,Finance,Central,Male,Bachelor,Full-time,35,15,101200,38.5,78.2,4.0,6,5,Keyboard,Phone,6,60,0.02,352.8,248.09,104.71,52,5.0,2,No
338,2025-03-09 12:50:10.603534512,Customer Support,East,Female,Bachelor,Full-time,32,12,77500,42.4,63.0,3.3,4,5,Smartphone,Mobile App,4,700,0.09,2548.0,1675.47,872.53,24,4.4,7,No
339,2025-03-09 17:38:45.175058353,Sales,South,Male,Bachelor,Contract,40,15,80900,38.8,85.7,2.9,5,5,Mouse,Mobile App,7,35,0.24,186.2,136.66,49.54,49,4.3,3,No
340,2025-03-09 22:27:19.746582194,Sales,East,Male,Bachelor,Contract,30,4,53500,37.6,62.5,3.1,7,3,Headphones,Store,13,120,0.01,1544.4,906.96,637.44,54,3.7,5,No
341,2025-03-10 03:15:54.318106036,Finance,South,Female,Bachelor,Contract,43,16,98100,30.1,73.5,4.3,4,2,Laptop,Email,11,900,0.19,8019.0,4433.99,3585.01,39,4.5,2,No
342,2025-03-10 08:04:28.889629877,Finance,East,Female,Master,Full-time,24,5,60300,35.6,65.8,3.4,1,4,Smartphone,Email,2,700,0.21,1106.0,827.9,278.1,26,3.1,9,No
343,2025-03-10 12:53:03.461153718,Finance,Central,Male,PhD,Full-time,24,0,62500,36.3,59.2,2.6,3,0,Tablet,Mobile App,12,500,0.07,5580.0,4505.6,1074.4,29,3.1,7,No
344,2025-03-10 17:41:38.032677559,HR,Central,Female,Bachelor,Full-time,40,13,76100,44.2,64.6,2.8,3,3,Monitor,Store,4,250,0.05,950.0,658.58,291.42,46,3.7,2,No
345,2025-03-10 22:30:12.604201401,Operations,Central,Male,Master,Part-time,33,15,98100,38.1,67.5,3.1,3,2,Smartphone,Store,8,700,0.23,4312.0,2866.46,1445.54,24,5.0,4,No
346,2025-03-11 03:18:47.175725242,Sales,West,Male,Master,Part-time,30,4,62100,42.5,88.2,4.2,4,4,Laptop,Website,11,900,0.19,8019.0,5455.5,2563.5,31,3.6,2,No
347,2025-03-11 08:07:21.747249083,HR,North,Female,Bachelor,Contract,42,19,106900,36.1,65.9,3.1,1,3,Mouse,Email,6,35,0.03,203.7,135.16,68.54,44,3.7,3,No
348,2025-03-11 12:55:56.318772925,Finance,Central,Male,High School,Contract,29,3,44300,29.7,72.9,3.5,2,2,Tablet,Mobile App,10,500,0.05,4750.0,3100.14,1649.86,30,4.2,5,No
349,2025-03-11 17:44:30.890296766,Sales,South,Female,High School,Part-time,32,9,67600,44.9,63.3,2.9,4,0,Tablet,Phone,3,500,0.16,1260.0,1013.18,246.82,55,4.6,6,No
350,2025-03-11 22:33:05.461820607,HR,Central,Male,Bachelor,Full-time,47,28,139100,36.1,84.0,3.2,4,2,Tablet,Email,10,500,0.1,4500.0,2987.68,1512.32,26,4.9,2,No
351,2025-03-12 03:21:40.033344448,Operations,West,Male,Master,Full-time,48,30,158800,44.7,85.7,3.4,0,2,Keyboard,Website,12,60,0.13,626.4,340.97,285.43,18,3.2,3,No
352,2025-03-12 08:10:14.604868290,HR,South,Male,Master,Full-time,48,23,125200,38.9,82.2,2.8,5,0,Monitor,Store,2,250,0.24,380.0,284.87,95.13,29,3.9,6,No
353,2025-03-12 12:58:49.176392131,Operations,West,Male,PhD,Full-time,31,11,98900,46.9,67.4,2.9,2,5,Mouse,Mobile App,3,35,0.11,93.45,59.57,33.88,42,,7,No
354,2025-03-12 17:47:23.747915972,Finance,South,Female,High School,Full-time,45,27,128700,55.9,63.4,3.1,1,5,Mouse,Email,1,35,0.22,27.3,20.02,7.28,48,4.2,2,No
355,2025-03-12 22:35:58.319439814,Operations,East,Male,PhD,Part-time,25,0,78200,42.2,60.0,4.7,5,3,Tablet,Phone,1,500,0.17,415.0,287.96,127.04,33,4.6,6,No
356,2025-03-13 03:24:32.890963655,Sales,North,Female,Bachelor,Full-time,26,8,64400,33.2,82.0,3.5,2,2,Mouse,Website,2,35,0.03,67.9,49.84,18.06,35,4.6,2,No
357,2025-03-13 08:13:07.462487496,Finance,North,Male,Master,Part-time,18,0,60100,42.7,66.0,2.8,4,0,Monitor,Website,14,250,0.19,2835.0,1526.93,1308.07,38,4.0,3,No
358,2025-03-13 13:01:42.034011337,Sales,West,Male,High School,Part-time,49,31,136100,41.9,83.1,4.2,2,3,Monitor,Email,3,250,0.13,652.5,345.93,306.57,59,4.8,2,No
359,2025-03-13 17:50:16.605535179,IT,North,Female,High School,Full-time,26,0,46400,33.8,60.9,4.2,3,0,Headphones,Phone,13,120,0.06,1466.4,929.06,537.34,43,4.7,3,No
360,2025-03-13 22:38:51.177059020,Marketing,West,Male,Bachelor,Full-time,33,7,63500,36.7,69.3,2.8,2,1,Smartphone,Website,9,700,0.07,5859.0,4265.06,1593.94,32,4.6,8,No
361,2025-03-14 03:27:25.748582861,Operations,West,Male,Master,Full-time,26,0,49800,37.8,66.1,4.8,3,3,Smartphone,Mobile App,8,700,0.14,4816.0,2827.5,1988.5,63,3.6,4,No
362,2025-03-14 08:16:00.320106703,Marketing,West,Female,Bachelor,Full-time,40,20,98400,41.8,62.7,,1,1,Headphones,Website,12,120,0.15,1224.0,795.62,428.38,38,4.5,3,No
363,2025-03-14 13:04:34.891630544,Marketing,North,Male,High School,Full-time,31,10,69500,35.4,49.3,3.8,2,5,Laptop,Phone,11,900,0.24,7524.0,6126.36,1397.64,18,4.8,3,No
364,2025-03-14 17:53:09.463154385,Operations,West,Male,Master,Full-time,22,0,40700,34.8,54.8,3.8,3,2,Smartphone,Store,11,700,0.21,6083.0,3555.28,2527.72,21,3.6,3,Yes
365,2025-03-14 22:41:44.034678226,Finance,North,Male,PhD,Full-time,38,15,119900,34.1,86.7,3.8,5,2,Monitor,Store,9,250,0.05,2137.5,1655.24,482.26,45,4.1,2,No
366,2025-03-15 03:30:18.606202068,IT,West,Female,High School,Full-time,21,0,35100,30.6,61.1,3.4,5,2,Monitor,Email,7,250,0.19,1417.5,1088.13,329.37,18,5.0,4,No
367,2025-03-15 08:18:53.177725909,Sales,Central,Female,Master,Full-time,26,0,46800,43.1,80.7,4.0,1,3,Smartphone,Phone,7,700,0.0,4900.0,3858.29,1041.71,44,4.3,4,No
368,2025-03-15 13:07:27.749249750,HR,West,Female,,Full-time,18,0,34700,40.4,72.2,3.2,2,4,Monitor,Website,5,250,0.03,1212.5,963.38,249.12,29,3.9,3,No
369,2025-03-15 17:56:02.320773592,Sales,South,Female,Bachelor,Full-time,21,0,53700,43.9,67.5,4.8,6,3,Headphones,Website,7,120,0.05,798.0,536.41,261.59,52,5.0,3,No
370,2025-03-15 22:44:36.892297433,HR,West,Female,Bachelor,Full-time,36,18,108100,36.4,66.5,1.9,2,3,Tablet,Store,4,500,0.15,1700.0,1231.79,468.21,40,3.7,4,No
371,2025-03-16 03:33:11.463821274,Sales,East,Female,Bachelor,Contract,18,0,49400,36.3,70.9,2.8,2,4,Tablet,Store,5,500,0.05,2375.0,1675.96,699.04,18,2.8,3,No
372,2025-03-16 08:21:46.035345115,Operations,West,Female,,Full-time,21,0,31100,41.7,80.7,3.8,2,3,Mouse,Mobile App,12,35,0.09,382.2,234.17,148.03,49,3.5,4,No
373,2025-03-16 13:10:20.606868957,IT,South,Female,Bachelor,Part-time,34,13,90000,44.4,56.0,3.4,4,5,Tablet,Store,1,500,0.06,470.0,283.85,186.15,54,4.8,3,No
374,2025-03-16 17:58:55.178392798,HR,South,Male,Bachelor,Full-time,29,2,42000,44.9,71.1,3.1,3,1,Keyboard,Mobile App,11,60,0.08,607.2,377.96,229.24,23,4.4,1,No
375,2025-03-16 22:47:29.749916639,Customer Support,North,Female,Master,Full-time,52,28,148300,34.4,77.0,3.6,2,4,Headphones,Website,4,120,0.24,364.8,213.6,151.2,28,4.0,6,No
376,2025-03-17 03:36:04.321440480,Finance,Central,Male,Master,Full-time,51,30,158400,44.7,81.7,2.5,2,4,Monitor,Mobile App,3,250,0.25,562.5,420.31,142.19,44,4.7,1,Yes
377,2025-03-17 08:24:38.892964322,Sales,West,Male,Bachelor,Contract,26,0,30300,47.5,85.1,2.7,3,1,Smartphone,Mobile App,2,700,0.17,1162.0,940.49,221.51,46,4.1,1,No
378,2025-03-17 13:13:13.464488163,Sales,North,Male,High School,Part-time,39,13,71100,42.1,69.6,3.4,3,4,Tablet,Email,2,500,0.14,860.0,671.09,188.91,66,3.8,6,No
379,2025-03-17 18:01:48.036012004,HR,Central,Male,Bachelor,Full-time,41,20,115700,45.8,53.8,3.8,3,4,Headphones,Store,8,120,0.18,787.2,460.81,326.39,49,4.6,2,No
380,2025-03-17 22:50:22.607535846,Finance,West,Male,Master,Contract,29,4,67700,42.6,77.3,2.9,2,1,Tablet,Mobile App,1,500,0.19,405.0,216.91,188.09,67,3.7,1,No
381,2025-03-18 03:38:57.179059687,Finance,East,Female,Bachelor,Full-time,21,0,43500,34.4,70.5,2.1,3,0,Laptop,Website,8,900,0.18,5904.0,4411.04,1492.96,38,4.3,7,No
382,2025-03-18 08:27:31.750583528,Operations,West,Female,Bachelor,Full-time,34,16,93700,44.7,87.7,3.7,1,0,Monitor,Phone,9,250,0.02,2205.0,1404.73,800.27,43,3.4,3,No
383,2025-03-18 13:16:06.322107369,Customer Support,South,Male,Bachelor,Full-time,32,8,69100,41.9,74.6,3.9,6,5,Laptop,Mobile App,6,900,0.08,4968.0,3812.36,1155.64,31,3.3,6,No
384,2025-03-18 18:04:40.893631211,Operations,South,Female,Bachelor,Full-time,30,12,70500,34.9,87.8,2.6,2,0,Monitor,Store,1,250,0.09,227.5,171.48,56.02,32,3.4,2,No
385,2025-03-18 22:53:15.465155052,Operations,East,Female,Bachelor,Full-time,38,18,101500,37.2,65.2,3.2,4,1,Headphones,Email,10,120,0.09,1092.0,772.72,319.28,40,4.0,1,No
386,2025-03-19 03:41:50.036678893,Operations,North,Female,Master,Full-time,27,2,53000,42.1,87.8,4.2,2,2,Mouse,Website,12,35,0.09,382.2,228.02,154.18,31,3.5,3,No
387,2025-03-19 08:30:24.608202735,Operations,Central,Female,Master,Contract,24,0,33800,52.0,74.0,2.6,4,3,Tablet,Email,7,500,0.2,2800.0,1543.39,1256.61,18,3.6,2,No
388,2025-03-19 13:18:59.179726576,Operations,West,Female,Bachelor,Full-time,35,15,88600,49.0,77.4,3.5,2,4,Tablet,Phone,5,500,0.19,2025.0,1206.48,818.52,30,3.9,5,No
389,2025-03-19 18:07:33.751250417,IT,South,Male,Bachelor,Part-time,37,19,135100,30.0,49.7,3.0,2,1,Keyboard,Mobile App,9,60,0.0,540.0,363.38,176.62,51,3.9,5,No
390,2025-03-19 22:56:08.322774258,Finance,North,Male,Master,Full-time,23,5,60000,40.0,86.4,5.0,2,3,Smartphone,Mobile App,7,700,0.07,4557.0,3708.66,848.34,39,2.9,6,No
391,2025-03-20 03:44:42.894298100,Operations,East,Male,Bachelor,Full-time,42,18,102100,47.4,69.6,2.5,6,1,Laptop,Store,5,900,0.16,3780.0,2037.82,1742.18,39,2.2,3,No
392,2025-03-20 08:33:17.465821941,Finance,South,Male,Bachelor,Full-time,18,0,25000,38.0,78.4,2.0,8,4,Tablet,Mobile App,13,500,0.03,6305.0,3657.04,2647.96,29,4.3,7,No
393,2025-03-20 13:21:52.037345782,Finance,East,Male,Master,Full-time,29,11,87200,37.5,67.7,4.0,3,2,Headphones,Website,2,120,0.02,235.2,166.56,68.64,42,4.1,2,No
394,2025-03-20 18:10:26.608869624,Marketing,West,Female,Master,Contract,32,9,64800,37.3,87.0,3.2,6,1,Mouse,Phone,14,35,0.21,387.1,236.64,150.46,58,3.0,4,No
395,2025-03-20 22:59:01.180393465,IT,Central,Female,High School,Full-time,28,5,57300,44.2,74.9,2.7,5,3,Smartphone,Email,4,700,0.11,2492.0,1937.66,554.34,55,4.3,4,No
396,2025-03-21 03:47:35.751917306,Operations,South,Male,Bachelor,Full-time,29,8,69800,41.9,73.9,3.1,3,5,Headphones,Phone,2,120,0.21,189.6,106.52,83.08,42,4.3,8,No
397,2025-03-21 08:36:10.323441147,Sales,South,Male,Master,Full-time,51,27,128400,42.7,96.6,4.7,5,3,Laptop,Mobile App,9,900,0.21,6399.0,5176.45,1222.55,28,3.8,6,No
398,2025-03-21 13:24:44.894964989,HR,West,Female,PhD,Contract,26,2,61200,39.0,39.6,3.5,5,4,Keyboard,Email,2,60,0.22,93.6,74.29,19.31,59,5.0,4,No
399,2025-03-21 18:13:19.466488830,Customer Support,North,Female,Master,Full-time,56,30,138000,48.7,66.7,4.7,1,5,Tablet,Store,2,500,0.01,990.0,778.4,211.6,51,4.9,4,No
400,2025-03-21 23:01:54.038012671,Sales,Central,Male,PhD,Part-time,38,20,112000,38.4,70.0,2.5,7,0,Headphones,Phone,2,120,0.05,228.0,130.4,97.6,20,3.7,7,No
401,2025-03-22 03:50:28.609536512,IT,South,Male,Bachelor,Full-time,35,13,102300,44.4,61.2,4.4,3,4,Smartphone,Email,1,700,,651.0,402.87,248.13,18,3.7,2,No
402,2025-03-22 08:39:03.181060354,HR,Central,Female,Bachelor,Full-time,38,11,64800,29.6,76.3,2.7,2,5,Monitor,Email,9,250,0.03,2182.5,1661.38,521.12,21,3.0,1,No
403,2025-03-22 13:27:37.752584195,IT,South,Female,Bachelor,Part-time,57,37,173700,39.8,54.6,4.5,1,5,Mouse,Email,8,35,0.12,246.4,187.84,58.56,32,4.9,2,No
404,2025-03-22 18:16:12.324108036,Finance,Central,Male,High School,Full-time,25,1,36400,37.7,55.1,4.4,2,4,Smartphone,Website,2,700,0.2,1120.0,819.34,300.66,49,4.2,3,No
405,2025-03-22 23:04:46.895631878,HR,East,Female,Bachelor,Full-time,24,3,47500,40.5,77.7,2.7,2,0,Headphones,Phone,2,120,0.24,182.4,119.37,63.03,49,4.6,7,No
406,2025-03-23 03:53:21.467155719,Finance,South,Female,Bachelor,Full-time,27,6,64300,31.9,60.1,3.8,1,2,Mouse,Email,5,35,0.22,136.5,83.74,52.76,42,2.5,6,No
407,2025-03-23 08:41:56.038679560,Sales,Central,Male,Master,Full-time,34,16,98500,48.2,78.7,3.7,2,1,Tablet,Phone,12,500,0.11,5340.0,4319.46,1020.54,36,4.5,4,Yes
408,2025-03-23 13:30:30.610203401,Sales,North,Female,Master,Full-time,18,0,37600,40.8,64.2,4.2,1,3,Monitor,Email,13,250,0.16,2730.0,1533.66,1196.34,66,3.6,5,No
409,2025-03-23 18:19:05.181727243,HR,East,Male,Bachelor,Full-time,34,7,57100,51.2,61.1,2.6,4,1,Keyboard,Store,14,60,0.06,789.6,420.96,368.64,38,4.4,3,No
410,2025-03-23 23:07:39.753251084,HR,East,Female,Bachelor,Contract,49,30,142600,43.9,59.2,3.2,4,1,Smartphone,Store,12,700,0.1,7560.0,3951.91,3608.09,37,4.4,8,No
411,2025-03-24 03:56:14.324774925,Operations,North,Male,High School,Full-time,35,16,90100,41.3,59.6,3.5,4,3,Keyboard,Store,14,60,0.22,655.2,493.04,162.16,32,4.0,6,No
412,2025-03-24 08:44:48.896298767,IT,Central,Female,Bachelor,Full-time,31,13,103600,40.1,66.4,4.7,1,0,Monitor,Mobile App,4,250,0.01,990.0,531.64,458.36,65,3.5,4,No
413,2025-03-24 13:33:23.467822608,Operations,West,Female,Master,Full-time,28,3,62400,43.3,61.6,3.5,2,3,Mouse,Email,2,35,0.13,60.9,41.51,19.39,47,4.3,4,No
414,2025-03-24 18:21:58.039346449,IT,North,Male,Bachelor,Full-time,42,19,124500,43.8,70.4,2.7,7,0,Tablet,Mobile App,8,500,0.22,3120.0,1966.19,1153.81,26,3.4,5,Yes
415,2025-03-24 23:10:32.610870290,Operations,Central,Male,Bachelor,Full-time,27,4,64200,42.5,47.8,3.8,1,0,Headphones,Phone,8,120,0.03,931.2,525.26,405.94,24,4.7,4,No
416,2025-03-25 03:59:07.182394132,Finance,North,Female,Bachelor,Contract,51,24,128700,51.3,61.0,2.7,4,4,Monitor,Mobile App,13,250,0.25,2437.5,1809.06,628.44,18,3.5,1,No
417,2025-03-25 08:47:41.753917973,HR,North,Male,Master,Part-time,51,24,133700,45.8,88.2,2.2,3,2,Laptop,Phone,4,900,0.0,3600.0,1931.41,1668.59,37,4.0,7,No
418,2025-03-25 13:36:16.325441814,Sales,South,Male,Master,Full-time,36,10,82000,36.8,55.7,3.4,5,5,Mouse,Phone,14,35,0.22,382.2,235.25,146.95,20,3.5,6,No
419,2025-03-25 18:24:50.896965656,IT,Central,Female,Master,Full-time,34,12,108900,36.0,63.4,3.7,3,4,Keyboard,Phone,4,60,0.09,218.4,150.4,68.0,24,4.1,5,No
420,2025-03-25 23:13:25.468489497,IT,West,Female,Bachelor,Full-time,43,22,109200,42.2,88.1,3.7,4,2,Smartphone,Mobile App,9,700,0.03,6111.0,3915.47,2195.53,51,3.3,3,Yes
421,2025-03-26 04:02:00.040013338,Sales,South,Female,Bachelor,Full-time,44,16,90200,40.9,71.5,3.5,4,0,Monitor,Email,4,250,0.04,960.0,573.83,386.17,49,3.4,4,No
422,2025-03-26 08:50:34.611537179,Operations,North,Male,High School,Contract,27,4,50700,41.4,49.6,4.9,2,5,Keyboard,Mobile App,10,60,0.18,492.0,392.52,99.48,56,5.0,1,Yes
423,2025-03-26 13:39:09.183061021,IT,North,Female,High School,Full-time,29,4,62100,31.9,79.7,4.7,4,5,Mouse,Email,11,35,0.22,300.3,240.03,60.27,20,4.6,2,No
424,2025-03-26 18:27:43.754584862,Customer Support,North,Female,High School,Contract,22,4,41800,44.5,87.4,2.8,2,4,Keyboard,Email,9,60,0.16,453.6,292.49,161.11,26,4.3,8,No
425,2025-03-26 23:16:18.326108703,Finance,Central,Male,High School,Full-time,38,14,72000,38.1,71.7,4.3,2,1,Monitor,Phone,3,250,0.23,577.5,368.52,208.98,30,4.4,5,No
426,2025-03-27 04:04:52.897632545,HR,Central,Male,High School,Full-time,40,15,80900,51.1,64.7,5.0,2,3,Mouse,Mobile App,2,35,0.21,55.3,33.86,21.44,58,4.2,1,No
427,2025-03-27 08:53:27.469156386,Sales,South,Male,Bachelor,Full-time,22,0,44300,41.2,49.4,4.9,1,3,Laptop,Email,11,900,0.0,9900.0,7689.6,2210.4,39,3.9,2,No
428,2025-03-27 13:42:02.040680227,HR,West,Female,High School,Full-time,30,2,34200,39.4,65.7,4.3,5,3,Monitor,Store,8,250,0.17,1660.0,1146.02,513.98,60,4.5,1,No
429,2025-03-27 18:30:36.612204068,Customer Support,South,Male,Bachelor,Part-time,22,0,33800,42.5,55.8,3.4,3,2,Headphones,Email,12,120,0.08,1324.8,724.48,600.32,46,3.4,2,No
430,2025-03-27 23:19:11.183727910,IT,East,Female,PhD,Full-time,26,2,89200,36.7,71.9,2.5,2,3,Tablet,Store,3,500,0.11,1335.0,1035.95,299.05,37,5.0,4,No
431,2025-03-28 04:07:45.755251751,IT,North,Female,Master,Full-time,39,19,119800,48.4,82.8,2.7,2,2,Monitor,Mobile App,13,250,0.02,3185.0,2167.28,1017.72,45,4.1,7,No
432,2025-03-28 08:56:20.326775592,Customer Support,North,Female,High School,Full-time,27,8,54600,51.9,59.1,3.9,6,2,Mouse,Mobile App,2,35,0.07,65.1,41.97,23.13,18,4.6,6,No
433,2025-03-28 13:44:54.898299434,Sales,North,Female,Bachelor,Part-time,31,11,77200,43.7,80.9,3.7,6,5,Smartphone,Mobile App,13,700,0.16,7644.0,4749.67,2894.33,18,5.0,3,No
434,2025-03-28 18:33:29.469823275,Finance,South,Male,Master,Contract,19,0,52100,43.3,49.2,,8,2,Tablet,Email,11,500,0.05,5225.0,2872.85,2352.15,41,4.3,3,No
435,2025-03-28 23:22:04.041347116,Marketing,South,Male,High School,Full-time,36,15,84700,37.1,68.8,4.2,3,1,Monitor,Website,8,250,0.16,1680.0,1355.78,324.22,38,3.4,2,No
436,2025-03-29 04:10:38.612870957,Sales,North,Male,Master,Part-time,34,11,86000,40.0,45.9,4.4,3,5,Laptop,Email,8,900,0.23,5544.0,4115.72,1428.28,61,4.9,6,No
437,2025-03-29 08:59:13.184394799,Marketing,South,Male,Bachelor,Full-time,27,3,35800,42.7,74.4,4.4,1,0,Smartphone,Email,5,700,0.0,3500.0,1958.37,1541.63,21,5.0,6,No
438,2025-03-29 13:47:47.755918640,Customer Support,Central,Female,PhD,Part-time,32,11,87400,34.3,86.7,4.1,1,1,Laptop,Phone,9,900,0.2,6480.0,4363.51,2116.49,42,2.6,1,No
439,2025-03-29 18:36:22.327442481,Operations,Central,Male,Master,Contract,36,9,65400,47.9,66.3,3.9,2,0,Headphones,Phone,11,120,0.16,1108.8,761.38,347.42,46,3.9,1,No
440,2025-03-29 23:24:56.898966322,Marketing,South,Female,Master,Full-time,27,4,57500,32.3,74.1,3.1,1,1,Smartphone,Email,6,700,0.01,4158.0,2371.58,1786.42,42,4.2,3,No
441,2025-03-30 04:13:31.470490164,Finance,North,Male,Master,Full-time,21,0,55400,29.7,65.5,,3,2,Keyboard,Store,5,60,0.2,240.0,155.56,84.44,51,3.8,4,No
442,2025-03-30 09:02:06.042014005,Operations,South,Male,Bachelor,Contract,50,27,131300,48.7,76.6,3.8,5,0,Smartphone,Phone,12,700,0.06,7896.0,5635.56,2260.44,30,3.1,5,No
443,2025-03-30 13:50:40.613537846,Marketing,South,Female,High School,Full-time,28,8,50500,43.9,82.5,3.5,3,5,Tablet,Email,3,500,0.07,1395.0,844.26,550.74,48,3.4,1,No
444,2025-03-30 18:39:15.185061688,Customer Support,South,Female,Bachelor,Contract,33,15,81600,35.3,71.8,2.2,4,3,Smartphone,Website,7,700,0.02,4802.0,2974.76,1827.24,45,2.7,3,No
445,2025-03-30 23:27:49.756585529,Operations,East,Female,High School,Full-time,43,15,101700,40.8,65.1,3.8,1,1,Mouse,Store,14,35,0.13,426.3,237.28,189.02,52,4.7,4,No
446,2025-03-31 04:16:24.328109370,Customer Support,Central,Male,High School,Full-time,65,38,174000,41.2,75.7,3.5,2,0,Mouse,Mobile App,9,35,0.12,277.2,178.51,98.69,32,5.0,2,No
447,2025-03-31 09:04:58.899633211,Marketing,West,Female,Bachelor,Contract,23,0,31100,40.5,95.6,3.4,2,3,Keyboard,Email,4,60,0.09,218.4,151.82,66.58,24,5.0,6,No
448,2025-03-31 13:53:33.471157053,Customer Support,West,Male,Master,Full-time,38,16,91100,34.8,76.1,4.0,1,4,Smartphone,Email,11,700,0.04,7392.0,4102.25,3289.75,30,4.0,8,No
449,2025-03-31 18:42:08.042680894,Finance,East,Female,High School,Full-time,28,1,40500,41.6,55.4,3.9,2,2,Laptop,Store,7,900,0.21,4977.0,3505.97,1471.03,25,4.2,3,No
450,2025-03-31 23:30:42.614204735,Marketing,South,Male,Bachelor,Full-time,29,2,54200,45.8,96.6,,5,1,Laptop,Phone,12,900,0.22,8424.0,5385.78,3038.22,31,4.7,6,No
451,2025-04-01 04:19:17.185728577,Marketing,East,Female,Bachelor,Full-time,28,8,48200,31.4,61.4,4.0,2,1,Monitor,Phone,3,250,0.14,645.0,466.63,178.37,34,3.8,3,No
452,2025-04-01 09:07:51.757252418,Marketing,East,Female,Bachelor,Full-time,24,0,31000,37.6,61.8,3.2,1,5,Headphones,Phone,11,120,0.06,1240.8,762.41,478.39,27,3.3,2,No
453,2025-04-01 13:56:26.328776259,Sales,North,Female,High School,Contract,34,7,60200,34.2,85.1,4.6,4,5,Tablet,Mobile App,2,500,0.02,980.0,676.74,303.26,38,3.6,3,No
454,2025-04-01 18:45:00.900300100,Sales,Central,Female,PhD,Contract,21,3,67200,36.2,66.5,4.7,0,4,Headphones,Store,13,120,0.22,1216.8,856.43,360.37,24,4.1,6,No
455,2025-04-01 23:33:35.471823942,Sales,West,Male,Bachelor,Full-time,43,15,85700,41.9,78.5,3.5,1,0,Smartphone,Store,11,700,0.02,7546.0,5487.09,2058.91,37,3.5,3,No
456,2025-04-02 04:22:10.043347783,Finance,South,Male,Bachelor,Part-time,34,15,93200,33.5,77.5,4.5,2,1,Headphones,Phone,1,120,0.0,120.0,89.65,30.35,32,4.3,3,No
457,2025-04-02 09:10:44.614871624,Operations,West,Male,High School,Part-time,38,18,99000,48.7,77.7,3.6,4,1,Monitor,Phone,6,250,0.12,1320.0,740.4,579.6,37,3.1,2,No
458,2025-04-02 13:59:19.186395466,Customer Support,West,Male,Bachelor,Full-time,30,10,64300,40.3,90.8,4.4,4,1,Headphones,Website,5,120,0.18,492.0,398.31,93.69,43,3.8,5,No
459,2025-04-02 18:47:53.757919307,IT,Central,Female,Master,Part-time,31,6,66400,38.1,68.5,4.6,5,1,Keyboard,Website,2,60,0.11,106.8,82.57,24.23,33,4.3,5,No
460,2025-04-02 23:36:28.329443148,Marketing,West,Female,Bachelor,Full-time,37,15,86800,30.5,72.4,3.0,4,4,Monitor,Email,13,250,0.01,3217.5,2215.88,1001.62,29,4.1,7,No
461,2025-04-03 04:25:02.900966989,Customer Support,West,Male,Bachelor,Full-time,24,0,34700,40.7,60.1,,2,2,Keyboard,Email,13,60,0.17,647.4,509.57,137.83,30,3.5,5,Yes
462,2025-04-03 09:13:37.472490831,Marketing,East,Male,High School,Full-time,31,3,25000,40.3,81.7,3.5,3,1,Smartphone,Store,3,700,0.16,1764.0,1119.66,644.34,50,4.5,5,No
463,2025-04-03 14:02:12.044014672,Finance,Central,Male,PhD,Contract,26,0,63500,33.4,74.7,3.8,6,4,Monitor,Store,9,250,0.17,1867.5,990.31,877.19,53,4.2,5,No
464,2025-04-03 18:50:46.615538513,Marketing,North,Male,High School,Full-time,26,3,50300,35.0,88.4,4.4,4,3,Smartphone,Mobile App,3,700,0.05,1995.0,1472.53,522.47,32,2.5,3,No
465,2025-04-03 23:39:21.187062354,Sales,South,Male,Master,Full-time,18,0,40800,48.6,76.8,3.3,1,1,Smartphone,Mobile App,7,700,0.2,3920.0,3147.77,772.23,36,4.3,4,No
466,2025-04-04 04:27:55.758586196,IT,West,Female,Bachelor,Full-time,46,18,107900,38.1,94.5,4.3,2,0,Headphones,Website,1,120,0.12,105.6,60.04,45.56,18,3.7,6,No
467,2025-04-04 09:16:30.330110037,HR,South,Female,Bachelor,Contract,28,7,52900,40.2,70.3,3.6,6,4,Keyboard,Email,7,60,0.13,365.4,260.59,104.81,36,3.6,2,No
468,2025-04-04 14:05:04.901633878,Marketing,North,Male,Master,Part-time,44,18,104600,42.8,75.1,3.1,2,0,Smartphone,Website,9,700,0.14,5418.0,4139.5,1278.5,21,3.4,7,No
469,2025-04-04 18:53:39.473157720,Customer Support,South,Male,High School,Full-time,44,23,103500,39.2,72.9,4.0,2,2,Keyboard,Website,12,60,0.07,669.6,530.0,139.6,32,3.3,5,Yes
470,2025-04-04 23:42:14.044681561,Sales,North,Female,Bachelor,Full-time,22,0,50000,46.8,63.0,4.5,1,3,Keyboard,Email,11,60,0.06,620.4,374.08,246.32,51,4.1,8,No
471,2025-04-05 04:30:48.616205402,HR,East,Male,Bachelor,Contract,24,2,43100,36.3,46.6,3.6,3,0,Monitor,Mobile App,8,250,0.0,2000.0,1117.24,882.76,20,4.4,2,No
472,2025-04-05 09:19:23.187729243,IT,West,Male,High School,Full-time,57,30,128700,37.9,74.9,2.7,3,1,Mouse,Email,7,35,0.1,220.5,131.06,89.44,27,4.1,2,No
473,2025-04-05 14:07:57.759253085,HR,North,Female,Master,Full-time,50,25,134600,37.9,51.2,3.2,3,4,Headphones,Phone,10,120,0.12,1056.0,732.14,323.86,27,4.7,5,No
474,2025-04-05 18:56:32.330776926,Sales,South,Female,High School,Full-time,34,11,86000,36.0,78.0,2.9,4,3,Smartphone,Phone,14,700,0.19,7938.0,6315.62,1622.38,18,4.4,4,No
475,2025-04-05 23:45:06.902300767,Operations,West,Female,Master,Full-time,36,9,81100,35.6,87.0,5.0,3,4,Keyboard,Phone,8,60,0.02,470.4,326.82,143.58,48,2.6,3,No
476,2025-04-06 04:33:41.473824609,Operations,East,Male,Bachelor,Contract,28,4,62700,40.1,71.2,2.8,2,5,Tablet,Store,13,500,0.23,5005.0,3983.41,1021.59,41,3.4,1,No
477,2025-04-06 09:22:16.045348450,HR,West,Male,High School,Part-time,38,15,88600,46.7,77.0,1.7,3,3,Mouse,Mobile App,4,35,0.07,130.2,97.78,32.42,60,4.8,3,No
478,2025-04-06 14:10:50.616872291,Finance,North,Female,Master,Full-time,28,6,79900,34.1,77.4,3.2,4,5,Smartphone,Mobile App,2,700,0.09,1274.0,891.18,382.82,26,3.1,4,No
479,2025-04-06 18:59:25.188396132,Customer Support,East,Male,Bachelor,Full-time,18,0,41500,39.1,84.4,3.6,3,0,Tablet,Store,14,500,0.01,6930.0,3648.92,3281.08,18,2.1,1,No
480,2025-04-06 23:47:59.759919974,Customer Support,South,Male,Bachelor,Contract,22,2,48600,43.8,70.7,3.5,5,2,Headphones,Website,14,120,0.16,1411.2,874.83,536.37,49,5.0,3,No
481,2025-04-07 04:36:34.331443815,HR,East,Male,Bachelor,Full-time,34,10,72900,49.9,56.3,3.6,0,5,Headphones,Phone,11,120,0.18,1082.4,581.51,500.89,34,4.2,5,No
482,2025-04-07 09:25:08.902967656,Marketing,East,Male,Bachelor,Full-time,24,0,25000,44.7,49.2,2.5,4,4,Keyboard,Phone,9,60,0.23,415.8,256.41,159.39,32,3.5,6,No
483,2025-04-07 14:13:43.474491498,Marketing,Central,Male,Master,Full-time,33,11,71700,39.0,67.5,3.5,5,1,Keyboard,Website,3,60,0.08,165.6,89.21,76.39,56,3.4,3,No
484,2025-04-07 19:02:18.046015339,Customer Support,East,Female,Bachelor,Part-time,24,0,25000,37.2,50.8,2.7,1,4,Smartphone,Email,14,700,0.06,9212.0,5254.02,3957.98,40,4.4,2,No
485,2025-04-07 23:50:52.617539180,Customer Support,East,Male,Bachelor,Part-time,27,8,38300,45.6,72.5,4.2,3,5,Monitor,Email,11,250,0.18,2255.0,1450.43,804.57,49,4.3,4,No
486,2025-04-08 04:39:27.189063021,Operations,West,Female,Master,Full-time,42,16,97100,44.4,75.3,2.6,2,2,Mouse,Mobile App,4,35,0.18,114.8,77.43,37.37,31,,4,No
487,2025-04-08 09:28:01.760586863,Finance,South,Female,High School,Full-time,36,11,89200,40.1,65.1,3.4,4,5,Smartphone,Store,7,700,0.23,3773.0,2207.74,1565.26,29,3.9,1,No
488,2025-04-08 14:16:36.332110704,Sales,West,Male,Bachelor,Full-time,34,12,66100,39.0,81.6,2.9,3,0,Mouse,Mobile App,2,35,0.05,66.5,49.19,17.31,34,3.1,3,No
489,2025-04-08 19:05:10.903634545,Marketing,West,Female,Bachelor,Full-time,42,23,123100,50.1,74.1,4.3,4,1,Keyboard,Email,14,60,0.18,688.8,480.17,208.63,46,4.0,3,No
490,2025-04-08 23:53:45.475158387,Customer Support,North,Female,Master,Full-time,38,15,97300,49.3,63.4,3.1,1,1,Headphones,Website,8,120,0.02,940.8,684.46,256.34,39,4.7,4,No
491,2025-04-09 04:42:20.046682228,Operations,West,Male,PhD,Full-time,47,22,134100,42.0,66.1,2.7,0,0,Keyboard,Mobile App,12,60,0.12,633.6,468.76,164.84,44,3.6,3,No
492,2025-04-09 09:30:54.618206069,IT,Central,Female,Master,Part-time,30,6,86600,41.0,89.5,4.3,3,4,Headphones,Phone,10,120,0.03,1164.0,859.12,304.88,18,4.4,3,No
493,2025-04-09 14:19:29.189729910,Operations,Central,Male,Bachelor,Part-time,30,5,55100,34.3,49.9,1.9,5,1,Smartphone,Phone,8,700,0.16,4704.0,3767.29,936.71,18,3.7,4,No
494,2025-04-09 19:08:03.761253752,Marketing,North,Male,Bachelor,Full-time,22,1,53200,40.2,68.9,4.1,5,4,Headphones,Website,12,120,0.15,1224.0,723.59,500.41,18,4.6,5,No
495,2025-04-09 23:56:38.332777593,Marketing,South,Female,Bachelor,Full-time,30,10,69200,46.0,74.6,3.8,0,4,Keyboard,Email,5,60,,297.0,178.51,118.49,33,3.3,4,No
496,2025-04-10 04:45:12.904301434,Operations,South,Male,Bachelor,Contract,43,19,107600,30.3,64.1,5.0,4,0,Laptop,Phone,9,900,0.08,7452.0,4085.64,3366.36,21,4.0,9,No
497,2025-04-10 09:33:47.475825276,Sales,West,Female,PhD,Full-time,46,27,147200,43.0,62.6,4.0,5,2,Mouse,Phone,8,35,0.1,252.0,175.84,76.16,58,4.3,1,No
498,2025-04-10 14:22:22.047349117,HR,West,Female,High School,Full-time,43,21,95200,43.4,86.4,3.9,1,2,Tablet,Store,1,500,0.06,470.0,300.12,169.88,38,3.5,6,No
499,2025-04-10 19:10:56.618872958,Marketing,West,Male,Bachelor,Full-time,18,0,25000,43.5,98.5,2.8,2,4,Headphones,Mobile App,9,120,0.01,1069.2,715.14,354.06,41,4.3,4,No
500,2025-04-10 23:59:31.190396799,Operations,South,Male,Master,Full-time,44,26,141200,36.7,67.7,3.3,4,0,Headphones,Email,13,120,0.08,1435.2,819.42,615.78,25,4.0,1,No
501,2025-04-11 04:48:05.761920641,Customer Support,East,Male,Master,Full-time,18,0,52100,38.4,72.3,3.7,4,2,Laptop,Mobile App,14,900,0.2,10080.0,7204.36,2875.64,25,4.0,3,No
502,2025-04-11 09:36:40.333444482,Operations,Central,Male,High School,Full-time,42,23,115700,36.9,79.5,4.6,3,5,Smartphone,Email,14,700,0.09,8918.0,6293.48,2624.52,57,3.5,1,No
503,2025-04-11 14:25:14.904968323,Finance,East,Male,High School,Full-time,31,8,70600,49.9,58.8,2.9,2,4,Smartphone,Phone,5,700,0.08,3220.0,1930.18,1289.82,59,4.7,4,No
504,2025-04-11 19:13:49.476492164,HR,East,Male,Bachelor,Full-time,40,22,98000,47.8,72.9,2.0,0,1,Smartphone,Store,9,700,0.24,4788.0,3158.28,1629.72,43,3.3,3,No
505,2025-04-12 00:02:24.048016006,IT,South,Male,Bachelor,Full-time,22,0,51500,41.9,91.9,3.6,3,1,Tablet,Mobile App,9,500,0.01,4455.0,3511.83,943.17,18,4.2,3,No
506,2025-04-12 04:50:58.619539847,Sales,East,Male,Bachelor,Full-time,45,25,105800,40.2,100.0,2.2,4,5,Monitor,Phone,10,250,0.19,2025.0,1522.9,502.1,33,3.4,2,No
507,2025-04-12 09:39:33.191063688,IT,North,Male,Bachelor,Part-time,21,3,47700,40.0,55.8,,2,3,Laptop,Email,10,900,0.12,7920.0,4657.62,3262.38,42,4.0,6,No
508,2025-04-12 14:28:07.762587530,HR,West,Male,PhD,Full-time,28,3,74500,38.4,60.4,4.7,1,3,Tablet,Mobile App,3,500,0.24,1140.0,893.37,246.63,35,4.5,4,No
509,2025-04-12 19:16:42.334111371,HR,North,Female,Bachelor,Full-time,25,1,38600,30.6,66.4,4.3,1,3,Laptop,Mobile App,8,900,0.1,6480.0,3500.46,2979.54,18,3.8,4,Yes
510,2025-04-13 00:05:16.905635212,HR,Central,Female,Bachelor,Full-time,18,0,36000,40.2,67.2,3.1,3,2,Headphones,Phone,7,120,0.18,688.8,443.71,245.09,60,1.8,4,Yes
511,2025-04-13 04:53:51.477159053,IT,West,Male,Bachelor,Full-time,35,11,91500,50.1,86.1,4.8,2,5,Mouse,Mobile App,7,35,0.02,240.1,130.62,109.48,28,3.1,4,No
512,2025-04-13 09:42:26.048682895,Customer Support,East,Male,High School,Part-time,50,30,140200,41.5,72.4,2.9,4,1,Laptop,Store,12,900,0.23,8316.0,6630.05,1685.95,22,2.5,3,No
513,2025-04-13 14:31:00.620206736,HR,Central,Male,Bachelor,Full-time,58,32,144600,36.9,85.0,2.7,3,1,Monitor,Store,10,250,0.09,2275.0,1210.78,1064.22,38,4.0,7,No
514,2025-04-13 19:19:35.191730577,Operations,West,Male,Master,Full-time,35,10,82600,41.3,75.1,4.6,1,2,Keyboard,Phone,2,60,0.13,104.4,59.02,45.38,52,4.0,8,No
515,2025-04-14 00:08:09.763254419,IT,East,Male,Master,Full-time,44,22,131400,38.9,70.5,3.2,5,1,Tablet,Email,2,500,0.03,970.0,770.68,199.32,44,3.8,7,No
516,2025-04-14 04:56:44.334778260,HR,North,Female,High School,Full-time,36,12,58200,35.0,77.8,3.6,2,1,Laptop,Phone,2,900,0.24,1368.0,950.28,417.72,22,3.6,4,Yes
517,2025-04-14 09:45:18.906302101,Operations,West,Male,Master,Full-time,38,18,104800,34.4,42.4,4.3,5,4,Laptop,Store,13,900,0.17,9711.0,7366.34,2344.66,20,4.2,4,No
518,2025-04-14 14:33:53.477825942,Customer Support,East,Male,Bachelor,Contract,31,13,82200,40.2,67.7,2.6,2,1,Monitor,Website,11,250,0.01,2722.5,1429.1,1293.4,18,3.0,6,No
519,2025-04-14 19:22:28.049349784,Finance,North,Female,Bachelor,Full-time,36,18,102500,32.7,68.2,3.1,2,4,Mouse,Website,2,35,0.04,67.2,43.39,23.81,35,4.7,2,No
520,2025-04-15 00:11:02.620873625,Customer Support,Central,Male,High School,Full-time,39,11,63100,40.1,53.9,3.0,3,3,Laptop,Mobile App,14,900,0.1,11340.0,9245.95,2094.05,32,4.1,7,No
521,2025-04-15 04:59:37.192397466,HR,Central,Male,Master,Contract,29,10,84000,39.6,89.5,,5,0,Laptop,Mobile App,4,900,0.05,3420.0,2373.29,1046.71,44,3.3,6,No
522,2025-04-15 09:48:11.763921308,IT,Central,Female,High School,Full-time,33,8,72500,43.6,68.8,2.9,4,4,Mouse,Website,7,35,0.08,225.4,174.66,50.74,30,3.7,3,No
523,2025-04-15 14:36:46.335445148,Marketing,Central,Male,Bachelor,Full-time,33,15,91700,39.2,76.8,3.8,2,5,Monitor,Store,2,250,0.25,375.0,303.4,71.6,50,3.9,5,No
524,2025-04-15 19:25:20.906968990,HR,South,Male,Master,Contract,41,13,72900,34.7,83.2,3.8,2,1,Tablet,Mobile App,5,500,0.16,2100.0,1523.58,576.42,46,3.0,5,No
525,2025-04-16 00:13:55.478492832,Marketing,West,Female,High School,Full-time,24,2,42000,40.8,61.2,3.5,2,3,Tablet,Phone,14,500,0.23,5390.0,3332.58,2057.42,29,4.5,3,No
526,2025-04-16 05:02:30.050016672,Operations,West,Male,Bachelor,Contract,34,8,56000,45.2,75.7,3.7,3,0,Laptop,Phone,7,900,0.11,5607.0,3434.75,2172.25,43,4.7,6,No
527,2025-04-16 09:51:04.621540514,Finance,South,Female,High School,Full-time,51,25,125300,37.4,50.7,3.0,3,0,Mouse,Store,9,35,0.18,258.3,139.84,118.46,54,4.1,7,No
528,2025-04-16 14:39:39.193064356,Sales,East,Male,Master,Contract,44,25,121900,48.0,79.1,3.5,4,3,Laptop,Mobile App,8,900,0.11,6408.0,4154.51,2253.49,26,4.7,3,No
529,2025-04-16 19:28:13.764588196,Customer Support,East,Female,Bachelor,Part-time,46,22,118400,40.6,64.8,2.2,1,3,Smartphone,Phone,9,700,0.08,5796.0,4605.6,1190.4,35,5.0,3,No
530,2025-04-17 00:16:48.336112038,Finance,Central,Female,Bachelor,Full-time,34,6,80500,38.2,68.4,4.3,7,0,Keyboard,Mobile App,7,60,0.13,365.4,242.41,122.99,35,2.7,4,No
531,2025-04-17 05:05:22.907635880,HR,North,Male,PhD,Contract,37,19,117200,36.9,86.6,3.1,1,0,Tablet,Mobile App,3,500,0.11,1335.0,1059.05,275.95,34,4.0,2,Yes
532,2025-04-17 09:53:57.479159720,Marketing,East,Female,Bachelor,Full-time,43,23,115100,41.0,95.6,3.1,5,1,Smartphone,Phone,1,700,0.25,525.0,401.7,123.3,48,3.1,1,No
533,2025-04-17 14:42:32.050683562,Customer Support,North,Female,High School,Full-time,48,25,124800,39.5,62.6,2.8,1,5,Headphones,Website,10,120,0.12,1056.0,860.91,195.09,49,5.0,3,No
534,2025-04-17 19:31:06.622207402,Marketing,West,Male,Master,Full-time,18,0,48100,33.6,60.9,3.6,1,4,Keyboard,Phone,7,60,0.2,336.0,270.25,65.75,43,4.2,2,No
535,2025-04-18 00:19:41.193731244,IT,North,Female,Master,Full-time,22,0,54400,48.0,81.0,3.1,1,4,Laptop,Store,13,900,0.17,9711.0,7107.92,2603.08,42,3.5,8,No
536,2025-04-18 05:08:15.765255086,Marketing,West,Female,PhD,Part-time,46,27,150800,38.3,80.4,4.0,1,0,Monitor,Email,11,250,0.12,2420.0,1890.9,529.1,31,3.8,3,No
537,2025-04-18 09:56:50.336778926,IT,South,Male,High School,Part-time,32,8,89300,47.9,56.5,2.7,9,0,Tablet,Phone,6,500,0.12,2640.0,1965.28,674.72,42,4.9,5,No
538,2025-04-18 14:45:24.908302768,Operations,South,Female,Bachelor,Part-time,28,7,56500,34.5,71.7,3.6,5,5,Headphones,Mobile App,2,120,0.09,218.4,159.65,58.75,23,4.3,3,No
539,2025-04-18 19:33:59.479826610,Customer Support,Central,Male,Master,Contract,23,4,48700,44.8,71.7,3.8,4,5,Keyboard,Mobile App,1,60,0.03,58.2,42.76,15.44,68,4.4,8,No
540,2025-04-19 00:22:34.051350450,Customer Support,East,Female,Master,Full-time,29,9,78700,46.8,71.5,4.1,3,2,Tablet,Phone,12,500,0.19,4860.0,3578.48,1281.52,54,5.0,4,Yes
541,2025-04-19 05:11:08.622874292,Sales,Central,Female,Bachelor,Contract,21,0,56000,46.4,80.6,4.0,3,0,Mouse,Email,10,35,0.23,269.5,170.82,98.68,49,4.7,2,No
542,2025-04-19 09:59:43.194398134,HR,West,Female,Bachelor,Full-time,53,26,127600,42.0,91.7,2.8,4,4,Monitor,Phone,4,250,0.05,950.0,614.72,335.28,43,4.8,5,No
543,2025-04-19 14:48:17.765921974,IT,Central,Female,Bachelor,Part-time,34,8,60600,45.0,69.0,3.6,5,1,Keyboard,Email,14,60,0.23,646.8,393.4,253.4,43,3.9,5,No
544,2025-04-19 19:36:52.337445816,Sales,North,Male,High School,Contract,33,8,63500,42.3,95.4,3.4,2,2,Mouse,Email,4,35,0.06,131.6,74.29,57.31,18,2.4,6,No
545,2025-04-20 00:25:26.908969656,Marketing,West,Female,Master,Full-time,39,12,80300,34.8,70.4,2.7,2,4,Smartphone,Store,6,700,0.13,3654.0,2402.63,1251.37,23,4.1,4,No
546,2025-04-20 05:14:01.480493498,Marketing,South,Male,High School,Full-time,43,15,87800,42.1,93.2,3.5,2,1,Laptop,Mobile App,11,900,0.09,9009.0,7116.97,1892.03,24,3.5,4,No
547,2025-04-20 10:02:36.052017340,Sales,East,Male,Bachelor,Part-time,43,17,84300,34.5,77.5,2.4,4,5,Mouse,Mobile App,5,35,0.03,169.75,121.44,48.31,39,4.6,1,No
548,2025-04-20 14:51:10.623541180,Customer Support,West,Female,Bachelor,Full-time,44,23,100200,33.9,86.1,3.7,3,5,Keyboard,Email,9,60,0.01,534.6,287.0,247.6,35,2.8,6,Yes
549,2025-04-20 19:39:45.195065022,Marketing,West,Male,Bachelor,Full-time,28,7,57800,41.4,84.3,4.5,3,2,Keyboard,Mobile App,8,60,0.09,436.8,333.44,103.36,48,4.6,4,Yes
550,2025-04-21 00:28:19.766588864,Operations,North,Female,Bachelor,Contract,31,5,70400,37.0,61.4,4.3,2,2,Smartphone,Website,9,700,0.01,6237.0,4993.47,1243.53,26,4.1,4,No
551,2025-04-21 05:16:54.338112704,Operations,East,Male,Master,Full-time,41,16,88700,47.9,76.7,3.8,3,2,Laptop,Email,10,900,0.03,8730.0,6711.86,2018.14,50,,4,No
552,2025-04-21 10:05:28.909636546,Sales,South,Female,Bachelor,Contract,29,10,69100,48.4,60.1,3.7,2,2,Mouse,Mobile App,7,35,0.04,235.2,173.64,61.56,28,4.4,3,No
553,2025-04-21 14:54:03.481160388,IT,West,Male,Bachelor,Contract,34,9,66300,53.7,70.7,3.4,2,2,Mouse,Website,9,35,0.0,315.0,177.99,137.01,33,4.0,6,No
554,2025-04-21 19:42:38.052684228,IT,West,Male,Bachelor,Full-time,38,20,120600,33.2,57.1,5.0,2,2,Laptop,Store,3,900,0.04,2592.0,1619.22,972.78,49,3.8,2,Yes
555,2025-04-22 00:31:12.624208070,Sales,North,Female,Master,Part-time,41,15,98500,34.3,69.4,3.3,3,3,Mouse,Mobile App,9,35,0.14,270.9,186.81,84.09,44,4.8,5,No
556,2025-04-22 05:19:47.195731912,IT,Central,Female,PhD,Full-time,18,0,52200,44.3,72.8,2.4,3,5,Tablet,Website,2,500,0.2,800.0,434.45,365.55,23,4.4,1,No
557,2025-04-22 10:08:21.767255752,Customer Support,South,Male,Bachelor,Part-time,40,15,97100,38.4,60.9,4.1,7,1,Laptop,Phone,9,900,0.05,7695.0,4246.72,3448.28,51,,1,No
558,2025-04-22 14:56:56.338779594,Customer Support,East,Male,Master,Full-time,32,4,36700,36.4,72.0,3.9,4,4,Monitor,Phone,13,250,0.02,3185.0,2548.88,636.12,39,3.9,7,No
559,2025-04-22 19:45:30.910303434,IT,West,Male,Bachelor,Contract,40,18,125200,38.1,82.5,2.6,0,0,Keyboard,Website,6,60,0.18,295.2,215.73,79.47,18,4.1,2,No
560,2025-04-23 00:34:05.481827276,Operations,West,Male,Bachelor,Full-time,41,19,116900,39.6,59.3,3.2,6,4,Monitor,Email,4,250,0.0,1000.0,602.53,397.47,28,4.0,4,No
561,2025-04-23 05:22:40.053351118,IT,South,Male,PhD,Full-time,48,28,165800,43.3,83.6,3.6,6,3,Tablet,Email,12,500,0.18,4920.0,3041.58,1878.42,33,2.8,3,No
562,2025-04-23 10:11:14.624874958,Customer Support,Central,Male,Bachelor,Part-time,46,24,125100,30.9,84.0,3.0,1,3,Smartphone,Mobile App,14,700,0.03,9506.0,6039.44,3466.56,24,3.0,5,No
563,2025-04-23 14:59:49.196398800,Finance,West,Female,High School,Full-time,46,25,123900,42.0,59.6,4.2,4,2,Tablet,Phone,12,500,0.06,5640.0,3059.82,2580.18,54,3.9,4,No
564,2025-04-23 19:48:23.767922642,HR,South,Female,PhD,Part-time,47,29,139600,39.0,38.0,2.9,5,3,Headphones,Email,13,120,0.03,1513.2,1122.42,390.78,34,2.7,6,No
565,2025-04-24 00:36:58.339446482,Marketing,North,Female,Master,Contract,37,11,83600,36.0,86.2,3.3,6,4,Headphones,Email,11,120,0.06,1240.8,711.04,529.76,44,3.9,1,No
566,2025-04-24 05:25:32.910970324,Finance,Central,Male,Bachelor,Full-time,34,7,53400,46.9,68.8,3.2,1,3,Headphones,Phone,2,120,0.2,192.0,146.21,45.79,40,3.4,5,No
567,2025-04-24 10:14:07.482494166,IT,East,Male,PhD,Part-time,42,21,138400,37.9,72.0,3.9,1,4,Laptop,Store,13,900,0.03,11349.0,8781.42,2567.58,46,3.9,4,No
568,2025-04-24 15:02:42.054018006,Operations,West,Female,Bachelor,Full-time,41,21,100400,38.3,98.3,4.0,3,2,Mouse,Email,10,35,0.25,262.5,186.78,75.72,58,4.1,1,No
569,2025-04-24 19:51:16.625541848,Sales,South,Female,Bachelor,Full-time,31,8,73800,38.6,77.5,3.9,5,2,Tablet,Website,3,500,0.08,1380.0,1036.32,343.68,46,2.7,3,No
570,2025-04-25 00:39:51.197065690,IT,North,Female,Bachelor,Full-time,38,20,121400,47.8,78.0,,3,3,Monitor,Mobile App,5,250,0.23,962.5,550.12,412.38,59,,1,No
571,2025-04-25 05:28:25.768589530,Operations,East,Female,Bachelor,Full-time,34,12,86100,40.5,71.9,3.6,7,5,Smartphone,Email,9,700,0.05,5985.0,4146.3,1838.7,46,3.7,1,No
572,2025-04-25 10:17:00.340113372,HR,South,Female,Master,Full-time,26,2,52100,39.7,69.5,3.9,4,0,Monitor,Email,7,250,0.05,1662.5,1202.05,460.45,40,2.4,3,No
573,2025-04-25 15:05:34.911637212,IT,South,Female,High School,Full-time,46,27,154400,44.4,71.2,4.0,3,2,Monitor,Store,11,250,0.14,2365.0,1699.18,665.82,42,3.7,6,No
574,2025-04-25 19:54:09.483161054,Customer Support,East,Female,High School,Full-time,34,7,61700,28.8,70.1,3.4,5,1,Monitor,Website,12,250,0.01,2970.0,1648.91,1321.09,18,4.3,5,No
575,2025-04-26 00:42:44.054684896,Sales,North,Female,Bachelor,Full-time,52,26,143300,41.0,50.1,3.5,3,1,Smartphone,Mobile App,13,700,0.2,7280.0,4537.73,2742.27,33,3.7,7,Yes
576,2025-04-26 05:31:18.626208736,Operations,North,Male,Bachelor,Part-time,19,0,29900,41.1,59.0,3.0,6,2,Headphones,Email,11,120,0.11,1174.8,725.45,449.35,36,3.7,4,No
577,2025-04-26 10:19:53.197732578,Operations,Central,Female,High School,Full-time,29,10,63100,44.1,71.3,4.5,3,5,Monitor,Mobile App,3,250,0.17,622.5,430.62,191.88,43,4.1,7,No
578,2025-04-26 15:08:27.769256420,Operations,West,Female,PhD,Full-time,34,9,64700,41.5,98.5,2.4,1,5,Smartphone,Phone,13,700,0.04,8736.0,6548.25,2187.75,38,3.7,7,No
579,2025-04-26 19:57:02.340780260,HR,East,Female,Bachelor,Full-time,44,19,98000,34.4,54.0,3.9,2,3,Smartphone,Email,4,700,0.16,2352.0,1625.65,726.35,42,3.8,2,No
580,2025-04-27 00:45:36.912304102,IT,East,Male,High School,Full-time,38,20,112700,31.7,65.3,2.7,1,2,Mouse,Email,14,35,0.15,416.5,310.9,105.6,22,3.1,4,No
581,2025-04-27 05:34:11.483827944,HR,East,Female,Bachelor,Contract,37,19,105400,43.2,65.1,3.1,1,3,Smartphone,Phone,12,700,0.19,6804.0,3740.09,3063.91,19,3.6,3,No
582,2025-04-27 10:22:46.055351784,Marketing,North,Male,Master,Contract,24,6,59200,37.5,81.0,3.5,2,4,Headphones,Store,11,120,0.07,1227.6,961.75,265.85,24,5.0,4,Yes
583,2025-04-27 15:11:20.626875626,Marketing,West,Male,Bachelor,Full-time,24,3,53100,38.4,73.2,1.9,2,0,Monitor,Email,2,250,0.23,385.0,262.18,122.82,57,4.1,7,No
584,2025-04-27 19:59:55.198399466,IT,Central,Male,,Full-time,37,16,105000,35.7,63.6,2.4,1,0,Smartphone,Mobile App,14,700,0.24,7448.0,3956.75,3491.25,23,4.2,3,No
585,2025-04-28 00:48:29.769923308,Customer Support,South,Male,High School,Contract,22,0,25000,40.1,87.0,2.2,2,4,Laptop,Website,8,900,0.22,5616.0,4004.01,1611.99,29,3.6,2,No
586,2025-04-28 05:37:04.341447150,HR,South,Male,Bachelor,Contract,29,11,64900,39.6,59.1,3.8,3,4,Smartphone,Mobile App,6,700,0.14,3612.0,2438.84,1173.16,39,3.7,2,No
587,2025-04-28 10:25:38.912970990,Sales,East,Female,Bachelor,Full-time,39,12,79600,33.9,65.4,4.3,2,4,Keyboard,Store,3,60,0.11,160.2,93.89,66.31,19,3.8,3,Yes
588,2025-04-28 15:14:13.484494832,Operations,West,Female,Master,Part-time,25,5,63400,43.9,57.5,2.2,0,0,Keyboard,Website,13,60,0.01,772.2,578.63,193.57,28,4.6,11,No
589,2025-04-28 20:02:48.056018674,Operations,North,Male,Master,Full-time,48,20,109500,36.4,84.9,3.4,5,2,Keyboard,Mobile App,5,60,0.24,228.0,182.42,45.58,46,4.8,7,No
590,2025-04-29 00:51:22.627542514,IT,West,Male,Bachelor,Full-time,45,27,140200,47.1,71.4,3.7,2,1,Smartphone,Mobile App,5,700,0.24,2660.0,1640.7,1019.3,33,3.7,1,No
591,2025-04-29 05:39:57.199066356,Customer Support,West,Male,Master,Full-time,20,0,27200,41.1,62.7,3.7,6,5,Headphones,Phone,12,120,0.0,1440.0,962.17,477.83,58,4.0,4,No
592,2025-04-29 10:28:31.770590198,Marketing,North,Male,Master,Contract,26,0,49100,39.6,77.8,5.0,5,5,Monitor,Store,1,250,0.09,227.5,127.05,100.45,18,3.8,3,No
593,2025-04-29 15:17:06.342114038,Marketing,East,Male,Master,Part-time,18,0,49300,32.5,92.5,3.6,4,3,Tablet,Phone,13,500,0.22,5070.0,4050.63,1019.37,34,4.5,6,No
594,2025-04-29 20:05:40.913637880,Operations,West,Female,PhD,Full-time,27,3,65900,42.7,42.6,2.8,0,1,Tablet,Website,5,500,0.02,2450.0,1508.32,941.68,33,4.3,2,No
595,2025-04-30 00:54:15.485161722,IT,South,Male,Master,Full-time,41,16,117900,39.8,80.0,4.1,6,3,Tablet,Phone,6,500,0.05,2850.0,1648.54,1201.46,38,3.9,2,No
596,2025-04-30 05:42:50.056685562,HR,North,Male,Bachelor,Full-time,30,12,78200,40.9,94.5,4.8,4,0,Headphones,Store,10,120,0.24,912.0,605.14,306.86,23,4.7,3,No
597,2025-04-30 10:31:24.628209404,Marketing,Central,Male,Bachelor,Full-time,38,16,106500,46.6,92.2,2.5,6,2,Mouse,Email,10,35,0.21,276.5,147.37,129.13,31,4.4,3,No
598,2025-04-30 15:19:59.199733244,HR,East,Female,Bachelor,Full-time,20,1,26800,44.3,68.8,3.9,4,1,Laptop,Email,11,900,0.23,7623.0,4542.17,3080.83,47,3.5,5,No
599,2025-04-30 20:08:33.771257086,Customer Support,North,Female,Master,Full-time,41,23,122300,45.6,73.3,3.5,2,4,Laptop,Website,11,900,0.04,9504.0,5134.99,4369.01,35,4.0,3,No
600,2025-05-01 00:57:08.342780928,Marketing,Central,Female,Bachelor,Full-time,29,9,75600,27.9,74.7,2.7,2,4,Keyboard,Email,11,60,0.05,627.0,350.0,277.0,25,3.9,6,No
601,2025-05-01 05:45:42.914304768,Marketing,Central,Male,High School,Full-time,34,10,79400,39.0,68.6,3.0,8,4,Keyboard,Phone,13,60,0.15,663.0,367.07,295.93,63,3.3,2,No
602,2025-05-01 10:34:17.485828610,Finance,West,Male,High School,Full-time,33,15,97600,32.0,84.0,4.8,3,5,Smartphone,Website,2,700,0.13,1218.0,952.14,265.86,39,3.8,6,No
603,2025-05-01 15:22:52.057352452,Marketing,West,Female,Master,Full-time,23,0,33700,42.4,51.1,4.1,5,1,Tablet,Store,3,500,0.07,1395.0,1114.79,280.21,45,4.8,2,No
604,2025-05-01 20:11:26.628876292,Sales,West,Female,Master,Full-time,24,5,46600,30.6,79.5,3.8,1,2,Smartphone,Website,10,700,0.22,5460.0,3616.47,1843.53,47,4.8,5,No
605,2025-05-02 01:00:01.200400134,IT,North,Female,Bachelor,Full-time,43,24,130500,45.3,71.0,2.3,4,2,Tablet,Website,5,500,0.23,1925.0,1365.07,559.93,37,4.6,3,No
606,2025-05-02 05:48:35.771923976,IT,North,Male,Bachelor,Full-time,38,17,110800,47.8,85.1,4.0,6,4,Keyboard,Mobile App,14,60,0.07,781.2,569.32,211.88,29,4.5,6,No
607,2025-05-02 10:37:10.343447816,HR,East,Male,Master,Full-time,43,23,131000,39.1,86.4,4.4,2,1,Monitor,Mobile App,13,250,0.04,3120.0,1988.67,1131.33,40,4.1,1,No
608,2025-05-02 15:25:44.914971658,Customer Support,West,Female,High School,Full-time,37,17,77600,41.7,73.4,2.4,1,4,Mouse,Website,3,35,0.04,100.8,63.61,37.19,30,3.6,2,No
609,2025-05-02 20:14:19.486495500,Marketing,Central,Female,Bachelor,Contract,35,8,69500,47.8,63.9,3.5,4,3,Smartphone,Email,5,700,0.12,3080.0,2225.83,854.17,42,4.4,6,No
610,2025-05-03 01:02:54.058019340,Sales,South,Male,Bachelor,Full-time,18,0,25000,50.4,85.5,4.3,3,3,Mouse,Mobile App,5,35,0.03,169.75,107.45,62.3,36,2.8,4,No
611,2025-05-03 05:51:28.629543182,HR,East,Female,PhD,Full-time,32,12,87300,48.4,55.4,4.2,3,1,Mouse,Store,8,35,0.12,246.4,171.08,75.32,50,3.5,1,No
612,2025-05-03 10:40:03.201067022,Finance,North,Male,Bachelor,Full-time,34,6,71700,42.7,58.3,4.0,2,3,Mouse,Phone,10,35,0.12,308.0,207.76,100.24,24,4.8,3,No
613,2025-05-03 15:28:37.772590864,HR,East,Female,Bachelor,Full-time,52,28,122300,48.1,71.0,3.5,1,0,Keyboard,Mobile App,9,60,0.22,421.2,285.29,135.91,47,3.7,5,Yes
614,2025-05-03 20:17:12.344114706,HR,East,Male,Master,Full-time,40,18,95100,35.2,65.2,4.4,3,0,Laptop,Website,8,900,0.07,6696.0,5147.94,1548.06,45,4.4,2,No
615,2025-05-04 01:05:46.915638546,Marketing,East,Male,Bachelor,Full-time,48,27,125800,36.6,69.2,3.6,4,0,Keyboard,Email,12,60,0.14,619.2,452.77,166.43,35,3.7,6,No
616,2025-05-04 05:54:21.487162388,Finance,East,Female,Bachelor,Contract,39,19,111100,44.7,68.0,3.9,3,3,Mouse,Phone,3,35,0.19,85.05,68.74,16.31,47,4.4,6,No
617,2025-05-04 10:42:56.058686230,HR,South,Male,Bachelor,Part-time,28,7,49500,40.1,71.7,3.8,6,2,Keyboard,Mobile App,1,60,0.15,51.0,38.62,12.38,43,2.9,5,No
618,2025-05-04 15:31:30.630210070,Sales,West,Male,PhD,Full-time,35,16,109700,43.4,91.3,2.6,2,0,Mouse,Email,14,35,0.24,372.4,209.94,162.46,46,,6,No
619,2025-05-04 20:20:05.201733912,Sales,Central,Female,Bachelor,Full-time,36,18,96100,44.6,57.0,2.8,1,4,Headphones,Email,3,120,0.15,306.0,226.91,79.09,45,3.2,3,Yes
620,2025-05-05 01:08:39.773257754,IT,East,Male,Master,Part-time,26,6,86400,44.7,65.9,2.3,1,2,Tablet,Email,1,500,0.23,385.0,277.08,107.92,39,3.0,7,No
621,2025-05-05 05:57:14.344781594,Finance,East,Female,PhD,Full-time,31,3,66100,30.7,82.7,3.2,1,1,Laptop,Website,13,900,0.06,10998.0,7850.52,3147.48,31,4.9,6,No
622,2025-05-05 10:45:48.916305436,Finance,East,Male,Master,Contract,32,13,95800,43.4,72.5,4.1,5,3,Headphones,Store,11,120,0.14,1135.2,754.03,381.17,31,4.0,4,No
623,2025-05-05 15:34:23.487829276,IT,West,Female,Master,Full-time,48,30,161500,36.8,59.4,3.8,4,4,Monitor,Email,9,250,0.14,1935.0,1042.46,892.54,35,3.8,1,No
624,2025-05-05 20:22:58.059353118,HR,North,Male,Master,Part-time,18,0,38200,41.3,70.9,3.5,3,1,Keyboard,Phone,12,60,0.25,540.0,434.94,105.06,48,5.0,1,No
625,2025-05-06 01:11:32.630876960,Finance,North,Male,PhD,Full-time,45,26,157900,37.8,52.4,4.6,3,3,Monitor,Mobile App,13,250,0.05,3087.5,2394.6,692.9,46,4.5,6,No
626,2025-05-06 06:00:07.202400800,Sales,South,Female,PhD,Full-time,26,0,62800,37.9,85.4,3.3,0,5,Smartphone,Phone,3,700,0.04,2016.0,1342.74,673.26,50,3.7,1,No
627,2025-05-06 10:48:41.773924642,Sales,North,Female,PhD,Full-time,22,0,49600,36.9,73.5,3.9,4,3,Keyboard,Website,14,60,0.15,714.0,405.25,308.75,51,3.9,2,No
628,2025-05-06 15:37:16.345448484,Marketing,East,Male,Bachelor,Full-time,45,19,105100,43.8,100.0,3.2,3,4,Tablet,Website,8,500,0.06,3760.0,2885.21,874.79,35,4.8,5,No
629,2025-05-06 20:25:50.916972324,Finance,East,Female,Bachelor,Contract,41,16,90700,39.2,57.4,2.3,4,5,Headphones,Phone,6,120,0.16,604.8,392.64,212.16,62,3.3,1,No
630,2025-05-07 01:14:25.488496166,HR,East,Female,High School,Full-time,45,17,94600,38.8,63.4,2.9,2,3,Tablet,Store,3,500,0.24,1140.0,726.22,413.78,37,5.0,9,No
631,2025-05-07 06:03:00.060020008,IT,South,Male,Bachelor,Full-time,41,18,113100,38.3,74.2,2.9,1,3,Smartphone,Website,9,700,0.24,4788.0,3445.52,1342.48,32,3.7,4,Yes
632,2025-05-07 10:51:34.631543848,IT,East,Female,PhD,Contract,53,35,184200,42.9,89.1,2.4,1,3,Mouse,Website,8,35,0.06,263.2,196.77,66.43,42,3.4,7,No
633,2025-05-07 15:40:09.203067690,HR,North,Male,Master,Full-time,39,12,87000,35.7,65.7,3.4,5,2,Tablet,Phone,3,500,0.04,1440.0,775.95,664.05,44,4.8,6,No
634,2025-05-07 20:28:43.774591532,Customer Support,West,Female,Bachelor,Full-time,33,11,76800,47.9,62.9,2.9,2,0,Tablet,Website,7,500,,3010.0,2258.3,751.7,29,4.5,1,No
635,2025-05-08 01:17:18.346115372,Operations,West,Male,Bachelor,Part-time,37,19,115600,36.7,73.0,4.7,5,5,Mouse,Store,5,35,0.15,148.75,110.1,38.65,36,2.8,5,No
636,2025-05-08 06:05:52.917639214,Marketing,Central,Female,Bachelor,Part-time,45,21,113100,37.8,63.3,3.3,2,4,Keyboard,Store,2,60,0.17,99.6,69.4,30.2,33,3.9,4,No
637,2025-05-08 10:54:27.489163054,IT,North,Male,Bachelor,Contract,27,0,56000,40.1,78.2,2.8,5,2,Mouse,Store,14,35,0.19,396.9,246.68,150.22,40,3.2,4,No
638,2025-05-08 15:43:02.060686896,Finance,East,Male,Master,Part-time,28,0,67100,42.4,73.0,2.6,3,4,Headphones,Mobile App,8,120,0.15,816.0,464.66,351.34,48,4.6,4,No
639,2025-05-08 20:31:36.632210738,Marketing,West,Female,Bachelor,Contract,31,6,47700,39.1,81.1,2.6,4,2,Tablet,Store,1,500,0.03,485.0,267.14,217.86,35,5.0,6,No
640,2025-05-09 01:20:11.203734578,Finance,North,Female,High School,Contract,18,0,48500,38.8,83.6,4.2,4,3,Mouse,Store,4,35,0.2,112.0,58.28,53.72,45,4.4,7,No
641,2025-05-09 06:08:45.775258420,Customer Support,West,Male,Bachelor,Full-time,35,11,63600,45.4,76.8,4.3,1,5,Smartphone,Mobile App,11,700,0.02,7546.0,4391.3,3154.7,21,,2,No
642,2025-05-09 10:57:20.346782262,Sales,East,Female,Bachelor,Full-time,18,0,30600,28.6,87.0,1.9,3,3,Smartphone,Email,13,700,0.0,9100.0,5854.95,3245.05,49,4.6,4,No
643,2025-05-09 15:45:54.918306102,Marketing,West,Male,PhD,Part-time,34,12,94900,37.1,67.6,5.0,1,5,Tablet,Website,11,500,0.19,4455.0,2642.23,1812.77,33,4.0,7,Yes
644,2025-05-09 20:34:29.489829944,IT,Central,Male,Bachelor,Full-time,42,21,115700,35.9,53.2,3.6,2,5,Headphones,Store,12,120,0.14,1238.4,758.76,479.64,32,3.9,4,No
645,2025-05-10 01:23:04.061353786,Marketing,Central,Female,Master,Full-time,30,8,63700,38.0,58.0,4.3,4,5,Monitor,Website,13,250,0.17,2697.5,1718.67,978.83,43,3.7,4,No
646,2025-05-10 06:11:38.632877626,Marketing,West,Female,Bachelor,Part-time,49,22,112500,47.0,70.9,2.9,3,2,Headphones,Phone,4,120,0.1,432.0,264.59,167.41,43,4.1,4,Yes
647,2025-05-10 11:00:13.204401468,Marketing,North,Female,High School,Contract,21,0,28000,36.6,77.4,2.7,3,3,Laptop,Website,13,900,0.0,11700.0,8627.42,3072.58,37,4.0,8,No
648,2025-05-10 15:48:47.775925308,Operations,North,Male,Bachelor,Full-time,45,24,116000,39.5,79.6,3.3,6,5,Laptop,Mobile App,10,900,0.08,8280.0,5527.05,2752.95,27,2.3,5,No
649,2025-05-10 20:37:22.347449150,Marketing,North,Female,Master,Full-time,40,15,86900,42.7,63.6,3.8,1,0,Laptop,Website,14,900,0.15,10710.0,5631.3,5078.7,32,,8,No
650,2025-05-11 01:25:56.918972992,Finance,West,Female,Bachelor,Full-time,19,0,55800,36.1,83.3,3.7,3,4,Tablet,Website,5,500,0.06,2350.0,1381.8,968.2,39,3.9,7,No
651,2025-05-11 06:14:31.490496832,Sales,North,Female,Bachelor,Full-time,58,39,162700,28.6,41.8,4.4,2,5,Smartphone,Website,4,700,0.17,2324.0,1703.25,620.75,44,4.2,4,No
652,2025-05-11 11:03:06.062020674,Customer Support,East,Male,High School,Full-time,33,10,61500,27.2,64.9,2.1,6,3,Keyboard,Email,1,60,0.2,48.0,29.29,18.71,28,2.6,5,No
653,2025-05-11 15:51:40.633544516,HR,Central,Female,Bachelor,Full-time,26,4,59100,46.7,78.4,4.2,0,5,Smartphone,Email,14,700,0.11,8722.0,6943.08,1778.92,30,4.4,8,No
654,2025-05-11 20:40:15.205068356,Marketing,East,Female,High School,Full-time,21,2,45300,42.3,83.9,3.9,4,5,Keyboard,Phone,7,60,0.22,327.6,240.39,87.21,41,4.0,2,No
655,2025-05-12 01:28:49.776592198,IT,North,Male,Bachelor,Full-time,32,5,67600,38.4,81.8,3.7,6,1,Keyboard,Mobile App,10,60,0.21,474.0,287.71,186.29,37,4.3,6,No
656,2025-05-12 06:17:24.348116040,Marketing,East,Female,Master,Contract,33,12,79400,38.3,84.1,2.4,4,2,Smartphone,Website,11,700,0.22,6006.0,4053.59,1952.41,40,2.9,6,No
657,2025-05-12 11:05:58.919639880,IT,North,Male,High School,Part-time,35,11,81300,35.7,74.3,2.9,4,5,Tablet,Website,2,500,0.17,830.0,597.74,232.26,18,3.1,3,No
658,2025-05-12 15:54:33.491163722,Finance,West,Female,High School,Full-time,31,13,73400,40.8,70.4,4.0,3,2,Headphones,Website,10,120,0.08,1104.0,638.12,465.88,34,2.7,3,No
659,2025-05-12 20:43:08.062687564,IT,East,Male,High School,Full-time,40,14,89400,43.6,47.6,1.5,3,5,Keyboard,Website,3,60,0.12,158.4,94.07,64.33,48,4.1,4,No
660,2025-05-13 01:31:42.634211404,HR,West,Male,PhD,Full-time,31,4,63300,35.5,68.9,2.0,3,3,Monitor,Email,5,250,0.18,1025.0,688.94,336.06,31,3.8,5,No
661,2025-05-13 06:20:17.205735246,Sales,West,Male,Bachelor,Contract,18,0,35200,41.3,57.1,3.9,3,2,Smartphone,Phone,8,700,0.05,5320.0,4242.53,1077.47,44,3.9,7,No
662,2025-05-13 11:08:51.777259086,IT,South,Female,Master,Full-time,33,11,86400,35.7,80.0,3.9,2,1,Smartphone,Store,10,700,0.18,5740.0,3577.19,2162.81,23,3.0,5,No
663,2025-05-13 15:57:26.348782928,IT,North,Female,Bachelor,Contract,18,0,32700,39.5,54.2,2.9,1,2,Laptop,Mobile App,8,900,0.14,6192.0,3966.84,2225.16,19,3.2,1,No
664,2025-05-13 20:46:00.920306770,Sales,Central,Male,Master,Part-time,37,12,97300,37.2,70.0,2.9,3,1,Headphones,Website,14,120,0.02,1646.4,950.28,696.12,43,2.3,7,No
665,2025-05-14 01:34:35.491830610,HR,North,Female,Bachelor,Full-time,25,6,65300,44.5,56.5,4.3,4,2,Laptop,Phone,2,900,0.14,1548.0,1080.45,467.55,37,3.1,6,No
666,2025-05-14 06:23:10.063354452,Marketing,Central,Female,Bachelor,Full-time,35,14,92900,40.0,71.8,4.2,4,2,Smartphone,Store,9,700,0.02,6174.0,4581.39,1592.61,34,3.5,4,No
667,2025-05-14 11:11:44.634878294,IT,North,Female,Master,Contract,46,27,152900,34.2,70.3,3.2,3,1,Smartphone,Phone,6,700,0.0,4200.0,2739.21,1460.79,48,3.6,3,No
668,2025-05-14 16:00:19.206402134,Sales,West,Male,Master,Full-time,25,4,59500,39.6,49.2,2.5,1,4,Keyboard,Email,9,60,0.22,421.2,313.83,107.37,34,4.0,2,No
669,2025-05-14 20:48:53.777925976,Finance,East,Female,Master,Full-time,44,21,117300,44.9,76.5,4.7,3,5,Headphones,Store,14,120,0.12,1478.4,902.98,575.42,30,4.5,6,No
670,2025-05-15 01:37:28.349449818,Sales,East,Male,Master,Full-time,30,7,63200,34.0,68.3,2.5,2,0,Mouse,Phone,4,35,0.14,120.4,88.14,32.26,29,3.5,1,No
671,2025-05-15 06:26:02.920973658,Finance,South,Male,Bachelor,Full-time,50,31,164600,38.6,72.4,4.0,4,5,Monitor,Email,3,250,0.07,697.5,416.76,280.74,27,4.3,6,Yes
672,2025-05-15 11:14:37.492497500,HR,Central,Female,Bachelor,Full-time,31,3,60600,38.0,66.6,4.5,3,1,Keyboard,Phone,14,60,0.14,722.4,544.83,177.57,44,4.5,3,No
673,2025-05-15 16:03:12.064021340,Marketing,Central,Female,Bachelor,Contract,26,5,51800,41.0,62.7,3.5,3,0,Smartphone,Phone,14,700,0.04,9408.0,7236.56,2171.44,34,4.8,5,No
674,2025-05-15 20:51:46.635545182,Sales,Central,Male,Master,Full-time,40,19,110500,38.9,81.8,3.0,2,5,Keyboard,Store,5,60,0.19,243.0,184.51,58.49,52,4.3,1,No
675,2025-05-16 01:40:21.207069024,Customer Support,West,Female,Bachelor,Part-time,30,12,81600,41.8,85.4,2.2,3,5,Monitor,Email,5,250,0.21,987.5,577.33,410.17,18,4.1,1,No
676,2025-05-16 06:28:55.778592864,Customer Support,Central,Female,PhD,Full-time,26,7,75300,36.4,84.6,3.5,0,2,Smartphone,Website,4,700,0.21,2212.0,1610.94,601.06,49,3.2,3,Yes
677,2025-05-16 11:17:30.350116706,Operations,East,Male,Bachelor,Full-time,30,10,74500,39.1,54.2,2.3,4,4,Monitor,Mobile App,13,250,0.03,3152.5,2148.62,1003.88,42,4.2,2,No
678,2025-05-16 16:06:04.921640548,IT,West,Female,Master,Full-time,34,6,75500,39.0,90.1,3.7,1,1,Mouse,Store,7,35,0.14,210.7,171.89,38.81,37,3.7,6,No
679,2025-05-16 20:54:39.493164388,HR,North,Male,Bachelor,Contract,46,24,110600,49.0,79.3,1.9,5,4,Keyboard,Email,8,60,0.2,384.0,241.33,142.67,23,5.0,5,No
680,2025-05-17 01:43:14.064688230,Sales,Central,Male,Bachelor,Full-time,18,0,33600,41.6,88.2,2.2,3,1,Tablet,Phone,5,500,0.03,2425.0,1822.09,602.91,18,4.1,8,No
681,2025-05-17 06:31:48.636212072,Customer Support,Central,Female,Master,Part-time,34,9,70300,44.2,88.0,3.6,2,5,Keyboard,Email,9,60,0.02,529.2,333.94,195.26,47,3.9,5,No
682,2025-05-17 11:20:23.207735912,IT,North,Male,Bachelor,Full-time,40,17,84800,49.2,76.5,4.2,4,3,Laptop,Mobile App,7,900,0.2,5040.0,3220.85,1819.15,41,5.0,3,No
683,2025-05-17 16:08:57.779259754,Customer Support,Central,Female,PhD,Part-time,36,16,106800,41.3,61.7,3.3,1,1,Headphones,Mobile App,13,120,0.2,1248.0,690.52,557.48,41,3.7,6,No
684,2025-05-17 20:57:32.350783596,Sales,North,Female,Master,Full-time,46,23,145400,38.9,62.1,4.3,7,0,Headphones,Website,13,120,0.11,1388.4,821.79,566.61,37,4.0,3,No
685,2025-05-18 01:46:06.922307436,Finance,West,Female,Bachelor,Full-time,33,9,70600,35.1,63.2,3.1,2,3,Laptop,Website,7,900,0.03,6111.0,3479.27,2631.73,48,5.0,3,Yes
686,2025-05-18 06:34:41.493831278,Sales,East,Male,Master,Full-time,32,9,75800,33.8,69.6,,3,2,Smartphone,Mobile App,8,700,0.13,4872.0,2766.13,2105.87,31,4.2,4,No
687,2025-05-18 11:23:16.065355118,Operations,North,Male,Master,Full-time,39,12,79400,29.2,59.1,2.4,3,5,Headphones,Store,12,120,0.1,1296.0,677.43,618.57,34,4.8,7,No
688,2025-05-18 16:11:50.636878960,Sales,South,Male,Bachelor,Full-time,35,12,69200,44.4,49.7,2.9,5,1,Monitor,Store,4,250,0.13,870.0,659.58,210.42,36,5.0,6,No
689,2025-05-18 21:00:25.208402802,Sales,North,Female,Bachelor,Full-time,30,12,76200,42.3,50.1,4.6,3,5,Headphones,Phone,10,120,0.11,1068.0,705.29,362.71,35,3.6,6,No
690,2025-05-19 01:48:59.779926642,Operations,Central,Female,Bachelor,Part-time,39,19,110200,38.8,71.6,3.3,0,0,Headphones,Website,13,120,0.14,1341.6,1021.29,320.31,54,4.6,8,No
691,2025-05-19 06:37:34.351450484,HR,West,Male,Master,Full-time,28,4,53900,38.7,68.5,4.3,2,2,Laptop,Phone,13,900,0.18,9594.0,6751.92,2842.08,23,3.8,6,No
692,2025-05-19 11:26:08.922974326,Sales,West,Female,Master,Full-time,28,7,65100,35.0,78.6,2.4,3,0,Smartphone,Website,6,700,0.19,3402.0,2617.5,784.5,18,5.0,2,No
693,2025-05-19 16:14:43.494498166,Operations,North,Female,Bachelor,Part-time,29,8,70500,42.5,69.7,2.7,5,2,Mouse,Mobile App,5,35,0.16,147.0,98.66,48.34,21,5.0,5,No
694,2025-05-19 21:03:18.066022008,IT,East,Male,Bachelor,Full-time,46,22,126800,37.0,87.0,4.0,3,5,Headphones,Store,1,120,0.05,114.0,62.5,51.5,46,4.5,7,No
695,2025-05-20 01:51:52.637545850,Finance,South,Male,Bachelor,Full-time,18,0,45500,38.7,64.3,2.3,3,1,Tablet,Store,14,500,0.1,6300.0,4441.68,1858.32,37,4.7,1,No
696,2025-05-20 06:40:27.209069690,Finance,West,Male,High School,Full-time,38,10,83700,34.4,76.3,2.5,4,4,Headphones,Mobile App,13,120,0.02,1528.8,1105.83,422.97,19,3.5,4,No
697,2025-05-20 11:29:01.780593532,Sales,Central,Female,Master,Contract,34,15,106100,35.3,79.2,3.4,6,2,Mouse,Phone,9,35,0.11,280.35,198.47,81.88,39,5.0,2,No
698,2025-05-20 16:17:36.352117374,HR,Central,Female,Master,Full-time,19,0,55500,44.7,72.7,4.6,2,5,Laptop,Phone,2,900,0.24,1368.0,1040.23,327.77,34,3.4,4,No
699,2025-05-20 21:06:10.923641214,HR,East,Female,Bachelor,Full-time,37,17,83600,45.6,85.2,,6,4,Mouse,Email,6,35,0.16,176.4,130.44,45.96,45,4.3,6,No
700,2025-05-21 01:54:45.495165056,IT,West,Male,Master,Full-time,38,15,115200,33.8,78.8,3.3,1,2,Laptop,Website,8,900,0.04,6912.0,4491.35,2420.65,48,3.5,7,No
701,2025-05-21 06:43:20.066688896,Sales,North,Male,Bachelor,Full-time,39,18,114800,43.0,82.5,3.6,5,4,Monitor,Phone,3,250,0.07,697.5,534.1,163.4,68,4.6,4,Yes
702,2025-05-21 11:31:54.638212738,Finance,Central,Male,Bachelor,Full-time,18,0,28300,36.3,63.7,2.1,2,1,Laptop,Mobile App,5,900,0.02,4410.0,3208.43,1201.57,24,5.0,5,Yes
703,2025-05-21 16:20:29.209736580,HR,East,Male,Bachelor,Full-time,46,20,104800,37.5,69.1,3.0,2,0,Monitor,Phone,14,250,0.05,3325.0,1849.07,1475.93,18,4.3,1,No
704,2025-05-21 21:09:03.781260420,Sales,West,Female,Bachelor,Full-time,27,0,32100,46.0,43.6,3.9,3,1,Monitor,Store,7,250,0.12,1540.0,1050.22,489.78,45,4.2,1,No
705,2025-05-22 01:57:38.352784262,Customer Support,West,Male,Master,Full-time,40,17,99300,38.6,71.2,3.7,3,2,Laptop,Website,4,900,0.09,3276.0,2419.54,856.46,50,3.9,6,No
706,2025-05-22 06:46:12.924308104,HR,West,Female,Bachelor,Full-time,41,16,101300,38.5,54.2,4.0,1,3,Tablet,Email,14,500,0.05,6650.0,4561.81,2088.19,23,4.1,1,No
707,2025-05-22 11:34:47.495831944,Operations,West,Male,Bachelor,Full-time,26,7,49900,31.8,100.0,4.1,4,0,Keyboard,Website,12,60,0.04,691.2,556.21,134.99,23,3.8,3,No
708,2025-05-22 16:23:22.067355786,Customer Support,West,Female,Bachelor,Full-time,40,16,91200,38.3,75.9,3.7,2,4,Laptop,Store,5,900,,3780.0,2080.69,1699.31,42,5.0,5,No
709,2025-05-22 21:11:56.638879628,HR,Central,Male,High School,Full-time,31,8,52900,36.9,66.8,1.5,2,0,Headphones,Store,1,120,0.14,103.2,76.03,27.17,59,4.6,4,No
710,2025-05-23 02:00:31.210403468,Finance,East,Female,Bachelor,Full-time,18,0,53600,42.3,81.8,3.8,2,0,Tablet,Store,4,500,0.21,1580.0,1212.39,367.61,27,3.8,1,No
711,2025-05-23 06:49:05.781927310,Marketing,West,Female,Bachelor,Full-time,45,26,130800,37.3,53.9,3.1,3,1,Tablet,Store,14,500,0.05,6650.0,4859.79,1790.21,39,4.0,5,No
712,2025-05-23 11:37:40.353451150,Customer Support,South,Male,Master,Full-time,27,6,59600,46.1,65.6,3.2,5,2,Headphones,Mobile App,14,120,0.21,1327.2,843.67,483.53,18,5.0,2,No
713,2025-05-23 16:26:14.924974992,IT,South,Female,Master,Full-time,26,5,66000,42.0,67.5,3.2,2,5,Keyboard,Email,7,60,0.14,361.2,229.59,131.61,36,4.2,4,Yes
714,2025-05-23 21:14:49.496498834,IT,East,Male,Bachelor,Full-time,30,10,106900,41.0,80.4,3.7,1,5,Tablet,Store,12,500,0.07,5580.0,3883.51,1696.49,37,5.0,3,No
715,2025-05-24 02:03:24.068022674,Finance,North,Female,Master,Part-time,36,11,91000,43.5,59.3,2.3,1,1,Monitor,Store,10,250,0.07,2325.0,1485.98,839.02,56,3.6,3,No
716,2025-05-24 06:51:58.639546516,HR,North,Male,High School,Contract,33,9,48700,41.0,62.9,2.1,0,2,Keyboard,Phone,7,60,,378.0,296.71,81.29,30,4.3,1,No
717,2025-05-24 11:40:33.211070358,Sales,North,Male,Bachelor,Full-time,39,20,99700,43.6,73.5,2.5,2,3,Smartphone,Email,10,700,0.12,6160.0,3406.35,2753.65,46,3.6,3,Yes
718,2025-05-24 16:29:07.782594198,HR,South,Male,Bachelor,Full-time,22,2,45700,39.3,80.2,4.2,1,1,Headphones,Website,10,120,0.02,1176.0,837.01,338.99,29,3.6,6,No
719,2025-05-24 21:17:42.354118040,Finance,North,Female,High School,Full-time,27,0,31400,39.6,74.7,3.2,5,3,Keyboard,Email,4,60,0.21,189.6,106.22,83.38,39,4.6,3,No
720,2025-05-25 02:06:16.925641882,IT,Central,Female,Master,Full-time,33,7,74000,36.0,60.2,3.9,1,2,Laptop,Email,12,900,0.03,10476.0,7145.13,3330.87,63,3.4,3,No
721,2025-05-25 06:54:51.497165722,HR,West,Male,High School,Part-time,51,29,140400,36.4,73.4,3.9,1,0,Keyboard,Email,6,60,0.12,316.8,232.74,84.06,60,3.2,3,No
722,2025-05-25 11:43:26.068689564,IT,South,Female,Master,Full-time,33,14,112100,46.5,63.1,3.8,1,3,Monitor,Store,13,250,0.1,2925.0,1666.24,1258.76,62,4.5,1,No
723,2025-05-25 16:32:00.640213406,Customer Support,East,Male,Bachelor,Full-time,44,24,111900,42.3,59.7,3.9,3,3,Laptop,Store,5,900,0.13,3915.0,2862.69,1052.31,43,3.7,2,No
724,2025-05-25 21:20:35.211737246,Sales,East,Female,High School,Full-time,34,9,74000,32.3,77.3,3.1,3,2,Mouse,Mobile App,1,35,0.22,27.3,15.34,11.96,35,3.8,4,No
725,2025-05-26 02:09:09.783261088,Customer Support,West,Male,Master,Full-time,30,9,65100,45.3,79.1,4.0,4,2,Headphones,Website,8,120,0.25,720.0,508.44,211.56,41,2.7,9,No
726,2025-05-26 06:57:44.354784928,IT,South,Male,Bachelor,Full-time,32,13,108700,40.6,71.8,3.8,1,1,Headphones,Phone,12,120,0.01,1425.6,957.53,468.07,44,3.1,6,No
727,2025-05-26 11:46:18.926308770,IT,North,Male,Bachelor,Full-time,32,13,98300,36.0,78.6,2.2,4,1,Keyboard,Email,7,60,0.1,378.0,230.36,147.64,43,4.2,5,No
728,2025-05-26 16:34:53.497832612,Marketing,North,Male,Bachelor,Full-time,39,16,94600,48.9,82.0,3.5,2,2,Tablet,Website,5,500,0.2,2000.0,1106.93,893.07,29,3.8,8,No
729,2025-05-26 21:23:28.069356452,Marketing,Central,Male,High School,Full-time,46,21,101000,46.3,40.2,3.4,3,3,Laptop,Website,13,900,0.08,10764.0,7973.5,2790.5,29,4.6,5,No
730,2025-05-27 02:12:02.640880294,Customer Support,Central,Female,PhD,Full-time,37,13,90000,43.8,77.3,3.9,5,4,Mouse,Mobile App,10,35,0.16,294.0,186.56,107.44,31,3.4,6,No
731,2025-05-27 07:00:37.212404136,Operations,North,Female,Bachelor,Part-time,45,24,101100,40.8,92.1,3.5,2,1,Laptop,Phone,10,900,0.25,6750.0,3685.22,3064.78,51,3.9,4,Yes
732,2025-05-27 11:49:11.783927976,Customer Support,East,Female,High School,Full-time,25,6,46400,41.7,68.3,3.3,4,2,Headphones,Email,7,120,0.16,705.6,530.5,175.1,52,4.0,5,No
733,2025-05-27 16:37:46.355451818,Marketing,East,Female,Master,Full-time,30,4,56900,29.2,92.0,4.7,7,4,Laptop,Phone,10,900,0.03,8730.0,5149.55,3580.45,75,3.9,1,No
734,2025-05-27 21:26:20.926975660,IT,Central,Male,Bachelor,Full-time,27,6,52600,43.7,76.1,4.0,0,4,Mouse,Mobile App,3,35,0.21,82.95,61.46,21.49,43,4.4,3,Yes
735,2025-05-28 02:14:55.498499500,Finance,West,Male,Bachelor,Part-time,37,11,88900,40.9,73.0,3.5,1,4,Tablet,Store,8,500,0.24,3040.0,2095.99,944.01,29,3.2,3,Yes
736,2025-05-28 07:03:30.070023342,Customer Support,North,Male,Bachelor,Full-time,31,9,63100,41.2,75.5,2.6,2,4,Keyboard,Website,5,60,0.18,246.0,142.28,103.72,32,4.4,3,No
737,2025-05-28 11:52:04.641547184,IT,Central,Female,Bachelor,Full-time,41,13,104400,41.1,52.2,3.6,0,0,Monitor,Email,2,250,0.1,450.0,244.31,205.69,36,4.8,3,No
738,2025-05-28 16:40:39.213071024,Finance,Central,Male,High School,Full-time,26,0,31800,37.7,93.7,2.8,3,1,Laptop,Store,2,900,0.24,1368.0,954.83,413.17,56,3.4,7,No
739,2025-05-28 21:29:13.784594866,Finance,North,Female,Bachelor,Contract,34,10,89100,35.3,65.5,2.2,2,4,Monitor,Mobile App,4,250,0.24,760.0,400.95,359.05,47,4.3,3,No
740,2025-05-29 02:17:48.356118706,Marketing,North,Female,Master,Part-time,40,18,102000,40.5,56.4,3.2,4,4,Headphones,Phone,7,120,0.23,646.8,349.04,297.76,22,4.3,4,No
741,2025-05-29 07:06:22.927642548,Customer Support,East,Female,High School,Full-time,18,0,27500,33.3,65.1,3.2,4,2,Keyboard,Website,14,60,0.1,756.0,552.38,203.62,37,4.4,9,No
742,2025-05-29 11:54:57.499166390,HR,West,Male,Bachelor,Full-time,53,30,141900,41.4,72.3,4.3,4,5,Smartphone,Email,10,700,0.2,5600.0,3817.31,1782.69,20,4.0,6,No
743,2025-05-29 16:43:32.070690230,Sales,West,Female,Bachelor,Full-time,31,7,61100,34.9,86.7,4.3,5,2,Keyboard,Store,4,60,0.16,201.6,124.57,77.03,45,5.0,4,No
744,2025-05-29 21:32:06.642214072,Marketing,North,Female,Bachelor,Full-time,18,0,38700,44.8,71.0,4.0,4,5,Laptop,Store,9,900,0.04,7776.0,5301.43,2474.57,30,5.0,6,Yes
745,2025-05-30 02:20:41.213737914,Marketing,South,Female,Master,Part-time,35,12,67700,32.9,67.8,3.4,2,0,Tablet,Website,2,500,0.13,870.0,606.82,263.18,31,4.4,3,No
746,2025-05-30 07:09:15.785261754,HR,Central,Female,Bachelor,Full-time,34,14,82700,39.8,68.0,3.4,6,4,Keyboard,Phone,6,60,0.19,291.6,201.08,90.52,18,4.2,3,No
747,2025-05-30 11:57:50.356785596,Sales,Central,Female,High School,Full-time,33,6,52300,40.4,54.4,3.9,2,0,Laptop,Mobile App,4,900,0.22,2808.0,2001.45,806.55,47,4.0,3,No
748,2025-05-30 16:46:24.928309438,IT,North,Male,Bachelor,Contract,43,18,93100,46.1,65.2,4.0,5,5,Laptop,Phone,6,900,0.22,4212.0,3378.39,833.61,53,3.1,4,No
749,2025-05-30 21:34:59.499833278,Operations,South,Female,High School,Full-time,41,21,112300,41.3,64.3,3.8,3,2,Monitor,Phone,10,250,0.04,2400.0,1527.92,872.08,30,3.0,5,No
750,2025-05-31 02:23:34.071357120,Customer Support,East,Female,Master,Full-time,37,15,84300,35.9,75.3,3.9,3,5,Keyboard,Phone,9,60,0.12,475.2,290.04,185.16,36,3.2,2,Yes
751,2025-05-31 07:12:08.642880960,Operations,North,Female,High School,Full-time,38,12,83500,35.5,49.6,3.4,4,1,Laptop,Website,10,900,0.12,7920.0,4209.72,3710.28,32,4.2,5,No
752,2025-05-31 12:00:43.214404802,IT,North,Male,Bachelor,Full-time,33,5,66300,47.2,66.3,3.3,2,3,Monitor,Website,12,250,0.22,2340.0,1320.05,1019.95,35,3.9,5,No
753,2025-05-31 16:49:17.785928644,Marketing,Central,Female,Bachelor,Full-time,50,28,128800,39.8,89.0,1.7,1,3,Mouse,Mobile App,9,35,0.0,315.0,173.84,141.16,28,5.0,3,No
754,2025-05-31 21:37:52.357452484,Sales,North,Male,,Full-time,21,0,46000,39.0,77.5,3.2,2,5,Smartphone,Phone,9,700,0.18,5166.0,3206.19,1959.81,25,2.2,4,No
755,2025-06-01 02:26:26.928976326,Marketing,North,Female,Bachelor,Full-time,35,7,75500,36.5,84.2,2.9,5,0,Monitor,Website,9,250,0.15,1912.5,1344.48,568.02,54,4.0,2,Yes
756,2025-06-01 07:15:01.500500168,Finance,North,Male,High School,Full-time,35,11,76800,33.9,66.9,3.6,2,2,Monitor,Mobile App,3,250,0.23,577.5,308.33,269.17,18,4.3,1,No
757,2025-06-01 12:03:36.072024008,Marketing,Central,Male,PhD,Contract,41,19,131900,49.5,93.7,3.0,0,3,Laptop,Mobile App,12,900,0.11,9612.0,7096.53,2515.47,44,,2,No
758,2025-06-01 16:52:10.643547850,Marketing,East,Male,Bachelor,Contract,26,7,58900,40.3,82.4,3.6,3,4,Headphones,Phone,11,120,0.16,1108.8,708.78,400.02,41,4.1,5,No
759,2025-06-01 21:40:45.215071692,IT,East,Female,Master,Full-time,18,0,63700,34.5,72.9,2.0,4,1,Headphones,Email,14,120,0.24,1276.8,1033.0,243.8,58,4.3,5,No
760,2025-06-02 02:29:19.786595532,IT,North,Female,Bachelor,Full-time,35,11,83200,43.7,80.4,2.7,3,2,Tablet,Phone,9,500,0.19,3645.0,2516.93,1128.07,35,4.1,8,No
761,2025-06-02 07:17:54.358119374,IT,Central,Female,Master,Part-time,37,13,116900,43.0,55.9,2.9,5,0,Headphones,Email,3,120,0.02,352.8,265.1,87.7,34,4.3,4,Yes
762,2025-06-02 12:06:28.929643216,Operations,East,Female,Bachelor,Full-time,47,26,138700,33.8,55.7,2.7,2,2,Monitor,Mobile App,10,250,,2400.0,1868.05,531.95,28,4.0,4,No
763,2025-06-02 16:55:03.501167056,Finance,East,Male,Master,Full-time,23,5,71700,37.1,82.5,5.0,4,1,Tablet,Website,3,500,0.21,1185.0,932.18,252.82,42,5.0,5,No
764,2025-06-02 21:43:38.072690898,IT,East,Female,,Full-time,44,21,98700,42.3,86.7,1.9,2,5,Laptop,Store,5,900,0.08,4140.0,2796.73,1343.27,30,4.4,2,No
765,2025-06-03 02:32:12.644214738,Sales,Central,Female,Bachelor,Full-time,55,35,163500,43.6,60.0,4.0,3,2,Keyboard,Mobile App,6,60,0.18,295.2,188.64,106.56,24,4.1,6,No
766,2025-06-03 07:20:47.215738580,Operations,Central,Male,Master,Full-time,31,3,44400,36.2,83.1,4.3,3,5,Smartphone,Website,9,700,0.17,5229.0,3598.36,1630.64,29,3.5,5,No
767,2025-06-03 12:09:21.787262422,HR,North,Male,Bachelor,Full-time,22,0,38200,30.7,79.0,3.1,5,0,Smartphone,Mobile App,1,700,0.25,525.0,336.33,188.67,27,3.8,2,No
768,2025-06-03 16:57:56.358786262,Sales,West,Male,Bachelor,Part-time,30,9,80000,41.2,61.7,3.8,3,4,Monitor,Phone,8,250,0.12,1760.0,1042.3,717.7,26,5.0,5,No
769,2025-06-03 21:46:30.930310104,Customer Support,East,Male,High School,Full-time,34,15,86700,44.3,59.1,4.0,2,2,Monitor,Email,14,250,0.18,2870.0,1771.29,1098.71,39,2.3,6,No
770,2025-06-04 02:35:05.501833946,Customer Support,West,Female,Bachelor,Full-time,39,15,93200,39.7,62.6,3.6,1,0,Tablet,Mobile App,14,500,0.01,6930.0,4087.53,2842.47,36,4.0,1,No
771,2025-06-04 07:23:40.073357786,Sales,Central,Female,Bachelor,Full-time,29,7,58100,38.5,65.6,2.1,0,5,Laptop,Website,4,900,0.12,3168.0,1903.43,1264.57,45,4.0,6,No
772,2025-06-04 12:12:14.644881628,IT,Central,Male,High School,Full-time,48,24,113300,47.9,66.8,3.8,4,5,Mouse,Phone,10,35,0.05,332.5,182.24,150.26,40,4.4,3,No
773,2025-06-04 17:00:49.216405470,HR,Central,Male,Bachelor,Contract,24,0,28100,29.9,51.3,4.3,0,4,Monitor,Store,7,250,0.21,1382.5,895.78,486.72,24,4.2,1,No
774,2025-06-04 21:49:23.787929310,HR,West,Female,Bachelor,Full-time,18,0,32000,43.6,65.7,5.0,3,3,Mouse,Phone,6,35,0.21,165.9,97.98,67.92,18,5.0,6,No
775,2025-06-05 02:37:58.359453152,Operations,Central,Male,Bachelor,Part-time,44,22,114900,43.9,76.1,2.4,5,2,Mouse,Email,6,35,0.06,197.4,129.2,68.2,25,4.1,7,No
776,2025-06-05 07:26:32.930976992,HR,North,Male,Bachelor,Full-time,18,0,46400,36.1,80.6,3.4,9,4,Headphones,Phone,7,120,0.08,772.8,585.52,187.28,47,4.0,2,Yes
777,2025-06-05 12:15:07.502500834,Customer Support,Central,Male,Bachelor,Full-time,32,5,57100,28.4,64.3,3.5,2,5,Laptop,Store,4,900,0.18,2952.0,1932.07,1019.93,47,4.7,1,No
778,2025-06-05 17:03:42.074024676,Finance,South,Female,Master,Full-time,62,34,189000,43.8,91.4,3.4,3,3,Smartphone,Website,6,700,0.18,3444.0,2777.18,666.82,50,5.0,7,Yes
779,2025-06-05 21:52:16.645548516,IT,West,Female,Bachelor,Full-time,34,13,84500,41.6,72.3,2.2,4,5,Smartphone,Mobile App,3,700,0.16,1764.0,995.52,768.48,48,4.5,3,No
780,2025-06-06 02:40:51.217072358,HR,South,Female,Master,Full-time,24,2,59500,47.1,100.0,4.4,3,2,Mouse,Email,5,35,0.25,131.25,101.73,29.52,51,4.7,7,No
781,2025-06-06 07:29:25.788596200,Operations,Central,Male,Master,Full-time,33,11,91400,37.2,62.3,4.3,1,2,Smartphone,Store,13,700,0.22,7098.0,4219.6,2878.4,43,3.8,1,No
782,2025-06-06 12:18:00.360120040,Customer Support,North,Female,Master,Contract,34,9,70500,40.9,76.7,3.8,1,1,Laptop,Email,13,900,0.1,10530.0,8425.9,2104.1,60,4.1,7,No
783,2025-06-06 17:06:34.931643882,Finance,East,Male,Master,Contract,35,14,90400,31.6,70.9,3.2,3,2,Headphones,Phone,14,120,0.08,1545.6,909.04,636.56,42,5.0,6,No
784,2025-06-06 21:55:09.503167724,Marketing,Central,Female,Master,Full-time,40,19,104000,43.6,63.3,3.3,4,2,Laptop,Email,13,900,0.15,9945.0,7399.96,2545.04,62,4.4,5,No
785,2025-06-07 02:43:44.074691564,Marketing,North,Male,Bachelor,Full-time,25,1,33500,32.3,83.2,3.3,7,4,Monitor,Store,2,250,0.2,400.0,215.45,184.55,30,3.8,1,No
786,2025-06-07 07:32:18.646215406,Finance,West,Male,Bachelor,Full-time,49,21,131900,39.8,81.9,2.4,2,0,Mouse,Mobile App,3,35,0.12,92.4,65.51,26.89,30,4.0,3,No
787,2025-06-07 12:20:53.217739248,Customer Support,South,Female,Bachelor,Full-time,36,14,89500,34.8,68.7,4.1,4,1,Laptop,Mobile App,13,900,0.18,9594.0,5618.27,3975.73,36,4.7,6,No
788,2025-06-07 17:09:27.789263088,Operations,South,Female,PhD,Full-time,41,18,125800,41.7,76.1,3.5,2,2,Smartphone,Email,9,700,0.0,6300.0,4542.63,1757.37,38,4.8,1,No
789,2025-06-07 21:58:02.360786930,Finance,South,Male,PhD,Full-time,28,5,78300,39.1,75.4,4.0,1,4,Keyboard,Website,6,60,,277.2,197.02,80.18,34,3.4,3,No
790,2025-06-08 02:46:36.932310770,IT,West,Male,Master,Full-time,46,23,133400,38.9,68.6,3.7,2,5,Laptop,Email,3,900,0.19,2187.0,1743.28,443.72,44,4.3,5,No
791,2025-06-08 07:35:11.503834612,IT,North,Male,Master,Full-time,32,5,75500,39.7,62.2,2.7,5,5,Mouse,Phone,2,35,0.1,63.0,44.6,18.4,37,4.0,2,No
792,2025-06-08 12:23:46.075358454,Marketing,West,Male,Master,Full-time,36,14,92900,40.2,72.0,2.8,4,4,Headphones,Mobile App,5,120,0.1,540.0,346.94,193.06,31,4.0,7,No
793,2025-06-08 17:12:20.646882294,HR,South,Male,Bachelor,Contract,26,4,48100,47.0,69.5,4.6,6,0,Smartphone,Mobile App,10,700,0.03,6790.0,3925.1,2864.9,33,4.9,6,No
794,2025-06-08 22:00:55.218406136,Operations,Central,Female,Bachelor,Full-time,25,0,41300,42.4,58.2,3.9,7,3,Headphones,Mobile App,14,120,0.2,1344.0,963.96,380.04,53,3.8,4,No
795,2025-06-09 02:49:29.789929978,Marketing,East,Male,Bachelor,Full-time,40,15,78900,36.6,80.5,3.2,4,2,Mouse,Website,5,35,0.19,141.75,78.66,63.09,42,,5,No
796,2025-06-09 07:38:04.361453818,HR,West,Female,Bachelor,Full-time,30,9,68900,37.0,72.6,3.9,5,3,Smartphone,Website,1,700,0.16,588.0,451.91,136.09,18,3.4,3,No
797,2025-06-09 12:26:38.932977660,HR,West,Female,High School,Full-time,26,2,36000,45.1,70.2,2.8,0,0,Monitor,Store,3,250,0.03,727.5,432.28,295.22,56,3.9,5,No
798,2025-06-09 17:15:13.504501502,IT,North,Female,Bachelor,Contract,28,3,52100,34.6,52.6,4.4,3,4,Smartphone,Email,7,700,0.07,4557.0,3086.22,1470.78,43,3.5,3,No
799,2025-06-09 22:03:48.076025342,Customer Support,North,Female,Master,Full-time,40,14,94800,40.1,76.1,2.4,3,3,Monitor,Email,9,250,0.11,2002.5,1399.32,603.18,46,3.4,4,No
800,2025-06-10 02:52:22.647549184,Sales,West,Male,Bachelor,Contract,28,6,74200,31.6,52.7,3.7,6,0,Headphones,Phone,5,120,0.07,558.0,350.84,207.16,49,3.4,3,No
801,2025-06-10 07:40:57.219073024,Customer Support,South,Female,Master,Full-time,33,13,97000,39.4,73.8,3.4,1,3,Headphones,Mobile App,4,120,0.11,427.2,307.23,119.97,50,3.4,7,No
802,2025-06-10 12:29:31.790596866,Sales,East,Female,Bachelor,Part-time,34,13,80000,34.5,83.1,3.5,1,5,Mouse,Website,3,35,0.06,98.7,58.73,39.97,27,3.5,6,No
803,2025-06-10 17:18:06.362120708,Finance,North,Female,,Full-time,18,0,44000,36.8,93.6,4.0,6,4,Monitor,Phone,10,250,0.09,2275.0,1206.63,1068.37,25,4.3,2,No
804,2025-06-10 22:06:40.933644548,IT,South,Male,Master,Contract,21,0,62600,40.9,72.9,4.3,4,2,Headphones,Phone,13,120,0.16,1310.4,1058.52,251.88,67,2.6,7,No
805,2025-06-11 02:55:15.505168390,HR,Central,Female,Master,Full-time,37,10,78100,43.0,94.9,3.2,3,5,Monitor,Website,9,250,0.22,1755.0,1081.1,673.9,30,3.5,2,No
806,2025-06-11 07:43:50.076692232,Operations,North,Female,Bachelor,Full-time,27,0,37800,36.4,81.5,1.9,3,5,Headphones,Email,14,120,0.1,1512.0,1109.87,402.13,43,3.9,8,No
807,2025-06-11 12:32:24.648216072,Sales,South,Female,Bachelor,Full-time,44,22,117100,45.6,78.1,,2,1,Smartphone,Mobile App,7,700,0.17,4067.0,2734.08,1332.92,58,4.8,7,No
808,2025-06-11 17:20:59.219739914,Customer Support,South,Male,Bachelor,Part-time,43,17,115100,34.1,86.5,,4,5,Laptop,Email,12,900,0.03,10476.0,7550.05,2925.95,33,3.8,8,No
809,2025-06-11 22:09:33.791263756,HR,East,Male,PhD,Contract,40,12,96300,43.9,89.4,3.5,3,4,Keyboard,Phone,7,60,0.14,361.2,199.85,161.35,34,3.9,5,Yes
810,2025-06-12 02:58:08.362787596,Sales,East,Male,Bachelor,Full-time,50,22,102600,37.9,82.7,,2,3,Smartphone,Mobile App,14,700,0.23,7546.0,5098.49,2447.51,49,3.9,3,No
811,2025-06-12 07:46:42.934311438,Sales,Central,Female,High School,Full-time,33,13,68100,44.8,70.2,3.7,2,2,Tablet,Store,13,500,0.01,6435.0,4103.38,2331.62,41,2.7,3,No
812,2025-06-12 12:35:17.505835280,Sales,South,Male,Bachelor,Full-time,40,21,109000,37.9,65.0,4.2,3,1,Laptop,Phone,8,900,0.07,6696.0,4389.6,2306.4,44,4.5,5,No
813,2025-06-12 17:23:52.077359120,Operations,South,Male,Master,Full-time,29,6,54800,36.5,55.2,4.9,2,5,Tablet,Email,10,500,0.03,4850.0,3927.83,922.17,37,4.4,2,No
814,2025-06-12 22:12:26.648882962,IT,East,Male,Master,Contract,56,32,165800,43.0,74.2,3.6,4,0,Headphones,Email,1,120,0.13,104.4,58.56,45.84,32,4.6,1,No
815,2025-06-13 03:01:01.220406802,Operations,North,Female,Master,Full-time,52,30,170000,42.2,87.4,3.8,2,2,Keyboard,Email,11,60,0.17,547.8,408.88,138.92,34,5.0,3,No
816,2025-06-13 07:49:35.791930644,Marketing,North,Male,Bachelor,Full-time,34,16,87400,37.3,59.5,2.9,1,4,Keyboard,Website,4,60,0.01,237.6,147.1,90.5,52,3.1,4,No
817,2025-06-13 12:38:10.363454486,HR,West,Female,Master,Full-time,37,17,91700,42.7,58.0,3.5,6,3,Headphones,Phone,13,120,0.02,1528.8,928.15,600.65,34,3.0,5,No
818,2025-06-13 17:26:44.934978326,IT,East,Female,Master,Part-time,46,26,144100,39.3,95.4,3.7,0,5,Headphones,Mobile App,13,120,0.22,1216.8,731.58,485.22,43,4.5,5,No
819,2025-06-13 22:15:19.506502168,IT,West,Female,Master,Full-time,33,12,96100,40.7,68.7,3.6,3,1,Monitor,Email,5,250,0.11,1112.5,694.91,417.59,26,3.8,4,No
820,2025-06-14 03:03:54.078026010,IT,East,Female,Bachelor,Full-time,28,1,42600,41.7,49.6,2.9,4,5,Headphones,Email,5,120,0.12,528.0,331.13,196.87,62,3.3,6,No
821,2025-06-14 07:52:28.649549850,Customer Support,Central,Male,Master,Contract,42,19,95400,33.0,53.1,3.6,4,2,Mouse,Website,1,35,0.24,26.6,15.99,10.61,42,3.8,2,No
822,2025-06-14 12:41:03.221073692,IT,South,Male,Bachelor,Full-time,35,13,105700,40.0,77.8,3.6,4,1,Headphones,Mobile App,3,120,0.08,331.2,238.55,92.65,42,3.6,3,No
823,2025-06-14 17:29:37.792597534,Operations,Central,Female,Master,Part-time,36,18,112500,32.7,65.8,3.8,2,1,Mouse,Phone,2,35,0.22,54.6,29.17,25.43,49,5.0,8,No
824,2025-06-14 22:18:12.364121374,IT,East,Female,Bachelor,Full-time,26,3,54200,34.8,78.2,3.2,2,2,Headphones,Store,12,120,0.24,1094.4,678.19,416.21,32,5.0,1,No
825,2025-06-15 03:06:46.935645216,Finance,South,Female,High School,Full-time,19,0,27600,39.5,69.1,3.5,4,5,Monitor,Website,7,250,0.06,1645.0,993.68,651.32,52,2.9,6,No
826,2025-06-15 07:55:21.507169058,HR,North,Female,Bachelor,Contract,36,8,58300,44.9,74.7,5.0,2,3,Mouse,Phone,13,35,0.13,395.85,295.08,100.77,20,3.0,5,No
827,2025-06-15 12:43:56.078692898,IT,North,Male,Bachelor,Part-time,42,24,121000,38.8,95.0,3.5,2,5,Laptop,Store,14,900,0.13,10962.0,6182.02,4779.98,31,3.5,4,No
828,2025-06-15 17:32:30.650216740,HR,West,Male,Bachelor,Full-time,32,7,54300,38.2,69.6,4.4,2,0,Mouse,Email,5,35,0.22,136.5,109.5,27.0,28,3.5,6,No
829,2025-06-15 22:21:05.221740580,Finance,East,Female,Bachelor,Full-time,47,22,138600,37.7,87.3,4.6,2,2,Smartphone,Email,3,700,0.08,1932.0,1103.47,828.53,18,3.5,5,No
830,2025-06-16 03:09:39.793264422,Finance,East,Male,Bachelor,Full-time,28,8,73100,42.0,73.5,2.3,3,0,Monitor,Mobile App,11,250,0.2,2200.0,1388.22,811.78,32,3.9,1,No
831,2025-06-16 07:58:14.364788264,HR,North,Male,Master,Full-time,25,0,36400,34.4,57.0,3.3,2,1,Tablet,Store,8,500,0.24,3040.0,1762.93,1277.07,37,3.7,2,No
832,2025-06-16 12:46:48.936312104,Sales,Central,Male,High School,Part-time,33,5,55600,33.0,97.7,3.4,4,1,Mouse,Email,1,35,0.21,27.65,16.76,10.89,25,3.1,3,No
833,2025-06-16 17:35:23.507835946,Marketing,South,Male,Bachelor,Part-time,33,5,45100,46.8,99.6,5.0,3,3,Smartphone,Email,1,700,0.23,539.0,403.34,135.66,23,3.3,1,No
834,2025-06-16 22:23:58.079359788,Customer Support,Central,Female,Master,Contract,41,16,92300,42.1,70.0,5.0,6,2,Smartphone,Mobile App,14,700,0.18,8036.0,5327.24,2708.76,38,5.0,4,No
835,2025-06-17 03:12:32.650883628,Sales,Central,Male,Bachelor,Full-time,27,7,44800,36.5,74.0,2.3,4,5,Smartphone,Phone,6,700,0.23,3234.0,1839.41,1394.59,37,3.7,5,No
836,2025-06-17 08:01:07.222407470,Sales,North,Female,Bachelor,Full-time,46,19,115000,36.8,88.1,2.7,5,2,Headphones,Email,1,120,0.04,115.2,61.52,53.68,35,3.7,6,No
837,2025-06-17 12:49:41.793931312,Operations,North,Male,Bachelor,Full-time,52,30,141200,37.2,69.6,4.5,3,4,Smartphone,Website,4,700,0.18,2296.0,1352.29,943.71,23,2.9,4,No
838,2025-06-17 17:38:16.365455152,Customer Support,North,Male,Bachelor,Full-time,34,14,74600,33.5,84.6,3.1,0,3,Headphones,Website,6,120,0.18,590.4,474.49,115.91,33,3.7,3,No
839,2025-06-17 22:26:50.936978994,Customer Support,West,Female,High School,Full-time,45,23,114300,38.4,61.4,4.0,2,2,Tablet,Phone,1,500,0.11,445.0,344.25,100.75,30,4.7,4,No
840,2025-06-18 03:15:25.508502834,Sales,Central,Male,Bachelor,Contract,24,0,27600,40.1,95.8,3.3,5,1,Monitor,Store,13,250,0.02,3185.0,2076.79,1108.21,39,4.4,4,No
841,2025-06-18 08:04:00.080026676,IT,East,Female,PhD,Full-time,44,23,136600,46.8,76.7,2.6,6,3,Keyboard,Mobile App,9,60,0.16,453.6,301.46,152.14,31,,6,No
842,2025-06-18 12:52:34.651550518,Operations,South,Male,Bachelor,Full-time,43,20,104600,40.5,81.8,4.5,2,4,Headphones,Website,4,120,0.01,475.2,375.32,99.88,38,3.2,4,No
843,2025-06-18 17:41:09.223074358,Operations,West,Female,High School,Full-time,42,22,99200,43.7,89.6,2.9,6,4,Smartphone,Website,9,700,0.1,5670.0,3954.28,1715.72,22,3.1,6,No
844,2025-06-18 22:29:43.794598200,Finance,East,Male,Master,Full-time,34,14,93100,38.5,82.6,3.4,2,5,Smartphone,Phone,9,700,0.1,5670.0,4446.58,1223.42,21,4.8,3,No
845,2025-06-19 03:18:18.366122042,Customer Support,Central,Female,Bachelor,Contract,18,0,31200,37.7,71.3,2.6,4,1,Laptop,Store,13,900,0.25,8775.0,5857.77,2917.23,45,4.6,7,No
846,2025-06-19 08:06:52.937645882,Sales,North,Male,High School,Full-time,28,3,41500,40.0,94.4,2.6,2,5,Smartphone,Store,6,700,0.07,3906.0,2265.59,1640.41,47,3.8,4,No
847,2025-06-19 12:55:27.509169724,Finance,Central,Female,Master,Part-time,28,3,48600,44.3,82.9,3.5,3,2,Monitor,Phone,13,250,0.21,2567.5,1894.25,673.25,33,4.6,3,No
848,2025-06-19 17:44:02.080693566,HR,South,Male,High School,Full-time,25,5,45300,37.0,69.9,2.7,1,1,Mouse,Website,7,35,0.01,242.55,164.43,78.12,38,3.2,3,No
849,2025-06-19 22:32:36.652217406,Marketing,West,Female,Master,Full-time,35,10,83200,41.1,52.5,,2,4,Mouse,Mobile App,13,35,0.13,395.85,285.22,110.63,33,3.1,5,No
850,2025-06-20 03:21:11.223741248,Operations,West,Female,Bachelor,Contract,30,2,51700,41.0,71.8,4.1,3,3,Smartphone,Website,1,700,0.13,609.0,345.41,263.59,51,2.9,1,No
851,2025-06-20 08:09:45.795265090,HR,South,Male,Master,Full-time,27,2,44500,39.9,65.1,4.1,6,2,Laptop,Store,5,900,0.16,3780.0,2699.98,1080.02,36,4.3,4,Yes
852,2025-06-20 12:58:20.366788930,HR,East,Female,,Full-time,24,4,47300,44.3,72.3,3.3,3,1,Headphones,Website,3,120,0.2,288.0,182.79,105.21,32,4.2,6,No
853,2025-06-20 17:46:54.938312772,IT,East,Female,Bachelor,Full-time,28,1,49300,40.2,63.7,3.3,8,5,Monitor,Mobile App,10,250,0.19,2025.0,1254.69,770.31,50,3.6,5,No
854,2025-06-20 22:35:29.509836612,Marketing,West,Male,Master,Full-time,44,17,90000,39.3,77.0,3.9,4,2,Laptop,Email,10,900,0.19,7290.0,5259.32,2030.68,29,3.5,2,No
855,2025-06-21 03:24:04.081360454,HR,West,Male,PhD,Full-time,28,9,78600,39.7,66.2,1.3,3,3,Headphones,Website,13,120,0.11,1388.4,968.65,419.75,40,5.0,5,No
856,2025-06-21 08:12:38.652884296,HR,North,Male,Master,Full-time,29,2,56200,29.4,90.6,3.1,4,4,Monitor,Phone,6,250,0.18,1230.0,879.12,350.88,25,3.8,1,No
857,2025-06-21 13:01:13.224408136,Marketing,East,Female,Bachelor,Full-time,30,11,81800,39.2,80.0,2.0,4,1,Smartphone,Email,4,700,0.12,2464.0,1994.85,469.15,46,5.0,4,Yes
858,2025-06-21 17:49:47.795931978,Marketing,South,Female,PhD,Full-time,37,11,95200,34.7,65.9,3.7,3,4,Mouse,Phone,13,35,0.02,445.9,325.67,120.23,48,3.9,7,No
859,2025-06-21 22:38:22.367455820,HR,East,Male,Bachelor,Full-time,38,14,60000,39.0,72.1,2.6,3,5,Monitor,Phone,14,250,0.22,2730.0,1944.5,785.5,23,3.6,4,No
860,2025-06-22 03:26:56.938979660,Marketing,North,Female,High School,Full-time,18,0,25000,39.9,78.6,3.4,3,5,Smartphone,Phone,13,700,0.22,7098.0,4997.46,2100.54,21,5.0,2,No
861,2025-06-22 08:15:31.510503502,HR,West,Male,High School,Full-time,43,19,100700,42.3,52.5,2.8,0,1,Tablet,Website,9,500,0.08,4140.0,2648.0,1492.0,41,4.6,4,No
862,2025-06-22 13:04:06.082027344,HR,West,Female,Master,Full-time,47,22,134400,50.1,78.1,4.6,0,2,Keyboard,Store,7,60,0.23,323.4,249.59,73.81,61,4.0,4,No
863,2025-06-22 17:52:40.653551184,IT,North,Male,Master,Full-time,25,7,79400,46.7,49.8,5.0,4,0,Monitor,Email,14,250,0.19,2835.0,1798.19,1036.81,49,4.8,6,No
864,2025-06-22 22:41:15.225075026,Sales,South,Female,Bachelor,Full-time,25,0,37900,39.9,92.0,4.2,2,1,Keyboard,Mobile App,4,60,0.1,216.0,157.7,58.3,35,5.0,6,No
865,2025-06-23 03:29:49.796598868,HR,West,Male,Master,Full-time,30,10,76000,42.8,67.2,4.3,1,1,Monitor,Store,13,250,0.08,2990.0,1817.75,1172.25,28,3.5,2,No
866,2025-06-23 08:18:24.368122708,Finance,Central,Male,Master,Full-time,27,7,62700,38.0,85.6,3.5,1,4,Keyboard,Website,11,60,0.24,501.6,283.07,218.53,23,4.3,3,No
867,2025-06-23 13:06:58.939646550,Operations,West,Male,Bachelor,Full-time,36,13,86700,41.0,57.1,3.0,0,0,Tablet,Phone,6,500,0.18,2460.0,1374.97,1085.03,47,3.7,5,No
868,2025-06-23 17:55:33.511170390,Customer Support,Central,Female,High School,Full-time,18,0,25000,41.1,79.5,2.0,4,5,Mouse,Mobile App,2,35,0.09,63.7,45.25,18.45,49,3.3,3,Yes
869,2025-06-23 22:44:08.082694232,Sales,North,Female,Master,Full-time,24,3,53700,35.1,56.8,3.6,2,0,Headphones,Email,14,120,0.16,1411.2,872.67,538.53,30,3.3,5,No
870,2025-06-24 03:32:42.654218074,Sales,North,Female,High School,Contract,48,27,127300,37.7,68.2,3.3,2,0,Keyboard,Store,3,60,0.14,154.8,93.27,61.53,35,5.0,1,No
871,2025-06-24 08:21:17.225741914,Sales,West,Male,Bachelor,Full-time,26,0,37400,31.5,84.6,3.7,3,0,Tablet,Store,11,500,0.13,4785.0,3338.1,1446.9,39,2.7,5,No
872,2025-06-24 13:09:51.797265756,IT,East,Female,Bachelor,Part-time,45,19,102800,39.1,80.0,2.9,1,3,Keyboard,Mobile App,7,60,0.16,352.8,186.17,166.63,60,4.4,6,No
873,2025-06-24 17:58:26.368789598,HR,Central,Female,Bachelor,Full-time,37,12,70600,39.8,79.4,2.3,5,2,Mouse,Website,11,35,0.13,334.95,198.92,136.03,39,3.4,4,Yes
874,2025-06-24 22:47:00.940313438,IT,South,Male,Bachelor,Full-time,18,0,54200,39.6,67.4,2.6,1,1,Keyboard,Email,12,60,0.16,604.8,376.28,228.52,26,5.0,4,Yes
875,2025-06-25 03:35:35.511837280,HR,West,Male,Bachelor,Full-time,40,22,112700,35.0,58.4,4.7,5,2,Tablet,Mobile App,4,500,0.23,1540.0,1128.07,411.93,24,3.8,6,No
876,2025-06-25 08:24:10.083361122,IT,South,Male,Master,Full-time,33,15,101200,39.6,82.2,5.0,2,5,Smartphone,Phone,14,700,0.25,7350.0,5023.73,2326.27,27,3.7,3,No
877,2025-06-25 13:12:44.654884962,IT,West,Male,Bachelor,Full-time,30,12,80400,40.8,60.0,2.2,3,2,Tablet,Email,12,500,0.18,4920.0,3821.84,1098.16,53,5.0,5,Yes
878,2025-06-25 18:01:19.226408804,Operations,East,Female,Master,Full-time,36,15,104700,42.3,63.9,3.0,2,2,Laptop,Store,10,900,0.23,6930.0,4299.04,2630.96,44,4.6,4,No
879,2025-06-25 22:49:53.797932644,Finance,East,Male,Master,Full-time,38,15,102800,41.3,90.6,2.1,9,2,Mouse,Mobile App,7,35,0.21,193.55,117.86,75.69,34,4.4,2,Yes
880,2025-06-26 03:38:28.369456486,IT,East,Female,Master,Full-time,40,19,111300,38.4,79.5,3.5,5,3,Smartphone,Store,9,700,0.07,5859.0,3105.03,2753.97,18,,6,No
881,2025-06-26 08:27:02.940980328,Operations,East,Male,Master,Full-time,45,17,102800,39.3,54.3,3.6,4,4,Laptop,Store,14,900,0.23,9702.0,7815.11,1886.89,28,3.2,7,No
882,2025-06-26 13:15:37.512504168,Marketing,North,Female,Bachelor,Full-time,38,10,63700,41.3,71.9,3.4,2,3,Mouse,Store,13,35,0.02,445.9,298.95,146.95,42,4.5,6,No
883,2025-06-26 18:04:12.084028010,Finance,North,Male,High School,Full-time,22,2,47700,37.9,69.9,3.1,4,1,Smartphone,Website,5,700,0.08,3220.0,2159.84,1060.16,42,3.9,6,No
884,2025-06-26 22:52:46.655551852,IT,Central,Male,High School,Part-time,30,5,71800,35.7,67.1,3.7,8,0,Keyboard,Store,14,60,0.16,705.6,562.38,143.22,42,4.3,5,No
885,2025-06-27 03:41:21.227075692,Customer Support,South,Male,Master,Full-time,60,35,152800,38.1,67.5,4.0,5,4,Smartphone,Phone,1,700,0.13,609.0,369.65,239.35,22,4.3,5,No
886,2025-06-27 08:29:55.798599534,Sales,West,Male,PhD,Full-time,41,18,118400,41.9,89.0,4.1,4,1,Tablet,Phone,5,500,0.14,2150.0,1332.21,817.79,40,3.2,4,No
887,2025-06-27 13:18:30.370123376,Marketing,West,Male,Bachelor,Full-time,55,29,138800,43.6,97.9,4.5,3,5,Laptop,Email,6,900,0.2,4320.0,3097.03,1222.97,26,4.4,3,No
888,2025-06-27 18:07:04.941647216,Marketing,North,Female,Master,Full-time,47,20,93700,44.7,71.4,3.2,1,0,Keyboard,Store,14,60,0.05,798.0,602.93,195.07,38,3.9,1,No
889,2025-06-27 22:55:39.513171058,Operations,West,Female,High School,Full-time,36,18,103500,35.8,74.1,3.0,6,3,Tablet,Store,11,500,0.25,4125.0,3010.4,1114.6,29,3.1,1,No
890,2025-06-28 03:44:14.084694900,Marketing,North,Female,High School,Contract,37,12,91900,49.6,54.3,4.3,4,2,Mouse,Mobile App,2,35,0.11,62.3,47.14,15.16,51,3.9,4,No
891,2025-06-28 08:32:48.656218740,Finance,Central,Female,Master,Full-time,34,11,89700,36.5,94.0,3.1,3,1,Smartphone,Website,8,700,0.24,4256.0,2947.42,1308.58,42,4.0,1,No
892,2025-06-28 13:21:23.227742582,IT,South,Female,High School,Contract,18,0,55200,38.9,63.4,3.3,4,5,Tablet,Email,13,500,0.1,5850.0,4556.26,1293.74,36,4.4,5,No
893,2025-06-28 18:09:57.799266422,IT,Central,Male,Bachelor,Contract,34,13,82200,45.9,66.5,3.1,2,2,Keyboard,Store,2,60,0.15,102.0,69.87,32.13,55,2.3,7,No
894,2025-06-28 22:58:32.370790264,Customer Support,East,Male,Master,Full-time,45,23,114000,31.7,82.3,4.9,5,2,Laptop,Mobile App,14,900,0.11,11214.0,6602.83,4611.17,34,4.3,1,Yes
895,2025-06-29 03:47:06.942314106,Sales,East,Female,Master,Full-time,29,5,62100,40.7,75.7,4.0,4,2,Laptop,Website,9,900,0.17,6723.0,4588.52,2134.48,21,3.6,2,Yes
896,2025-06-29 08:35:41.513837946,Operations,East,Female,Bachelor,Part-time,38,13,75800,38.6,79.1,2.6,3,4,Smartphone,Email,14,700,0.05,9310.0,6832.45,2477.55,51,4.6,8,No
897,2025-06-29 13:24:16.085361788,Sales,Central,Female,Bachelor,Full-time,42,16,93300,33.0,80.8,3.5,3,0,Tablet,Email,13,500,0.1,5850.0,4189.02,1660.98,41,4.0,6,No
898,2025-06-29 18:12:50.656885630,Marketing,West,Female,Bachelor,Full-time,26,3,55500,33.1,71.9,3.8,3,2,Keyboard,Store,2,60,0.02,117.6,69.73,47.87,34,3.8,4,No
899,2025-06-29 23:01:25.228409470,Customer Support,South,Female,High School,Full-time,30,3,30600,45.6,83.5,2.6,1,5,Monitor,Email,3,250,0.15,637.5,339.36,298.14,30,3.9,3,No
900,2025-06-30 03:49:59.799933312,Sales,East,Male,Master,Full-time,25,0,53400,42.6,49.8,3.8,4,1,Mouse,Mobile App,8,35,0.24,212.8,126.77,86.03,44,4.2,5,No
901,2025-06-30 08:38:34.371457154,Finance,East,Female,High School,Full-time,27,6,41700,44.7,93.3,3.4,5,4,Mouse,Email,11,35,0.01,381.15,310.72,70.43,48,4.6,6,No
902,2025-06-30 13:27:08.942980994,IT,East,Male,High School,Full-time,22,0,37900,34.8,69.6,2.5,2,0,Keyboard,Phone,6,60,0.16,302.4,173.98,128.42,29,3.4,1,No
903,2025-06-30 18:15:43.514504836,Marketing,South,Female,Bachelor,Full-time,26,6,55200,41.4,83.4,2.4,2,1,Monitor,Mobile App,1,250,0.19,202.5,133.51,68.99,45,3.8,7,No
904,2025-06-30 23:04:18.086028676,Customer Support,East,Male,Master,Contract,47,26,122700,51.3,78.4,4.6,5,4,Laptop,Website,4,900,0.05,3420.0,2433.34,986.66,41,5.0,5,No
905,2025-07-01 03:52:52.657552518,Sales,South,Female,High School,Full-time,26,0,27000,38.8,46.0,2.8,2,4,Smartphone,Website,5,700,0.07,3255.0,2551.41,703.59,28,3.7,6,No
906,2025-07-01 08:41:27.229076360,Operations,East,Female,High School,Full-time,35,14,94600,40.3,74.8,4.3,7,5,Headphones,Store,14,120,0.05,1596.0,1193.93,402.07,38,,6,No
907,2025-07-01 13:30:01.800600200,Finance,Central,Male,High School,Full-time,29,6,70200,40.1,44.5,4.0,3,5,Headphones,Store,11,120,0.07,1227.6,973.1,254.5,31,3.1,5,No
908,2025-07-01 18:18:36.372124042,Finance,Central,Male,Bachelor,Full-time,45,19,116000,39.5,78.4,3.0,3,0,Smartphone,Phone,3,700,0.03,2037.0,1428.58,608.42,53,2.8,5,No
909,2025-07-01 23:07:10.943647884,Sales,South,Male,Bachelor,Full-time,46,23,126900,36.1,74.8,3.9,3,5,Keyboard,Website,1,60,0.09,54.6,42.57,12.03,30,3.3,5,No
910,2025-07-02 03:55:45.515171724,IT,Central,Female,High School,Part-time,42,24,121400,40.2,55.4,3.8,3,2,Monitor,Website,3,250,0.09,682.5,408.92,273.58,56,3.5,3,No
911,2025-07-02 08:44:20.086695566,Sales,South,Female,Master,Full-time,37,15,85500,48.1,74.4,4.2,10,1,Monitor,Website,13,250,0.2,2600.0,1687.84,912.16,40,4.7,5,No
912,2025-07-02 13:32:54.658219408,Marketing,Central,Female,Master,Part-time,32,6,56700,39.7,65.8,3.6,2,3,Mouse,Website,9,35,0.2,252.0,194.83,57.17,18,4.8,3,No
913,2025-07-02 18:21:29.229743248,Sales,Central,Female,Master,Full-time,23,1,41600,46.1,69.9,3.2,4,2,Laptop,Email,2,900,0.2,1440.0,889.44,550.56,18,2.7,4,No
914,2025-07-02 23:10:03.801267090,Finance,South,Male,Bachelor,Full-time,51,28,135500,54.3,38.4,4.6,3,3,Tablet,Mobile App,1,500,0.14,430.0,335.99,94.01,35,3.6,7,No
915,2025-07-03 03:58:38.372790932,Customer Support,West,Male,Bachelor,Full-time,27,7,62300,35.9,55.9,4.1,3,1,Monitor,Mobile App,7,250,0.08,1610.0,1012.58,597.42,54,4.5,4,No
916,2025-07-03 08:47:12.944314772,Sales,Central,Male,Bachelor,Full-time,40,15,92400,42.7,61.8,3.0,2,5,Smartphone,Phone,13,700,,8190.0,5151.66,3038.34,53,3.9,5,No
917,2025-07-03 13:35:47.515838614,IT,East,Male,Bachelor,Full-time,44,17,105900,34.2,57.2,3.4,1,3,Tablet,Email,7,500,0.08,3220.0,1972.93,1247.07,40,5.0,4,No
918,2025-07-03 18:24:22.087362454,Customer Support,West,Male,High School,Full-time,29,1,30500,39.3,65.2,4.5,3,3,Headphones,Website,5,120,0.15,510.0,348.88,161.12,29,4.5,3,Yes
919,2025-07-03 23:12:56.658886296,Operations,South,Male,Master,Full-time,43,22,131900,52.5,63.3,4.7,4,0,Tablet,Website,2,500,0.23,770.0,430.21,339.79,33,3.8,8,No
920,2025-07-04 04:01:31.230410138,HR,West,Male,Bachelor,Part-time,41,20,93400,43.2,75.9,3.4,4,0,Laptop,Store,14,900,0.07,11718.0,6222.03,5495.97,40,3.9,1,No
921,2025-07-04 08:50:05.801933978,Sales,North,Female,Bachelor,Full-time,50,22,121100,41.5,36.5,3.9,1,5,Smartphone,Store,1,700,0.11,623.0,491.69,131.31,51,4.0,4,No
922,2025-07-04 13:38:40.373457820,IT,North,Female,Bachelor,Part-time,30,8,57000,34.1,97.9,3.8,1,0,Laptop,Phone,13,900,0.16,9828.0,7849.44,1978.56,45,3.4,2,No
923,2025-07-04 18:27:14.944981662,Customer Support,Central,Male,High School,Full-time,22,0,25000,37.0,64.0,2.6,2,3,Tablet,Website,5,500,0.21,1975.0,1072.13,902.87,50,4.7,7,No
924,2025-07-04 23:15:49.516505502,IT,Central,Male,Master,Part-time,29,3,79100,35.8,68.0,3.9,1,5,Keyboard,Phone,10,60,0.06,564.0,386.29,177.71,46,4.5,4,No
925,2025-07-05 04:04:24.088029344,Operations,East,Female,High School,Full-time,36,11,74200,34.9,79.7,1.8,5,3,Monitor,Email,4,250,0.07,930.0,634.17,295.83,49,4.3,3,No
926,2025-07-05 08:52:58.659553186,Finance,West,Male,Master,Part-time,35,11,84300,44.1,94.6,4.2,2,4,Smartphone,Mobile App,9,700,0.22,4914.0,3104.32,1809.68,18,4.2,1,No
927,2025-07-05 13:41:33.231077026,IT,North,Female,Bachelor,Full-time,30,8,84200,43.4,64.3,3.9,4,4,Keyboard,Website,5,60,0.02,294.0,203.06,90.94,27,3.3,7,No
928,2025-07-05 18:30:07.802600868,Customer Support,Central,Female,Master,Full-time,18,0,45400,39.2,81.0,1.1,3,0,Tablet,Email,11,500,0.15,4675.0,3073.51,1601.49,25,4.4,1,No
929,2025-07-05 23:18:42.374124708,IT,West,Male,Bachelor,Full-time,38,12,95000,37.3,63.3,2.7,0,4,Monitor,Website,10,250,0.22,1950.0,1300.44,649.56,24,4.1,5,No
930,2025-07-06 04:07:16.945648550,IT,Central,Female,Master,Part-time,52,25,140700,43.6,84.2,2.1,3,2,Mouse,Store,12,35,0.23,323.4,241.45,81.95,38,5.0,6,No
931,2025-07-06 08:55:51.517172392,IT,Central,Female,Bachelor,Full-time,38,11,95100,48.4,81.1,2.7,5,4,Keyboard,Phone,12,60,0.0,720.0,488.01,231.99,21,3.1,8,No
932,2025-07-06 13:44:26.088696232,Marketing,North,Female,Bachelor,Contract,39,20,100200,45.0,58.1,3.6,2,4,Keyboard,Store,2,60,0.09,109.2,67.39,41.81,27,3.5,3,No
933,2025-07-06 18:33:00.660220074,Marketing,North,Male,High School,Full-time,39,18,87800,40.5,79.5,4.9,2,2,Tablet,Mobile App,4,500,0.06,1880.0,1305.54,574.46,37,2.9,2,No
934,2025-07-06 23:21:35.231743916,Finance,Central,Male,Bachelor,Full-time,38,13,105400,44.6,53.4,3.9,3,2,Headphones,Store,13,120,0.14,1341.6,955.52,386.08,19,3.8,3,No
935,2025-07-07 04:10:09.803267756,Sales,South,Female,,Full-time,42,24,116500,44.8,62.4,3.2,4,1,Tablet,Website,12,500,0.16,5040.0,3622.21,1417.79,32,2.8,3,No
936,2025-07-07 08:58:44.374791598,IT,Central,Male,Bachelor,Full-time,38,16,85700,40.8,54.6,4.1,1,3,Keyboard,Store,9,60,0.25,405.0,285.72,119.28,46,4.8,1,No
937,2025-07-07 13:47:18.946315440,Operations,Central,Female,Bachelor,Part-time,31,6,68600,40.8,72.0,4.0,4,3,Monitor,Website,8,250,0.13,1740.0,1251.72,488.28,23,4.8,7,No
938,2025-07-07 18:35:53.517839280,Sales,East,Female,High School,Full-time,27,8,72300,37.4,85.0,4.7,4,5,Headphones,Mobile App,3,120,0.14,309.6,189.79,119.81,48,3.9,3,No
939,2025-07-07 23:24:28.089363122,Operations,East,Male,Master,Full-time,32,13,88400,44.1,55.8,4.2,3,0,Tablet,Store,8,500,0.1,3600.0,2353.82,1246.18,28,3.3,4,No
940,2025-07-08 04:13:02.660886964,Sales,East,Female,Bachelor,Full-time,37,12,60200,39.2,77.2,3.5,2,5,Smartphone,Phone,13,700,0.04,8736.0,6295.27,2440.73,41,2.9,5,No
941,2025-07-08 09:01:37.232410804,Finance,South,Female,High School,Full-time,31,4,51500,35.1,68.9,2.3,5,1,Tablet,Phone,2,500,0.08,920.0,686.61,233.39,25,3.5,7,No
942,2025-07-08 13:50:11.803934646,IT,South,Female,PhD,Full-time,37,11,122200,35.3,58.7,4.6,7,5,Keyboard,Phone,3,60,0.06,169.2,110.02,59.18,43,4.4,2,No
943,2025-07-08 18:38:46.375458486,IT,Central,Female,PhD,Full-time,38,14,115800,39.8,66.5,3.4,5,1,Keyboard,Store,14,60,0.2,672.0,423.09,248.91,34,3.4,5,No
944,2025-07-08 23:27:20.946982328,HR,East,Female,Master,Full-time,41,16,104900,35.3,79.5,2.8,1,1,Mouse,Store,5,35,0.14,150.5,110.58,39.92,44,5.0,2,No
945,2025-07-09 04:15:55.518506170,Operations,South,Female,Master,Full-time,46,24,136400,53.6,84.2,1.9,1,1,Tablet,Store,11,500,0.07,5115.0,3000.72,2114.28,31,5.0,5,Yes
946,2025-07-09 09:04:30.090030010,Sales,North,Female,High School,Part-time,35,17,100200,42.4,76.0,2.6,4,4,Keyboard,Website,12,60,0.12,633.6,331.28,302.32,45,4.0,5,No
947,2025-07-09 13:53:04.661553852,Sales,Central,Male,PhD,Full-time,22,1,74300,37.5,71.5,3.8,3,1,Smartphone,Mobile App,14,700,0.05,9310.0,6157.17,3152.83,48,3.7,3,No
948,2025-07-09 18:41:39.233077694,Marketing,West,Male,Bachelor,Full-time,31,12,87700,40.9,72.3,3.2,2,5,Laptop,Phone,10,900,0.05,8550.0,4890.7,3659.3,39,3.6,4,No
949,2025-07-09 23:30:13.804601534,HR,Central,Female,High School,Full-time,34,14,78300,43.7,62.5,4.3,2,0,Headphones,Website,10,120,0.21,948.0,600.54,347.46,32,5.0,5,No
950,2025-07-10 04:18:48.376125376,Customer Support,West,Male,Master,Full-time,18,0,30000,41.1,73.3,4.8,4,3,Laptop,Phone,8,900,0.24,5472.0,3323.53,2148.47,35,3.5,4,No
951,2025-07-10 09:07:22.947649218,Customer Support,East,Female,Bachelor,Full-time,46,20,106900,35.2,52.9,1.8,3,1,Headphones,Website,1,120,0.02,117.6,88.57,29.03,23,4.7,4,No
952,2025-07-10 13:55:57.519173058,Marketing,West,Female,Bachelor,Full-time,35,8,62300,39.5,70.5,2.7,4,5,Smartphone,Store,4,700,0.19,2268.0,1404.85,863.15,40,4.0,1,No
953,2025-07-10 18:44:32.090696900,Marketing,East,Female,High School,Contract,37,16,93500,38.8,94.1,3.6,2,3,Tablet,Phone,1,500,0.11,445.0,316.93,128.07,45,4.5,2,No
954,2025-07-10 23:33:06.662220742,Marketing,North,Female,Bachelor,Full-time,46,27,122700,37.7,66.3,4.7,2,2,Mouse,Store,1,35,0.1,31.5,22.75,8.75,57,3.4,3,No
955,2025-07-11 04:21:41.233744582,Operations,West,Male,Bachelor,Full-time,28,8,63300,35.9,86.6,2.8,0,0,Keyboard,Phone,12,60,0.17,597.6,392.59,205.01,54,3.8,2,No
956,2025-07-11 09:10:15.805268424,Operations,Central,Female,Bachelor,Full-time,39,19,104600,44.4,80.7,3.7,3,2,Keyboard,Email,5,60,0.07,279.0,151.87,127.13,26,4.0,3,No
957,2025-07-11 13:58:50.376792264,Finance,East,Female,High School,Full-time,33,9,61000,42.4,90.7,,1,5,Keyboard,Website,6,60,0.01,356.4,260.21,96.19,41,3.6,4,No
958,2025-07-11 18:47:24.948316106,Finance,Central,Male,Bachelor,Part-time,32,7,67900,42.3,35.0,3.4,3,1,Tablet,Email,1,500,0.05,475.0,257.71,217.29,36,4.9,4,No
959,2025-07-11 23:35:59.519839948,Marketing,South,Male,Bachelor,Full-time,27,0,43100,30.7,74.3,3.6,3,4,Headphones,Website,11,120,0.05,1254.0,689.4,564.6,53,3.5,5,No
960,2025-07-12 04:24:34.091363788,HR,East,Male,Bachelor,Part-time,49,26,143200,38.0,79.6,3.2,2,5,Smartphone,Mobile App,6,700,0.01,4158.0,2406.65,1751.35,29,3.6,4,No
961,2025-07-12 09:13:08.662887630,Sales,West,Male,Master,Full-time,31,10,72400,46.2,82.4,4.8,5,4,Keyboard,Phone,5,60,0.08,276.0,166.74,109.26,49,5.0,4,No
962,2025-07-12 14:01:43.234411472,Operations,East,Male,Bachelor,Part-time,40,17,105700,42.0,87.6,4.5,3,5,Laptop,Mobile App,4,900,0.12,3168.0,2451.83,716.17,26,4.8,5,No
963,2025-07-12 18:50:17.805935312,HR,Central,Male,Master,Full-time,18,0,25000,34.2,81.1,3.2,5,0,Keyboard,Mobile App,10,60,0.18,492.0,355.46,136.54,37,5.0,2,No
964,2025-07-12 23:38:52.377459154,IT,North,Female,High School,Full-time,45,27,137400,48.3,75.1,3.3,2,1,Tablet,Website,5,500,0.08,2300.0,1463.18,836.82,27,2.7,2,No
965,2025-07-13 04:27:26.948982996,Operations,East,Female,Bachelor,Full-time,43,16,94600,27.9,59.5,4.1,3,1,Smartphone,Email,8,700,0.05,5320.0,4328.29,991.71,18,4.1,3,No
966,2025-07-13 09:16:01.520506836,Operations,West,Male,High School,Full-time,35,10,75300,40.6,47.3,3.5,2,1,Mouse,Store,9,35,0.06,296.1,175.61,120.49,27,4.1,3,Yes
967,2025-07-13 14:04:36.092030678,Finance,South,Male,Bachelor,Contract,32,14,87300,48.6,89.4,3.5,3,1,Smartphone,Website,11,700,0.22,6006.0,4221.88,1784.12,35,3.6,1,Yes
968,2025-07-13 18:53:10.663554518,Sales,North,Female,High School,Full-time,38,16,90200,32.2,64.1,3.0,2,5,Laptop,Store,14,900,0.05,11970.0,9266.75,2703.25,55,4.2,5,No
969,2025-07-13 23:41:45.235078360,Sales,South,Male,Bachelor,Contract,55,36,173000,37.6,67.4,4.0,0,0,Keyboard,Mobile App,12,60,0.22,561.6,427.16,134.44,25,3.8,2,No
970,2025-07-14 04:30:19.806602202,Customer Support,East,Male,Bachelor,Part-time,18,0,25000,33.0,83.8,3.0,3,0,Keyboard,Store,2,60,0.11,106.8,58.43,48.37,31,4.1,8,No
971,2025-07-14 09:18:54.378126042,Customer Support,Central,Male,Bachelor,Full-time,41,15,67900,47.1,71.8,3.0,1,0,Monitor,Email,6,250,0.23,1155.0,842.21,312.79,21,5.0,4,No
972,2025-07-14 14:07:28.949649884,Customer Support,Central,Female,Bachelor,Full-time,26,4,56700,35.9,57.0,3.7,1,5,Headphones,Website,3,120,,324.0,193.54,130.46,52,4.2,1,No
973,2025-07-14 18:56:03.521173726,Customer Support,West,Male,PhD,Full-time,34,13,86500,45.0,49.8,3.6,0,4,Laptop,Email,2,900,0.04,1728.0,1082.97,645.03,32,4.3,5,Yes
974,2025-07-14 23:44:38.092697566,IT,Central,Female,Bachelor,Part-time,32,13,97600,46.9,67.3,3.5,2,1,Monitor,Email,12,250,0.14,2580.0,1720.08,859.92,34,4.6,4,No
975,2025-07-15 04:33:12.664221408,IT,North,Female,Master,Full-time,30,10,107600,33.6,73.2,2.0,1,5,Smartphone,Website,14,700,0.15,8330.0,6307.68,2022.32,34,4.1,5,No
976,2025-07-15 09:21:47.235745250,Operations,Central,Female,Master,Full-time,34,11,91000,32.5,82.4,3.7,2,2,Mouse,Email,13,35,0.16,382.2,217.8,164.4,18,3.2,3,No
977,2025-07-15 14:10:21.807269090,Marketing,West,Male,Bachelor,Contract,24,0,27300,42.4,70.4,1.9,6,3,Headphones,Phone,1,120,0.1,108.0,59.68,48.32,20,2.8,2,No
978,2025-07-15 18:58:56.378792932,Finance,East,Male,Master,Full-time,43,18,99800,43.9,72.3,4.3,2,0,Laptop,Phone,4,900,0.01,3564.0,2017.34,1546.66,27,4.0,1,No
979,2025-07-15 23:47:30.950316774,Finance,East,Female,PhD,Contract,18,0,53000,39.6,54.8,3.1,2,0,Keyboard,Phone,8,60,0.16,403.2,236.06,167.14,45,3.8,1,No
980,2025-07-16 04:36:05.521840614,Customer Support,Central,Female,Bachelor,Full-time,39,17,94100,40.1,85.5,3.6,0,5,Smartphone,Store,3,700,0.23,1617.0,869.7,747.3,18,2.6,1,No
981,2025-07-16 09:24:40.093364456,Operations,South,Male,,Part-time,31,4,56800,47.4,100.0,3.0,3,4,Laptop,Email,5,900,0.24,3420.0,2728.84,691.16,44,5.0,3,No
982,2025-07-16 14:13:14.664888296,HR,East,Female,Master,Full-time,23,3,64800,38.8,88.9,3.7,2,4,Keyboard,Website,14,60,0.15,714.0,439.63,274.37,42,4.1,4,No
983,2025-07-16 19:01:49.236412138,Marketing,Central,Male,Bachelor,Full-time,36,12,84000,46.9,87.7,2.5,2,3,Headphones,Website,10,120,0.0,1200.0,687.71,512.29,18,5.0,1,No
984,2025-07-16 23:50:23.807935980,Operations,West,Female,Bachelor,Full-time,20,0,31400,37.1,76.5,5.0,5,4,Keyboard,Store,5,60,0.03,291.0,207.0,84.0,34,2.4,6,No
985,2025-07-17 04:38:58.379459820,Marketing,Central,Male,PhD,Contract,34,16,116600,52.0,58.4,3.0,1,5,Mouse,Website,5,35,0.21,138.25,104.53,33.72,52,5.0,4,Yes
986,2025-07-17 09:27:32.950983662,Marketing,East,Male,Master,Full-time,21,0,56600,35.6,60.8,4.2,6,0,Smartphone,Phone,11,700,0.21,6083.0,4537.74,1545.26,25,3.7,9,No
987,2025-07-17 14:16:07.522507504,Marketing,West,Female,High School,Full-time,38,15,80700,45.9,80.6,2.6,1,1,Tablet,Email,9,500,0.24,3420.0,2515.79,904.21,31,4.9,3,No
988,2025-07-17 19:04:42.094031344,Operations,Central,Female,High School,Full-time,26,0,37300,35.2,83.6,3.2,1,1,Keyboard,Website,8,60,0.14,412.8,220.91,191.89,71,4.2,8,No
989,2025-07-17 23:53:16.665555186,Customer Support,North,Male,Master,Part-time,30,7,56600,43.9,59.8,2.9,2,4,Mouse,Website,8,35,0.22,218.4,164.82,53.58,42,4.3,5,No
990,2025-07-18 04:41:51.237079028,Finance,West,Female,High School,Full-time,37,9,68200,40.0,77.9,3.0,3,3,Tablet,Mobile App,13,500,0.21,5135.0,3443.34,1691.66,35,4.3,1,No
991,2025-07-18 09:30:25.808602868,Finance,North,Female,Master,Full-time,27,7,66500,41.4,73.5,3.8,2,1,Smartphone,Mobile App,13,700,0.15,7735.0,5528.4,2206.6,32,3.7,2,No
992,2025-07-18 14:19:00.380126710,Customer Support,South,Female,Bachelor,Part-time,33,10,79200,43.3,78.4,3.9,1,0,Headphones,Mobile App,1,120,0.2,96.0,77.47,18.53,42,3.5,5,No
993,2025-07-18 19:07:34.951650552,Marketing,West,Male,High School,Part-time,20,0,26500,41.2,76.7,3.8,2,1,Headphones,Email,1,120,0.03,116.4,88.84,27.56,46,3.7,1,No
994,2025-07-18 23:56:09.523174392,HR,North,Female,,Full-time,40,17,93500,40.8,77.3,2.8,3,3,Smartphone,Phone,2,700,0.16,1176.0,902.71,273.29,18,3.0,2,No
995,2025-07-19 04:44:44.094698234,Sales,East,Female,Bachelor,Full-time,50,24,126700,30.7,46.7,,1,4,Smartphone,Phone,14,700,0.24,7448.0,4278.43,3169.57,18,3.7,1,No
996,2025-07-19 09:33:18.666222074,Operations,East,Female,,Full-time,59,33,176500,46.9,95.7,2.8,1,2,Laptop,Phone,8,900,0.04,6912.0,4582.14,2329.86,26,3.5,8,No
997,2025-07-19 14:21:53.237745916,Sales,South,Female,Bachelor,Contract,35,16,90600,47.6,90.4,4.7,4,5,Mouse,Email,10,35,0.19,283.5,228.16,55.34,36,3.0,6,Yes
998,2025-07-19 19:10:27.809269758,Customer Support,West,Male,Bachelor,Part-time,41,20,96000,39.5,71.8,2.8,3,1,Mouse,Email,1,35,0.08,32.2,22.37,9.83,39,4.3,3,No
999,2025-07-19 23:59:02.380793598,HR,West,Female,Bachelor,Contract,18,0,34400,42.8,56.7,3.1,2,0,Smartphone,Mobile App,4,700,0.2,2240.0,1233.74,1006.26,18,4.0,7,No
1000,2025-07-20 04:47:36.952317440,Operations,West,Male,Master,Full-time,48,27,131800,46.8,79.3,3.5,7,3,Monitor,Website,9,250,0.17,1867.5,1381.1,486.4,36,4.2,7,No
1001,2025-07-20 09:36:11.523841282,Customer Support,South,Male,Bachelor,Full-time,41,16,84600,43.0,53.0,2.7,2,1,Monitor,Store,2,250,0.23,385.0,205.16,179.84,37,4.5,7,No
1002,2025-07-20 14:24:46.095365122,Marketing,West,Female,Bachelor,Full-time,30,3,53000,37.3,93.8,4.0,4,2,Tablet,Store,3,500,0.18,1230.0,913.51,316.49,28,3.8,3,No
1003,2025-07-20 19:13:20.666888964,Finance,East,Female,Bachelor,Full-time,45,25,124500,34.0,69.9,4.4,4,4,Tablet,Website,11,500,0.1,4950.0,3880.46,1069.54,32,3.3,3,No
1004,2025-07-21 00:01:55.238412806,Sales,North,Male,Bachelor,Full-time,32,12,84100,43.2,64.2,2.8,4,1,Monitor,Mobile App,6,250,0.0,1500.0,971.36,528.64,29,4.2,2,No
1005,2025-07-21 04:50:29.809936646,IT,East,Female,PhD,Contract,30,4,84400,40.7,79.6,3.0,3,3,Smartphone,Website,13,700,0.2,7280.0,4688.93,2591.07,44,2.0,4,No
1006,2025-07-21 09:39:04.381460488,IT,East,Female,,Full-time,38,10,92200,40.0,65.9,4.5,3,1,Smartphone,Website,11,700,0.1,6930.0,4236.06,2693.94,38,3.9,2,No
1007,2025-07-21 14:27:38.952984328,HR,North,Male,Bachelor,Contract,24,0,41000,36.2,68.4,3.6,2,4,Tablet,Store,10,500,0.17,4150.0,3249.79,900.21,24,4.5,2,No
1008,2025-07-21 19:16:13.524508170,Marketing,East,Female,Master,Contract,43,18,103400,38.3,61.7,3.3,3,3,Keyboard,Mobile App,3,60,0.03,174.6,119.48,55.12,49,4.7,6,No
1009,2025-07-22 00:04:48.096032012,Sales,South,Female,Bachelor,Part-time,24,6,40000,41.7,80.1,,4,5,Smartphone,Email,4,700,0.22,2184.0,1515.21,668.79,22,3.6,5,No
1010,2025-07-22 04:53:22.667555852,Marketing,North,Female,,Full-time,25,0,31500,38.5,76.0,3.2,2,2,Monitor,Store,9,250,0.11,2002.5,1438.82,563.68,18,2.4,2,No
1011,2025-07-22 09:41:57.239079694,Sales,East,Male,Bachelor,Full-time,26,7,62200,40.2,85.7,3.4,6,0,Mouse,Email,9,35,0.23,242.55,147.97,94.58,35,2.2,6,No
1012,2025-07-22 14:30:31.810603536,HR,Central,Female,Master,Full-time,41,21,112200,39.8,50.9,4.0,6,5,Smartphone,Mobile App,10,700,0.18,5740.0,3730.06,2009.94,35,4.4,5,No
1013,2025-07-22 19:19:06.382127376,HR,East,Male,Bachelor,Full-time,28,0,40800,43.3,56.2,3.5,2,4,Smartphone,Website,5,700,0.03,3395.0,2520.73,874.27,39,3.8,3,No
1014,2025-07-23 00:07:40.953651218,IT,South,Male,Master,Full-time,22,3,72400,32.8,65.3,2.8,6,1,Keyboard,Phone,7,60,0.14,361.2,294.61,66.59,24,5.0,7,No
1015,2025-07-23 04:56:15.525175060,Marketing,West,Male,Bachelor,Full-time,29,9,69500,38.2,86.4,3.1,1,2,Tablet,Phone,9,500,0.23,3465.0,1837.46,1627.54,49,3.0,5,No
1016,2025-07-23 09:44:50.096698900,Operations,East,Female,Bachelor,Full-time,34,9,70400,34.5,53.5,2.6,4,3,Smartphone,Mobile App,8,700,0.2,4480.0,2386.92,2093.08,59,4.2,8,No
1017,2025-07-23 14:33:24.668222742,IT,West,Female,PhD,Contract,23,0,76000,40.8,61.0,3.4,2,5,Headphones,Phone,11,120,0.1,1188.0,770.33,417.67,38,5.0,5,No
1018,2025-07-23 19:21:59.239746584,Marketing,Central,Male,Bachelor,Contract,24,0,26300,35.9,90.5,5.0,6,3,Laptop,Email,7,900,0.24,4788.0,3437.24,1350.76,42,4.1,5,Yes
1019,2025-07-24 00:10:33.811270424,IT,East,Male,Master,Full-time,53,30,157000,44.7,78.9,5.0,1,3,Monitor,Phone,12,250,0.07,2790.0,1774.19,1015.81,18,2.9,2,No
1020,2025-07-24 04:59:08.382794266,Operations,North,Female,Master,Contract,26,2,61000,37.9,86.0,3.8,3,1,Headphones,Mobile App,8,120,0.09,873.6,716.26,157.34,33,5.0,3,No
1021,2025-07-24 09:47:42.954318106,Finance,West,Female,,Full-time,31,4,68800,37.1,70.8,2.2,2,5,Tablet,Mobile App,5,500,0.19,2025.0,1171.68,853.32,30,5.0,7,No
1022,2025-07-24 14:36:17.525841948,Finance,Central,Male,High School,Full-time,31,4,49900,35.8,95.0,4.2,3,4,Mouse,Email,5,35,0.06,164.5,85.93,78.57,28,3.8,6,No
1023,2025-07-24 19:24:52.097365790,Finance,North,Female,Bachelor,Full-time,30,7,71000,41.3,53.1,4.0,3,5,Laptop,Phone,5,900,0.13,3915.0,2259.11,1655.89,30,4.6,3,Yes
1024,2025-07-25 00:13:26.668889630,Finance,North,Male,Master,Full-time,40,22,122100,33.7,69.2,5.0,0,2,Headphones,Phone,1,120,0.18,98.4,77.35,21.05,31,4.6,1,No
1025,2025-07-25 05:02:01.240413472,Customer Support,North,Male,Bachelor,Full-time,43,15,87000,39.5,68.1,3.6,3,3,Laptop,Website,6,900,0.16,4536.0,2556.24,1979.76,21,4.4,7,No
1026,2025-07-25 09:50:35.811937314,Sales,North,Female,Bachelor,Full-time,31,11,81700,39.4,68.3,3.2,4,0,Monitor,Store,5,250,0.04,1200.0,796.43,403.57,32,3.0,6,No
1027,2025-07-25 14:39:10.383461154,Customer Support,East,Female,High School,Full-time,23,5,57100,37.4,55.7,2.7,1,4,Tablet,Mobile App,8,500,0.16,3360.0,2169.83,1190.17,25,4.2,2,No
1028,2025-07-25 19:27:44.954984996,Customer Support,East,Female,Bachelor,Part-time,45,18,101900,41.1,79.2,4.2,6,2,Smartphone,Website,8,700,0.14,4816.0,3466.16,1349.84,47,5.0,2,No
1029,2025-07-26 00:16:19.526508838,Customer Support,East,Male,Bachelor,Contract,33,7,69800,37.7,56.1,3.3,1,2,Mouse,Mobile App,2,35,0.14,60.2,32.29,27.91,42,4.4,8,No
1030,2025-07-26 05:04:54.098032678,Finance,Central,Female,Bachelor,Contract,50,24,114000,41.4,54.7,3.3,3,3,Tablet,Website,11,500,0.21,4345.0,3118.08,1226.92,42,4.3,3,Yes
1031,2025-07-26 09:53:28.669556520,Operations,Central,Female,Bachelor,Full-time,18,0,25000,37.3,38.3,3.1,1,0,Laptop,Store,6,900,0.05,5130.0,3213.56,1916.44,50,3.6,3,No
1032,2025-07-26 14:42:03.241080360,HR,Central,Male,High School,Full-time,36,15,62900,36.3,62.4,5.0,4,3,Headphones,Website,12,120,0.19,1166.4,930.57,235.83,28,3.4,3,No
1033,2025-07-26 19:30:37.812604202,HR,South,Male,High School,Full-time,51,25,127500,41.3,73.9,3.2,4,4,Monitor,Mobile App,11,250,0.19,2227.5,1725.57,501.93,41,2.9,5,No
1034,2025-07-27 00:19:12.384128044,Sales,Central,Female,Master,Full-time,31,5,66900,44.0,75.7,4.1,2,1,Monitor,Phone,10,250,0.18,2050.0,1311.7,738.3,51,4.5,1,No
1035,2025-07-27 05:07:46.955651884,Finance,East,Female,Master,Part-time,32,12,85500,54.3,69.1,3.9,2,4,Tablet,Mobile App,10,500,0.13,4350.0,3557.72,792.28,27,3.8,4,No
1036,2025-07-27 09:56:21.527175726,Finance,East,Male,High School,Full-time,37,15,87000,38.3,63.3,1.7,4,0,Smartphone,Email,6,700,0.1,3780.0,2024.5,1755.5,18,3.1,1,No
1037,2025-07-27 14:44:56.098699568,Finance,South,Male,Bachelor,Contract,29,9,77500,43.9,66.7,5.0,3,1,Headphones,Email,3,120,0.1,324.0,245.14,78.86,30,4.7,1,No
1038,2025-07-27 19:33:30.670223408,IT,South,Female,Bachelor,Full-time,31,4,55500,37.8,63.2,2.0,2,5,Smartphone,Email,1,700,0.18,574.0,373.19,200.81,49,3.6,1,No
1039,2025-07-28 00:22:05.241747250,Marketing,Central,Female,Bachelor,Full-time,31,12,70600,43.8,98.7,2.8,3,5,Smartphone,Email,7,700,0.12,4312.0,2802.76,1509.24,27,3.4,1,No
1040,2025-07-28 05:10:39.813271092,IT,West,Male,Master,Full-time,28,10,84100,46.5,56.0,3.1,4,2,Headphones,Store,10,120,0.08,1104.0,630.43,473.57,32,3.7,5,No
1041,2025-07-28 09:59:14.384794932,Marketing,South,Female,Master,Full-time,45,18,99300,40.6,61.9,2.9,2,3,Laptop,Phone,5,900,0.16,3780.0,2549.47,1230.53,29,3.9,5,No
1042,2025-07-28 14:47:48.956318772,Finance,North,Male,Master,Full-time,38,19,116900,43.6,72.0,3.3,3,5,Tablet,Phone,12,500,0.21,4740.0,2585.27,2154.73,36,4.3,4,No
1043,2025-07-28 19:36:23.527842616,Finance,East,Male,Bachelor,Full-time,36,11,96500,42.2,57.7,2.9,1,4,Tablet,Mobile App,12,500,0.02,5880.0,4145.24,1734.76,25,3.4,3,No
1044,2025-07-29 00:24:58.099366456,IT,North,Female,Bachelor,Full-time,41,13,84400,40.1,72.6,4.6,5,3,Keyboard,Website,10,60,0.24,456.0,270.17,185.83,20,4.7,7,No
1045,2025-07-29 05:13:32.670890296,IT,East,Female,Bachelor,Part-time,32,7,71800,37.9,50.7,4.0,4,4,Tablet,Mobile App,5,500,0.02,2450.0,1806.77,643.23,33,4.3,5,No
1046,2025-07-29 10:02:07.242414140,Marketing,East,Male,High School,Full-time,27,7,59600,38.2,73.6,3.0,4,3,Monitor,Mobile App,11,250,0.13,2392.5,1680.03,712.47,35,3.6,2,No
1047,2025-07-29 14:50:41.813937980,HR,South,Male,High School,Full-time,29,5,52300,33.4,66.2,2.8,4,5,Laptop,Mobile App,8,900,0.14,6192.0,4606.36,1585.64,51,3.9,5,Yes
1048,2025-07-29 19:39:16.385461820,Marketing,South,Male,High School,Full-time,34,10,61400,45.2,62.3,3.0,2,1,Headphones,Mobile App,12,120,0.03,1396.8,1040.51,356.29,39,3.7,5,No
1049,2025-07-30 00:27:50.956985664,IT,North,Female,Bachelor,Full-time,24,5,71100,49.4,68.2,2.8,0,3,Tablet,Phone,5,500,0.23,1925.0,1114.6,810.4,24,4.0,5,No
1050,2025-07-30 05:16:25.528509504,Operations,East,Male,Bachelor,Contract,29,3,52300,33.0,65.0,2.5,3,0,Laptop,Website,5,900,0.12,3960.0,2060.0,1900.0,29,5.0,9,No
1051,2025-07-30 10:05:00.100033344,IT,North,Male,High School,Full-time,29,9,70400,45.2,66.8,4.2,3,0,Tablet,Mobile App,1,500,0.04,480.0,302.27,177.73,47,3.7,2,No
1052,2025-07-30 14:53:34.671557188,Operations,West,Male,Bachelor,Full-time,53,34,144800,39.8,82.0,3.2,1,5,Headphones,Phone,2,120,0.18,196.8,156.6,40.2,33,4.1,5,No
1053,2025-07-30 19:42:09.243081028,Sales,North,Female,PhD,Full-time,18,0,43700,36.8,95.4,3.8,2,3,Mouse,Mobile App,5,35,0.17,145.25,100.71,44.54,25,3.5,7,No
1054,2025-07-31 00:30:43.814604868,IT,Central,Male,High School,Part-time,32,13,95200,40.7,36.8,3.6,2,5,Headphones,Email,7,120,0.24,638.4,471.3,167.1,39,4.4,7,No
1055,2025-07-31 05:19:18.386128712,Sales,North,Female,Bachelor,Full-time,50,25,137300,36.0,69.0,4.7,4,2,Headphones,Mobile App,3,120,0.11,320.4,251.15,69.25,29,4.2,4,No
1056,2025-07-31 10:07:52.957652552,HR,Central,Female,High School,Full-time,35,13,75500,41.2,55.3,4.2,2,0,Headphones,Mobile App,12,120,0.07,1339.2,1060.4,278.8,44,4.9,1,No
1057,2025-07-31 14:56:27.529176392,Marketing,Central,Male,PhD,Part-time,41,21,139100,38.5,67.6,3.8,1,4,Tablet,Store,1,500,0.01,495.0,335.96,159.04,42,3.4,1,No
1058,2025-07-31 19:45:02.100700236,Operations,Central,Male,Bachelor,Full-time,35,13,83000,38.3,77.2,5.0,1,5,Keyboard,Email,11,60,0.18,541.2,369.25,171.95,24,4.5,6,No
1059,2025-08-01 00:33:36.672224076,Marketing,West,Male,Master,Full-time,28,0,32700,45.9,100.0,2.9,3,3,Headphones,Website,12,120,0.15,1224.0,948.94,275.06,59,4.9,5,No
1060,2025-08-01 05:22:11.243747916,Sales,North,Female,Bachelor,Full-time,18,0,35100,31.3,67.8,3.3,2,3,Monitor,Mobile App,2,250,0.24,380.0,289.65,90.35,37,3.7,4,No
1061,2025-08-01 10:10:45.815271760,Operations,North,Male,Master,Part-time,36,11,96900,37.2,73.7,4.0,7,0,Monitor,Website,3,250,0.18,615.0,448.74,166.26,18,3.9,5,No
1062,2025-08-01 14:59:20.386795600,Marketing,West,Female,Bachelor,Contract,27,3,41100,30.1,60.1,4.2,1,2,Laptop,Email,12,900,0.23,8316.0,5832.34,2483.66,43,4.1,6,No
1063,2025-08-01 19:47:54.958319440,IT,East,Female,Bachelor,Full-time,27,4,60800,40.7,59.4,2.8,6,4,Keyboard,Mobile App,9,60,0.25,405.0,285.59,119.41,18,3.8,5,No
1064,2025-08-02 00:36:29.529843280,Finance,South,Female,High School,Full-time,30,12,90700,37.5,58.8,3.5,5,0,Laptop,Store,8,900,0.11,6408.0,4029.82,2378.18,50,4.1,5,No
1065,2025-08-02 05:25:04.101367124,Sales,North,Female,Bachelor,Full-time,50,23,127600,36.4,62.7,3.5,4,0,Monitor,Phone,4,250,0.04,960.0,741.38,218.62,39,4.5,3,No
1066,2025-08-02 10:13:38.672890964,Marketing,South,Female,Master,Part-time,56,38,178800,41.4,65.8,,4,5,Smartphone,Store,8,700,0.05,5320.0,3752.38,1567.62,36,3.9,6,No
1067,2025-08-02 15:02:13.244414804,Sales,West,Female,Bachelor,Full-time,36,18,104800,43.1,90.5,4.0,0,1,Monitor,Store,13,250,0.08,2990.0,1755.3,1234.7,37,3.9,3,No
1068,2025-08-02 19:50:47.815938648,Customer Support,East,Male,Bachelor,Full-time,30,3,53100,45.9,67.5,4.4,2,5,Mouse,Phone,9,35,0.13,274.05,162.22,111.83,44,4.2,6,No
1069,2025-08-03 00:39:22.387462488,Sales,East,Male,PhD,Full-time,23,0,56800,54.7,79.2,3.2,1,0,Headphones,Phone,3,120,0.03,349.2,271.85,77.35,31,3.7,3,No
1070,2025-08-03 05:27:56.958986328,Operations,East,Female,Bachelor,Part-time,38,13,95000,37.2,75.8,2.9,3,4,Smartphone,Phone,6,700,0.08,3864.0,2734.6,1129.4,37,3.8,5,No
1071,2025-08-03 10:16:31.530510172,Customer Support,West,Female,PhD,Full-time,50,26,147000,36.6,84.4,3.2,2,1,Monitor,Mobile App,8,250,0.08,1840.0,1176.88,663.12,38,3.4,8,No
1072,2025-08-03 15:05:06.102034012,Operations,Central,Male,High School,Full-time,32,9,63200,40.0,47.3,3.9,5,2,Tablet,Website,10,500,0.0,5000.0,2880.65,2119.35,18,4.0,5,No
1073,2025-08-03 19:53:40.673557852,Finance,Central,Male,Master,Full-time,18,0,53900,40.4,76.5,4.7,3,2,Tablet,Website,7,500,0.09,3185.0,2239.26,945.74,44,4.3,7,No
1074,2025-08-04 00:42:15.245081696,Customer Support,South,Male,High School,Contract,40,22,101500,48.7,75.0,2.4,3,0,Laptop,Phone,9,900,0.03,7857.0,4520.08,3336.92,46,3.8,3,No
1075,2025-08-04 05:30:49.816605536,IT,Central,Male,Bachelor,Contract,43,17,98800,42.6,70.7,5.0,5,4,Smartphone,Store,7,700,0.11,4361.0,2882.84,1478.16,42,3.5,4,Yes
1076,2025-08-04 10:19:24.388129376,Sales,Central,Female,Bachelor,Full-time,20,2,33700,35.3,86.0,4.2,2,2,Laptop,Email,1,900,0.05,855.0,618.38,236.62,42,3.9,3,No
1077,2025-08-04 15:07:58.959653220,Marketing,East,Male,Bachelor,Full-time,36,15,86600,35.0,70.4,4.3,7,4,Headphones,Phone,9,120,0.21,853.2,588.39,264.81,56,4.3,1,No
1078,2025-08-04 19:56:33.531177060,HR,East,Female,Bachelor,Full-time,38,18,100800,43.4,83.4,4.2,3,5,Headphones,Store,12,120,0.02,1411.2,1124.2,287.0,36,4.1,6,No
1079,2025-08-05 00:45:08.102700900,Sales,South,Female,Bachelor,Full-time,33,9,84700,39.0,74.2,3.2,2,5,Mouse,Store,5,35,0.22,136.5,72.61,63.89,37,5.0,5,No
1080,2025-08-05 05:33:42.674224744,Sales,North,Male,PhD,Full-time,27,5,75200,47.1,75.2,3.4,3,4,Keyboard,Mobile App,6,60,0.15,306.0,184.81,121.19,29,,5,No
1081,2025-08-05 10:22:17.245748584,Finance,South,Male,PhD,Full-time,43,21,135200,42.6,76.1,4.0,1,1,Laptop,Mobile App,2,900,0.11,1602.0,860.48,741.52,18,3.9,6,No
1082,2025-08-05 15:10:51.817272424,IT,South,Female,PhD,Full-time,30,9,95600,34.8,69.4,3.3,0,0,Headphones,Website,2,120,0.14,206.4,119.38,87.02,42,4.5,2,No
1083,2025-08-05 19:59:26.388796268,HR,West,Female,PhD,Full-time,21,3,59300,34.1,92.3,3.7,3,4,Laptop,Website,13,900,0.09,10647.0,5932.46,4714.54,30,3.5,1,No
1084,2025-08-06 00:48:00.960320108,Customer Support,West,Female,Master,Part-time,18,0,41200,41.7,86.0,3.0,4,4,Headphones,Email,4,120,0.03,465.6,344.45,121.15,18,5.0,6,No
1085,2025-08-06 05:36:35.531843948,Customer Support,South,Female,PhD,Part-time,45,24,131500,38.3,71.2,4.1,1,5,Monitor,Email,4,250,0.19,810.0,510.96,299.04,36,4.0,4,No
1086,2025-08-06 10:25:10.103367792,Customer Support,South,Male,Master,Full-time,40,13,82600,45.7,74.2,3.4,2,4,Laptop,Email,5,900,0.23,3465.0,2763.38,701.62,36,4.4,4,No
1087,2025-08-06 15:13:44.674891632,Operations,South,Male,,Full-time,35,10,80400,41.7,78.3,3.2,3,0,Monitor,Email,7,250,0.24,1330.0,700.93,629.07,34,4.0,1,No
1088,2025-08-06 20:02:19.246415472,Operations,Central,Male,Master,Contract,30,11,75300,41.6,82.5,2.8,6,1,Laptop,Store,13,900,0.17,9711.0,6951.88,2759.12,39,4.7,7,No
1089,2025-08-07 00:50:53.817939312,Marketing,West,Male,Master,Part-time,29,4,54800,33.9,93.0,3.0,5,5,Keyboard,Store,11,60,0.1,594.0,481.83,112.17,18,3.3,5,No
1090,2025-08-07 05:39:28.389463156,HR,South,Male,Master,Full-time,24,6,56800,37.6,83.8,2.4,2,4,Mouse,Website,12,35,0.12,369.6,211.69,157.91,49,5.0,3,No
1091,2025-08-07 10:28:02.960986996,Customer Support,East,Female,,Full-time,30,9,65600,39.8,69.7,3.8,1,3,Tablet,Mobile App,1,500,0.16,420.0,274.15,145.85,42,4.2,8,No
1092,2025-08-07 15:16:37.532510836,Operations,East,Female,High School,Contract,18,0,40700,30.6,61.4,3.0,4,5,Tablet,Mobile App,10,500,0.21,3950.0,2885.74,1064.26,52,4.5,1,No
1093,2025-08-07 20:05:12.104034680,Marketing,Central,Male,Master,Full-time,27,5,63600,43.1,84.9,3.5,4,1,Tablet,Phone,4,500,0.09,1820.0,1292.09,527.91,30,3.5,3,No
1094,2025-08-08 00:53:46.675558520,IT,Central,Male,PhD,Full-time,31,9,94500,44.3,75.8,4.5,3,0,Monitor,Store,13,250,0.23,2502.5,1726.24,776.26,42,4.2,6,No
1095,2025-08-08 05:42:21.247082360,Marketing,North,Female,Bachelor,Contract,39,17,104000,37.4,59.2,3.4,1,2,Smartphone,Email,9,700,0.08,5796.0,3582.08,2213.92,18,3.3,6,No
1096,2025-08-08 10:30:55.818606204,Operations,North,Female,High School,Part-time,34,13,86400,46.3,83.1,3.4,6,4,Headphones,Email,8,120,0.13,835.2,616.76,218.44,27,4.8,1,No
1097,2025-08-08 15:19:30.390130044,Finance,North,Male,Bachelor,Full-time,41,16,99400,46.1,91.7,3.5,4,3,Tablet,Phone,3,500,0.24,1140.0,816.21,323.79,21,3.1,3,No
1098,2025-08-08 20:08:04.961653884,Finance,Central,Male,Bachelor,Full-time,46,26,148300,42.6,72.1,3.7,2,2,Keyboard,Mobile App,6,60,0.23,277.2,157.68,119.52,40,,5,No
1099,2025-08-09 00:56:39.533177728,Customer Support,Central,Female,Bachelor,Full-time,44,23,117300,39.7,92.4,3.1,1,5,Tablet,Email,11,500,0.17,4565.0,3694.12,870.88,24,3.7,7,No
1100,2025-08-09 05:45:14.104701568,Finance,Central,Male,Bachelor,Full-time,38,20,116500,45.0,82.0,4.2,6,2,Laptop,Mobile App,9,900,0.08,7452.0,5117.3,2334.7,32,2.9,7,No
1101,2025-08-09 10:33:48.676225408,Customer Support,East,Male,PhD,Part-time,34,10,74200,32.5,56.9,3.6,2,4,Monitor,Phone,8,250,0.05,1900.0,1287.51,612.49,37,3.3,5,No
1102,2025-08-09 15:22:23.247749252,Customer Support,Central,Female,Master,Full-time,25,7,49300,40.4,77.5,3.1,2,4,Smartphone,Mobile App,7,700,0.02,4802.0,3719.01,1082.99,32,4.3,4,No
1103,2025-08-09 20:10:57.819273092,Operations,East,Female,Bachelor,Contract,41,22,115600,35.8,49.0,3.2,4,2,Laptop,Mobile App,7,900,0.18,5166.0,3678.83,1487.17,21,3.4,4,No
1104,2025-08-10 00:59:32.390796932,Finance,North,Female,PhD,Full-time,49,21,142500,36.7,76.6,4.4,3,3,Smartphone,Mobile App,1,700,0.13,609.0,330.29,278.71,57,3.5,5,No
1105,2025-08-10 05:48:06.962320776,Customer Support,North,Male,Bachelor,Full-time,37,13,81500,42.2,58.7,3.0,2,1,Laptop,Email,5,900,0.14,3870.0,2600.55,1269.45,38,4.3,7,No
1106,2025-08-10 10:36:41.533844616,HR,North,Female,High School,Full-time,51,33,154100,36.0,74.5,3.8,4,4,Laptop,Website,7,900,0.12,5544.0,4181.17,1362.83,57,4.6,4,No
1107,2025-08-10 15:25:16.105368456,IT,South,Male,Bachelor,Full-time,20,0,44300,32.3,80.8,3.9,6,4,Mouse,Store,14,35,0.12,431.2,314.77,116.43,25,4.5,3,No
1108,2025-08-10 20:13:50.676892300,Marketing,South,Female,Master,Part-time,24,4,57700,51.1,64.4,2.6,2,0,Mouse,Mobile App,13,35,0.14,391.3,317.43,73.87,32,4.0,6,No
1109,2025-08-11 01:02:25.248416140,Marketing,West,Male,Master,Part-time,42,19,109700,37.0,94.0,2.3,4,4,Headphones,Mobile App,2,120,0.23,184.8,97.48,87.32,38,4.2,6,No
1110,2025-08-11 05:50:59.819939980,Operations,West,Male,PhD,Full-time,36,13,84300,35.8,60.0,3.2,2,0,Monitor,Mobile App,6,250,0.01,1485.0,888.57,596.43,55,4.1,3,No
1111,2025-08-11 10:39:34.391463824,Finance,West,Female,Bachelor,Contract,46,23,139600,46.0,44.2,4.1,6,2,Keyboard,Website,14,60,0.2,672.0,460.15,211.85,57,3.3,1,No
1112,2025-08-11 15:28:08.962987664,Finance,South,Male,High School,Full-time,34,6,69800,37.0,71.6,2.3,4,3,Keyboard,Phone,2,60,0.1,108.0,76.23,31.77,32,4.2,1,No
1113,2025-08-11 20:16:43.534511504,Customer Support,South,Male,High School,Full-time,26,7,60900,33.7,89.7,2.8,3,0,Keyboard,Email,3,60,0.19,145.8,87.82,57.98,28,3.3,4,No
1114,2025-08-12 01:05:18.106035348,Sales,West,Female,Master,Full-time,32,13,101100,35.4,71.7,4.0,2,0,Laptop,Website,1,900,0.24,684.0,525.34,158.66,37,4.4,2,No
1115,2025-08-12 05:53:52.677559188,Customer Support,West,Male,Master,Full-time,20,0,35800,37.8,64.3,2.6,7,1,Mouse,Mobile App,3,35,0.08,96.6,54.99,41.61,51,4.1,6,No
1116,2025-08-12 10:42:27.249083028,IT,Central,Female,Bachelor,Full-time,24,0,55200,34.6,50.6,4.3,5,2,Monitor,Website,7,250,0.02,1715.0,892.24,822.76,39,2.5,1,No
1117,2025-08-12 15:31:01.820606868,HR,West,Male,Bachelor,Full-time,43,21,104300,35.8,64.6,5.0,1,0,Laptop,Website,5,900,,4230.0,3408.18,821.82,41,4.7,7,Yes
1118,2025-08-12 20:19:36.392130712,Marketing,Central,Female,PhD,Full-time,42,18,117300,37.8,57.2,2.8,6,0,Smartphone,Website,4,700,0.06,2632.0,1677.81,954.19,51,3.6,3,Yes
1119,2025-08-13 01:08:10.963654552,Customer Support,East,Female,Master,Full-time,37,13,69800,44.9,75.2,4.7,2,2,Mouse,Phone,13,35,0.19,368.55,297.51,71.04,49,3.6,2,No
1120,2025-08-13 05:56:45.535178392,Sales,South,Male,Bachelor,Full-time,19,0,35700,50.4,76.3,3.8,6,4,Mouse,Store,12,35,0.02,411.6,248.35,163.25,50,4.7,3,No
1121,2025-08-13 10:45:20.106702236,Sales,West,Female,,Full-time,31,6,51200,45.5,59.7,2.9,5,3,Tablet,Email,8,500,0.01,3960.0,2134.58,1825.42,45,3.9,2,No
1122,2025-08-13 15:33:54.678226076,Customer Support,South,Female,Bachelor,Full-time,23,0,25000,38.9,67.8,4.8,3,5,Tablet,Phone,8,500,0.17,3320.0,2495.83,824.17,54,4.4,7,No
1123,2025-08-13 20:22:29.249749916,Operations,South,Male,High School,Part-time,45,22,109500,32.9,90.8,3.8,4,5,Monitor,Phone,1,250,0.14,215.0,165.71,49.29,23,3.5,5,No
1124,2025-08-14 01:11:03.821273760,Marketing,South,Female,Bachelor,Full-time,29,7,54100,43.5,66.5,4.5,4,2,Smartphone,Store,9,700,0.1,5670.0,3785.44,1884.56,65,4.6,4,Yes
1125,2025-08-14 05:59:38.392797600,Operations,East,Female,High School,Full-time,24,3,46600,34.9,66.1,5.0,3,5,Monitor,Phone,14,250,0.14,3010.0,1631.89,1378.11,51,4.1,2,Yes
1126,2025-08-14 10:48:12.964321440,HR,North,Female,Bachelor,Full-time,34,10,85100,38.2,74.4,3.4,3,1,Monitor,Website,9,250,0.18,1845.0,1321.46,523.54,36,4.3,4,No
1127,2025-08-14 15:36:47.535845284,Sales,West,Female,Bachelor,Part-time,28,7,55900,48.1,53.7,3.9,2,5,Laptop,Website,2,900,0.03,1746.0,1003.33,742.67,51,3.9,2,No
1128,2025-08-14 20:25:22.107369124,Sales,North,Male,Bachelor,Contract,47,25,122100,48.5,84.3,2.6,3,1,Headphones,Mobile App,2,120,0.14,206.4,159.92,46.48,34,5.0,1,No
1129,2025-08-15 01:13:56.678892964,IT,North,Female,Bachelor,Full-time,27,5,71500,40.9,66.6,3.1,3,3,Monitor,Phone,8,250,0.21,1580.0,951.49,628.51,44,5.0,3,No
1130,2025-08-15 06:02:31.250416808,HR,North,Female,Bachelor,Full-time,21,3,39500,46.1,56.9,3.4,0,1,Tablet,Mobile App,12,500,0.09,5460.0,4227.74,1232.26,45,2.5,5,No
1131,2025-08-15 10:51:05.821940648,Sales,South,Female,High School,Full-time,18,0,25600,46.0,79.0,3.7,1,2,Headphones,Email,11,120,0.19,1069.2,692.92,376.28,48,4.6,3,No
1132,2025-08-15 15:39:40.393464488,HR,Central,Male,Master,Part-time,34,14,87000,43.3,65.7,1.8,6,4,Laptop,Website,6,900,0.21,4266.0,2981.71,1284.29,32,3.2,4,No
1133,2025-08-15 20:28:14.964988332,Marketing,South,Male,Bachelor,Full-time,29,1,47400,38.6,60.6,4.7,3,5,Headphones,Email,3,120,0.21,284.4,215.25,69.15,49,4.4,6,No
1134,2025-08-16 01:16:49.536512172,Finance,South,Female,Bachelor,Full-time,21,1,30600,37.2,72.9,4.0,3,1,Keyboard,Store,12,60,0.16,604.8,321.83,282.97,33,2.8,6,No
1135,2025-08-16 06:05:24.108036012,Sales,North,Female,PhD,Part-time,45,26,137400,40.2,85.7,3.9,1,2,Smartphone,Website,2,700,0.18,1148.0,879.77,268.23,47,4.3,8,No
1136,2025-08-16 10:53:58.679559856,IT,South,Male,Bachelor,Part-time,40,21,135300,33.6,66.7,5.0,2,1,Headphones,Email,5,120,0.2,480.0,269.57,210.43,38,3.4,1,No
1137,2025-08-16 15:42:33.251083696,Marketing,North,Female,Bachelor,Full-time,34,11,46600,37.6,59.5,4.8,0,0,Monitor,Store,8,250,0.18,1640.0,1029.14,610.86,18,3.7,2,No
1138,2025-08-16 20:31:07.822607536,Customer Support,Central,Female,Bachelor,Full-time,46,28,129900,43.0,42.8,3.4,2,0,Laptop,Email,6,900,0.11,4806.0,3180.78,1625.22,29,3.7,6,Yes
1139,2025-08-17 01:19:42.394131380,HR,West,Female,Master,Full-time,40,17,115300,36.9,53.1,3.0,4,4,Smartphone,Store,12,700,0.04,8064.0,6359.5,1704.5,48,3.5,5,No
1140,2025-08-17 06:08:16.965655220,Customer Support,North,Female,Master,Full-time,27,5,74700,47.7,65.7,4.0,2,5,Monitor,Store,3,250,0.08,690.0,363.45,326.55,34,3.5,4,No
1141,2025-08-17 10:56:51.537179060,Operations,Central,Male,Bachelor,Full-time,25,2,52200,41.2,55.0,4.7,5,0,Smartphone,Website,12,700,0.05,7980.0,5488.33,2491.67,53,3.7,3,No
1142,2025-08-17 15:45:26.108702900,Marketing,West,Male,Master,Contract,41,19,120000,43.9,62.9,3.4,3,0,Tablet,Mobile App,12,500,0.09,5460.0,3891.65,1568.35,23,3.9,4,No
1143,2025-08-17 20:34:00.680226744,Customer Support,East,Male,High School,Full-time,38,14,68500,38.9,97.1,4.2,2,1,Keyboard,Store,9,60,0.12,475.2,292.24,182.96,46,4.2,4,No
1144,2025-08-18 01:22:35.251750584,Sales,North,Male,PhD,Full-time,36,18,109200,43.2,88.0,4.9,7,1,Tablet,Store,8,500,0.24,3040.0,1845.72,1194.28,37,5.0,1,No
1145,2025-08-18 06:11:09.823274424,HR,North,Male,Bachelor,Full-time,26,6,71400,34.4,61.4,4.3,0,3,Monitor,Website,10,250,0.24,1900.0,1267.57,632.43,35,3.3,4,No
1146,2025-08-18 10:59:44.394798268,Finance,East,Female,Master,Full-time,39,16,103600,42.1,73.8,2.2,3,4,Monitor,Mobile App,6,250,0.19,1215.0,700.0,515.0,24,4.1,3,No
1147,2025-08-18 15:48:18.966322108,Marketing,East,Male,Bachelor,Full-time,27,9,50600,42.6,58.0,2.5,1,0,Monitor,Phone,1,250,0.25,187.5,123.83,63.67,41,4.5,6,No
1148,2025-08-18 20:36:53.537845948,Sales,North,Female,Bachelor,Full-time,33,5,58300,46.4,92.3,5.0,4,3,Mouse,Phone,2,35,0.25,52.5,39.35,13.15,26,3.5,5,No
1149,2025-08-19 01:25:28.109369792,IT,East,Male,PhD,Contract,47,19,129800,30.0,72.9,3.6,2,1,Keyboard,Mobile App,4,60,0.22,187.2,144.82,42.38,30,2.4,8,No
1150,2025-08-19 06:14:02.680893632,Operations,South,Female,Master,Full-time,28,4,59700,36.6,85.7,3.8,0,5,Smartphone,Email,2,700,0.02,1372.0,871.97,500.03,36,2.7,4,No
1151,2025-08-19 11:02:37.252417472,HR,West,Male,High School,Full-time,20,0,25000,31.1,61.8,4.0,4,3,Monitor,Website,3,250,0.11,667.5,470.71,196.79,34,2.4,2,No
1152,2025-08-19 15:51:11.823941316,Marketing,West,Male,Bachelor,Part-time,25,5,29700,35.8,92.8,4.6,4,0,Monitor,Mobile App,14,250,0.13,3045.0,1583.42,1461.58,50,5.0,1,No
1153,2025-08-19 20:39:46.395465156,Marketing,West,Female,Bachelor,Part-time,43,16,94700,39.5,66.3,2.9,3,3,Smartphone,Phone,8,700,0.03,5432.0,3721.49,1710.51,18,4.4,2,No
1154,2025-08-20 01:28:20.966988996,Finance,South,Female,Bachelor,Full-time,36,10,75300,43.0,49.0,3.2,3,2,Tablet,Store,9,500,0.2,3600.0,2925.26,674.74,36,4.5,5,No
1155,2025-08-20 06:16:55.538512840,Finance,East,Female,Bachelor,Full-time,33,15,91400,51.2,69.7,2.7,4,4,Tablet,Phone,6,500,0.04,2880.0,1767.4,1112.6,34,4.7,5,No
1156,2025-08-20 11:05:30.110036680,IT,Central,Male,Bachelor,Part-time,29,4,65500,46.8,63.1,1.8,3,0,Monitor,Store,4,250,0.1,900.0,628.59,271.41,38,3.6,3,No
1157,2025-08-20 15:54:04.681560520,Operations,East,Male,Bachelor,Full-time,38,20,101000,37.6,85.1,3.8,1,2,Laptop,Website,11,900,0.02,9702.0,7263.74,2438.26,31,5.0,3,No
1158,2025-08-20 20:42:39.253084364,IT,North,Female,High School,Full-time,26,4,54600,43.6,63.9,2.8,4,5,Mouse,Store,2,35,0.13,60.9,42.79,18.11,50,4.2,4,No
1159,2025-08-21 01:31:13.824608204,Sales,West,Male,Bachelor,Part-time,37,10,68000,46.1,79.0,4.3,3,3,Tablet,Mobile App,7,500,0.15,2975.0,1920.51,1054.49,35,3.9,5,No
1160,2025-08-21 06:19:48.396132044,Sales,East,Female,Bachelor,Full-time,27,2,52000,39.5,63.1,3.0,2,5,Laptop,Store,10,900,0.18,7380.0,4175.4,3204.6,40,4.8,6,No
1161,2025-08-21 11:08:22.967655888,IT,Central,Male,Bachelor,Full-time,26,3,41600,39.7,61.0,2.4,4,0,Mouse,Email,11,35,0.08,354.2,233.46,120.74,49,4.5,3,No
1162,2025-08-21 15:56:57.539179728,Operations,North,Female,Master,Full-time,28,4,53200,38.9,72.0,4.3,4,3,Monitor,Mobile App,7,250,0.15,1487.5,905.05,582.45,39,4.9,3,No
1163,2025-08-21 20:45:32.110703568,IT,South,Female,High School,Full-time,31,3,63300,42.4,78.9,3.9,4,4,Keyboard,Website,10,60,0.18,492.0,358.56,133.44,23,5.0,8,No
1164,2025-08-22 01:34:06.682227412,Operations,South,Male,Bachelor,Full-time,34,9,62000,42.1,51.7,3.4,3,5,Headphones,Mobile App,9,120,0.19,874.8,570.87,303.93,33,3.8,8,No
1165,2025-08-22 06:22:41.253751252,Operations,Central,Female,Bachelor,Full-time,36,13,84600,40.7,84.0,3.4,5,5,Headphones,Email,5,120,0.08,552.0,427.78,124.22,37,4.1,3,Yes
1166,2025-08-22 11:11:15.825275092,Customer Support,North,Male,Bachelor,Part-time,18,0,48000,48.7,84.2,4.0,4,4,Monitor,Website,10,250,0.02,2450.0,1416.09,1033.91,18,3.4,6,No
1167,2025-08-22 15:59:50.396798932,HR,West,Male,Master,Full-time,27,4,57400,45.0,68.0,4.9,1,1,Tablet,Phone,4,500,0.01,1980.0,1277.73,702.27,29,2.9,8,No
1168,2025-08-22 20:48:24.968322776,Operations,East,Male,Bachelor,Full-time,30,2,64300,31.9,69.5,3.8,2,2,Laptop,Email,10,900,0.19,7290.0,5010.06,2279.94,37,4.6,7,Yes
1169,2025-08-23 01:36:59.539846616,Finance,North,Female,Bachelor,Full-time,48,25,143100,31.0,37.6,3.9,5,4,Keyboard,Website,6,60,0.1,324.0,180.73,143.27,62,4.7,2,No
1170,2025-08-23 06:25:34.111370456,Operations,South,Female,Master,Contract,24,2,46100,42.1,95.4,3.1,3,2,Smartphone,Store,12,700,0.03,8148.0,5674.05,2473.95,42,2.6,4,No
1171,2025-08-23 11:14:08.682894300,Operations,Central,Female,PhD,Full-time,35,10,78600,39.5,67.8,3.3,3,3,Mouse,Mobile App,2,35,0.05,66.5,40.38,26.12,40,3.5,1,No
1172,2025-08-23 16:02:43.254418140,Operations,Central,Male,High School,Full-time,47,28,125600,31.3,86.1,1.0,2,2,Monitor,Website,2,250,0.19,405.0,238.49,166.51,58,4.0,2,No
1173,2025-08-23 20:51:17.825941980,Customer Support,East,Male,Bachelor,Full-time,22,0,36400,30.5,64.1,2.7,1,5,Keyboard,Mobile App,12,60,0.15,612.0,344.29,267.71,45,4.1,4,No
1174,2025-08-24 01:39:52.397465824,Customer Support,Central,Female,Bachelor,Full-time,38,17,95600,38.8,72.0,2.6,4,0,Keyboard,Store,9,60,0.13,469.8,293.61,176.19,47,5.0,4,No
1175,2025-08-24 06:28:26.968989664,Sales,Central,Male,Bachelor,Full-time,27,9,74500,41.3,78.8,2.6,4,1,Tablet,Website,7,500,0.16,2940.0,2348.16,591.84,33,3.6,3,No
1176,2025-08-24 11:17:01.540513504,Customer Support,North,Male,Bachelor,Contract,29,7,49200,41.5,66.0,3.2,4,2,Mouse,Phone,7,35,0.03,237.65,125.79,111.86,23,3.9,1,No
1177,2025-08-24 16:05:36.112037348,Finance,West,Male,Bachelor,Contract,27,7,60500,37.0,51.7,3.3,2,2,Keyboard,Email,13,60,0.08,717.6,556.6,161.0,41,4.5,4,No
1178,2025-08-24 20:54:10.683561188,Finance,East,Female,High School,Full-time,27,6,64000,37.2,70.4,2.6,3,4,Tablet,Website,5,500,0.09,2275.0,1454.2,820.8,60,3.8,5,No
1179,2025-08-25 01:42:45.255085028,Customer Support,North,Female,Master,Full-time,58,34,176900,37.5,53.6,4.5,1,0,Laptop,Store,7,900,0.08,5796.0,3990.43,1805.57,56,3.6,6,No
1180,2025-08-25 06:31:19.826608872,IT,West,Female,Bachelor,Contract,42,20,108100,42.5,60.8,4.0,3,4,Tablet,Website,9,500,0.22,3510.0,2365.19,1144.81,46,3.6,4,Yes
1181,2025-08-25 11:19:54.398132712,HR,North,Male,Bachelor,Full-time,44,23,114800,32.4,63.8,3.7,5,2,Laptop,Mobile App,10,900,0.15,7650.0,6102.57,1547.43,30,4.2,4,No
1182,2025-08-25 16:08:28.969656552,Customer Support,North,Male,Master,Contract,38,20,106800,40.1,73.0,4.0,1,3,Laptop,Website,5,900,0.18,3690.0,2771.33,918.67,19,3.9,4,No
1183,2025-08-25 20:57:03.541180396,Operations,Central,Female,High School,Full-time,20,0,34300,45.1,63.6,2.1,2,4,Smartphone,Phone,9,700,0.06,5922.0,4829.08,1092.92,28,4.5,5,No
1184,2025-08-26 01:45:38.112704236,Marketing,West,Female,Bachelor,Full-time,38,10,60200,38.2,56.1,2.1,3,4,Smartphone,Website,1,700,0.07,651.0,493.67,157.33,41,4.3,4,No
1185,2025-08-26 06:34:12.684228076,HR,East,Female,Bachelor,Contract,44,17,95300,40.8,74.4,4.5,3,0,Keyboard,Email,13,60,0.06,733.2,446.35,286.85,32,2.0,1,No
1186,2025-08-26 11:22:47.255751920,HR,East,Male,Bachelor,Full-time,26,3,56500,42.1,80.5,,3,5,Tablet,Website,12,500,0.17,4980.0,4028.15,951.85,50,2.8,7,No
1187,2025-08-26 16:11:21.827275760,Finance,West,Female,Bachelor,Full-time,43,19,94900,36.7,54.0,3.5,0,4,Smartphone,Mobile App,3,700,0.09,1911.0,1557.6,353.4,20,3.6,3,No
1188,2025-08-26 20:59:56.398799600,HR,Central,Female,High School,Full-time,40,22,116000,39.5,72.2,5.0,1,4,Laptop,Website,7,900,0.1,5670.0,3157.78,2512.22,36,4.7,2,No
1189,2025-08-27 01:48:30.970323444,Customer Support,South,Female,High School,Contract,51,30,122200,33.5,81.8,3.5,4,1,Smartphone,Phone,4,700,0.18,2296.0,1814.56,481.44,29,3.5,3,Yes
1190,2025-08-27 06:37:05.541847284,Operations,North,Male,High School,Full-time,30,4,49300,42.4,73.3,2.9,4,2,Mouse,Store,2,35,0.24,53.2,38.26,14.94,50,4.3,4,No
1191,2025-08-27 11:25:40.113371124,Operations,Central,Female,PhD,Contract,24,0,59400,40.8,56.3,4.3,2,0,Keyboard,Website,12,60,0.04,691.2,550.61,140.59,45,4.4,3,No
1192,2025-08-27 16:14:14.684894964,Sales,West,Male,High School,Full-time,31,8,63400,45.8,75.1,1.8,2,4,Tablet,Website,14,500,0.02,6860.0,5451.79,1408.21,28,4.4,3,No
1193,2025-08-27 21:02:49.256418808,Operations,North,Female,High School,Contract,47,28,128000,44.4,72.0,,3,5,Tablet,Email,3,500,0.05,1425.0,1122.06,302.94,48,3.6,3,No
1194,2025-08-28 01:51:23.827942648,Operations,East,Male,PhD,Part-time,18,0,61000,45.9,74.0,2.8,7,5,Headphones,Phone,7,120,0.18,688.8,541.11,147.69,19,3.2,5,No
1195,2025-08-28 06:39:58.399466488,Finance,South,Female,Bachelor,Full-time,18,0,31700,46.1,72.5,2.5,4,2,Tablet,Store,8,500,0.05,3800.0,2110.12,1689.88,18,3.1,2,No
1196,2025-08-28 11:28:32.970990332,Operations,East,Female,Bachelor,Part-time,35,14,95200,36.4,45.8,3.1,2,0,Keyboard,Mobile App,11,60,0.15,561.0,315.87,245.13,27,5.0,5,No
1197,2025-08-28 16:17:07.542514172,Sales,West,Male,High School,Full-time,30,3,38300,42.4,69.7,3.7,1,5,Mouse,Website,9,35,0.15,267.75,148.69,119.06,18,4.3,1,Yes
1198,2025-08-28 21:05:42.114038012,Marketing,North,Female,Master,Contract,34,10,80900,43.4,84.4,4.5,2,4,Tablet,Store,6,500,0.07,2790.0,1526.99,1263.01,37,5.0,8,No
1199,2025-08-29 01:54:16.685561856,Customer Support,West,Female,High School,Full-time,43,23,105300,36.9,90.7,4.3,4,3,Headphones,Mobile App,10,120,0.02,1176.0,736.16,439.84,37,3.4,6,Yes
1200,2025-08-29 06:42:51.257085696,Finance,North,Female,Master,Full-time,29,6,84800,46.2,84.9,2.2,2,5,Keyboard,Phone,9,60,0.1,486.0,352.44,133.56,33,4.9,3,No
1201,2025-08-29 11:31:25.828609536,Marketing,Central,Female,PhD,Full-time,18,0,56900,39.5,72.3,5.0,4,1,Laptop,Phone,4,900,0.05,3420.0,2142.31,1277.69,44,3.7,5,No
1202,2025-08-29 16:20:00.400133380,Finance,South,Male,Bachelor,Full-time,52,32,160900,43.2,81.0,4.5,1,0,Monitor,Store,12,250,0.05,2850.0,2097.86,752.14,29,4.0,2,Yes
1203,2025-08-29 21:08:34.971657220,IT,Central,Male,Bachelor,Part-time,25,5,72600,45.5,79.1,3.5,6,3,Monitor,Mobile App,5,250,0.13,1087.5,833.12,254.38,22,3.8,5,No
1204,2025-08-30 01:57:09.543181060,HR,Central,Male,Bachelor,Part-time,24,5,50300,42.1,69.0,4.6,3,0,Laptop,Phone,1,900,0.17,747.0,537.74,209.26,28,3.4,6,No
1205,2025-08-30 06:45:44.114704904,IT,West,Male,Bachelor,Full-time,44,16,106600,49.1,86.9,2.8,5,0,Smartphone,Store,14,700,0.02,9604.0,6334.14,3269.86,23,3.4,5,No
1206,2025-08-30 11:34:18.686228744,Operations,South,Male,Bachelor,Full-time,31,11,78000,52.1,63.6,4.2,4,1,Tablet,Phone,9,500,0.14,3870.0,2355.5,1514.5,31,4.0,6,No
1207,2025-08-30 16:22:53.257752584,Marketing,North,Male,Bachelor,Full-time,33,6,62800,40.1,70.6,2.0,5,3,Monitor,Phone,9,250,0.06,2115.0,1178.73,936.27,45,3.6,4,No
1208,2025-08-30 21:11:27.829276428,Operations,North,Male,Master,Contract,38,20,111000,44.8,83.7,3.3,0,4,Smartphone,Phone,9,700,0.17,5229.0,3493.47,1735.53,18,4.1,4,No
1209,2025-08-31 02:00:02.400800268,HR,East,Male,Bachelor,Contract,44,24,112600,51.8,60.1,4.6,5,2,Monitor,Email,3,250,0.2,600.0,441.53,158.47,34,3.4,3,No
1210,2025-08-31 06:48:36.972324108,Finance,North,Female,PhD,Full-time,31,5,88100,36.9,54.6,3.1,5,3,Laptop,Mobile App,13,900,0.2,9360.0,6406.67,2953.33,49,4.5,5,No
1211,2025-08-31 11:37:11.543847952,HR,West,Female,Master,Contract,48,27,143600,26.1,59.4,3.2,1,5,Tablet,Store,10,500,0.09,4550.0,3350.82,1199.18,51,3.7,2,No
1212,2025-08-31 16:25:46.115371792,Sales,Central,Male,Bachelor,Full-time,18,0,29400,44.8,77.8,3.0,4,0,Tablet,Store,10,500,0.14,4300.0,2668.43,1631.57,30,5.0,5,No
1213,2025-08-31 21:14:20.686895632,HR,Central,Male,Master,Full-time,41,16,115100,38.1,100.0,3.3,2,5,Smartphone,Mobile App,10,700,0.2,5600.0,3024.22,2575.78,65,4.0,5,No
1214,2025-09-01 02:02:55.258419476,Sales,Central,Male,Bachelor,Full-time,26,8,59900,34.0,87.6,2.7,3,3,Laptop,Mobile App,8,900,0.02,7056.0,5301.38,1754.62,25,3.9,7,No
1215,2025-09-01 06:51:29.829943316,HR,South,Female,Master,Full-time,46,24,127100,36.4,82.2,4.8,2,2,Smartphone,Mobile App,3,700,0.15,1785.0,1045.86,739.14,35,5.0,5,No
1216,2025-09-01 11:40:04.401467156,Customer Support,North,Male,High School,Full-time,35,17,98000,32.2,92.4,2.5,1,5,Tablet,Mobile App,13,500,0.21,5135.0,3619.59,1515.41,24,3.7,1,No
1217,2025-09-01 16:28:38.972991000,Sales,West,Male,Bachelor,Full-time,28,4,61400,48.5,75.8,3.8,1,3,Tablet,Website,6,500,0.09,2730.0,2078.32,651.68,43,3.7,3,No
1218,2025-09-01 21:17:13.544514840,Marketing,South,Male,Master,Part-time,40,18,99700,47.3,64.0,4.2,2,2,Keyboard,Store,5,60,0.11,267.0,149.98,117.02,72,3.5,3,No
1219,2025-09-02 02:05:48.116038680,Operations,East,Male,Bachelor,Full-time,42,23,123200,38.9,71.2,2.9,4,1,Smartphone,Website,8,700,0.17,4648.0,3251.5,1396.5,60,4.1,3,No
1220,2025-09-02 06:54:22.687562520,Operations,West,Female,Master,Full-time,40,22,119200,39.3,68.5,2.3,1,0,Keyboard,Phone,3,60,0.02,176.4,128.21,48.19,48,,6,No
1221,2025-09-02 11:42:57.259086364,IT,West,Male,,Full-time,25,0,51800,41.0,59.5,3.0,2,4,Laptop,Phone,14,900,0.1,11340.0,8436.5,2903.5,31,4.5,1,Yes
1222,2025-09-02 16:31:31.830610204,Operations,West,Female,Bachelor,Full-time,30,6,57900,48.4,69.3,3.2,4,3,Mouse,Store,1,35,0.07,32.55,18.37,14.18,36,4.0,7,No
1223,2025-09-02 21:20:06.402134044,Finance,Central,Female,Bachelor,Full-time,34,16,95400,34.7,51.7,4.2,2,1,Monitor,Phone,12,250,0.0,3000.0,2302.6,697.4,51,4.6,6,No
1224,2025-09-03 02:08:40.973657888,Customer Support,West,Female,Master,Full-time,34,14,80300,39.2,67.8,3.4,2,5,Keyboard,Mobile App,9,60,0.05,513.0,281.25,231.75,47,4.5,4,No
1225,2025-09-03 06:57:15.545181728,HR,North,Male,Bachelor,Full-time,41,13,91200,46.2,70.7,3.5,0,3,Monitor,Website,10,250,0.1,2250.0,1520.72,729.28,39,3.6,5,No
1226,2025-09-03 11:45:50.116705568,IT,West,Female,Master,Full-time,18,0,48300,38.3,69.8,2.4,5,1,Headphones,Mobile App,9,120,0.05,1026.0,670.0,356.0,40,3.5,4,No
1227,2025-09-03 16:34:24.688229412,Finance,Central,Male,Master,Contract,37,14,112200,35.8,93.9,3.3,0,2,Laptop,Phone,3,900,0.15,2295.0,1346.09,948.91,51,3.8,4,Yes
1228,2025-09-03 21:22:59.259753252,Finance,West,Male,Master,Full-time,31,7,71900,40.8,74.6,,6,1,Mouse,Website,2,35,0.11,62.3,38.04,24.26,54,4.0,6,No
1229,2025-09-04 02:11:33.831277092,Sales,East,Male,Master,Contract,26,0,48400,31.1,94.9,4.4,5,5,Headphones,Mobile App,4,120,0.01,475.2,270.55,204.65,20,4.2,4,No
1230,2025-09-04 07:00:08.402800936,Operations,East,Male,Bachelor,Full-time,27,0,51900,41.9,54.2,3.1,2,5,Headphones,Store,14,120,0.07,1562.4,1011.99,550.41,41,4.3,5,No
1231,2025-09-04 11:48:42.974324776,Marketing,Central,Male,Master,Contract,32,14,88100,38.7,83.4,4.2,4,2,Tablet,Mobile App,8,500,0.0,4000.0,2122.61,1877.39,45,4.0,2,No
1232,2025-09-04 16:37:17.545848616,Marketing,North,Male,Master,Full-time,18,0,47200,43.2,74.8,3.4,5,1,Headphones,Phone,6,120,0.09,655.2,515.43,139.77,32,3.5,5,No
1233,2025-09-04 21:25:52.117372460,IT,North,Male,Master,Part-time,28,9,90900,36.5,70.7,3.9,3,3,Laptop,Website,10,900,0.06,8460.0,4814.13,3645.87,53,3.6,3,No
1234,2025-09-05 02:14:26.688896300,Customer Support,South,Male,High School,Full-time,26,3,32500,42.3,54.8,3.3,1,4,Keyboard,Store,1,60,0.17,49.8,39.13,10.67,35,4.4,5,No
1235,2025-09-05 07:03:01.260420140,Marketing,Central,Female,Bachelor,Full-time,39,14,87000,41.1,76.4,2.7,3,0,Laptop,Website,8,900,0.08,6624.0,5160.58,1463.42,54,3.5,2,No
1236,2025-09-05 11:51:35.831943984,HR,West,Male,Bachelor,Part-time,27,5,59200,34.1,100.0,2.7,6,5,Keyboard,Store,5,60,0.09,273.0,178.95,94.05,34,4.4,5,No
1237,2025-09-05 16:40:10.403467824,Marketing,Central,Female,Bachelor,Part-time,32,5,68800,35.3,77.7,3.9,1,4,Headphones,Website,13,120,0.18,1279.2,856.19,423.01,41,4.4,4,No
1238,2025-09-05 21:28:44.974991664,IT,South,Male,Bachelor,Part-time,48,28,142300,46.1,71.4,1.4,2,1,Headphones,Phone,6,120,0.12,633.6,386.86,246.74,41,5.0,7,No
1239,2025-09-06 02:17:19.546515508,Marketing,Central,Female,High School,Full-time,43,15,86600,44.8,73.9,4.4,8,2,Mouse,Store,5,35,0.14,150.5,123.27,27.23,58,3.7,5,No
1240,2025-09-06 07:05:54.118039348,HR,Central,Female,Bachelor,Full-time,42,17,93400,31.3,79.7,3.3,4,5,Keyboard,Email,10,60,0.21,474.0,341.86,132.14,47,3.8,5,No
1241,2025-09-06 11:54:28.689563188,Sales,South,Male,Bachelor,Full-time,30,5,56200,37.8,92.3,3.0,1,5,Headphones,Website,5,120,0.05,570.0,459.16,110.84,33,2.4,3,No
1242,2025-09-06 16:43:03.261087032,Customer Support,North,Female,Bachelor,Full-time,39,18,90700,41.6,67.2,4.3,2,3,Tablet,Website,3,500,0.25,1125.0,724.99,400.01,35,3.3,5,No
1243,2025-09-06 21:31:37.832610872,IT,West,Male,Bachelor,Contract,32,7,71000,42.7,74.4,1.3,2,0,Monitor,Mobile App,14,250,0.23,2695.0,2115.32,579.68,35,3.3,5,No
1244,2025-09-07 02:20:12.404134712,Sales,South,Female,Master,Full-time,32,10,92700,41.4,72.1,3.9,0,0,Mouse,Store,4,35,0.07,130.2,85.21,44.99,38,4.4,3,No
1245,2025-09-07 07:08:46.975658552,Sales,East,Male,Bachelor,Contract,38,10,73100,41.9,66.1,4.8,4,3,Laptop,Email,5,900,0.22,3510.0,2737.97,772.03,27,5.0,3,No
1246,2025-09-07 11:57:21.547182396,Sales,North,Female,Bachelor,Full-time,29,7,62200,38.2,74.6,2.4,3,1,Mouse,Phone,11,35,0.19,311.85,174.41,137.44,37,4.4,2,Yes
1247,2025-09-07 16:45:56.118706236,Finance,East,Female,High School,Contract,47,27,124800,40.9,91.9,3.1,5,0,Monitor,Mobile App,11,250,0.23,2117.5,1505.66,611.84,54,4.7,4,No
1248,2025-09-07 21:34:30.690230076,Customer Support,North,Male,Bachelor,Full-time,33,9,74300,35.1,63.5,3.9,5,3,Keyboard,Email,2,60,0.17,99.6,72.07,27.53,54,3.5,3,Yes
1249,2025-09-08 02:23:05.261753920,Operations,West,Female,Master,Full-time,40,12,94600,38.2,76.8,2.2,4,1,Laptop,Store,6,900,0.17,4482.0,3212.93,1269.07,19,3.2,5,No
1250,2025-09-08 07:11:39.833277760,Customer Support,West,Male,Master,Full-time,47,19,107600,29.6,77.2,3.7,0,3,Laptop,Email,2,900,0.0,1800.0,1177.39,622.61,18,3.8,2,No
1251,2025-09-08 12:00:14.404801600,Finance,Central,Male,Bachelor,Part-time,43,17,119600,34.7,71.9,5.0,3,0,Keyboard,Website,4,60,0.12,211.2,153.16,58.04,31,3.6,4,No
1252,2025-09-08 16:48:48.976325444,Operations,East,Female,Bachelor,Part-time,21,0,33200,35.6,77.6,,2,4,Smartphone,Website,12,700,0.05,7980.0,4722.87,3257.13,18,3.4,2,No
1253,2025-09-08 21:37:23.547849284,Customer Support,North,Female,Master,Full-time,38,20,100600,35.8,77.0,3.7,2,0,Smartphone,Mobile App,1,700,0.08,644.0,450.0,194.0,23,4.2,6,No
1254,2025-09-09 02:25:58.119373124,Sales,West,Female,High School,Part-time,42,24,115100,43.6,60.1,2.5,6,0,Mouse,Store,4,35,0.24,106.4,73.02,33.38,42,3.2,4,No
1255,2025-09-09 07:14:32.690896968,IT,South,Male,Bachelor,Full-time,42,15,92900,32.1,71.2,4.6,3,4,Headphones,Store,14,120,0.02,1646.4,1013.36,633.04,38,4.6,4,No
1256,2025-09-09 12:03:07.262420808,Operations,West,Male,Bachelor,Part-time,24,0,40200,36.8,71.8,1.3,4,1,Smartphone,Email,7,700,0.18,4018.0,3028.2,989.8,18,3.7,5,No
1257,2025-09-09 16:51:41.833944648,HR,South,Male,High School,Contract,28,6,51700,43.2,58.4,,3,5,Mouse,Mobile App,14,35,0.04,470.4,256.02,214.38,52,4.0,8,No
1258,2025-09-09 21:40:16.405468492,HR,North,Male,High School,Full-time,43,25,127900,33.4,72.8,4.2,3,5,Smartphone,Store,8,700,0.0,5600.0,3200.02,2399.98,33,4.1,4,No
1259,2025-09-10 02:28:50.976992332,Marketing,West,Female,Bachelor,Full-time,27,6,52900,46.3,71.6,1.5,3,3,Monitor,Website,2,250,0.13,435.0,287.69,147.31,32,3.7,1,No
1260,2025-09-10 07:17:25.548516172,Operations,West,Male,High School,Full-time,31,13,81500,40.9,98.3,1.9,5,1,Tablet,Email,3,500,0.04,1440.0,1134.03,305.97,50,4.9,6,No
1261,2025-09-10 12:06:00.120040016,IT,North,Male,High School,Full-time,48,29,146200,43.4,61.3,,4,1,Headphones,Phone,1,120,0.24,91.2,63.16,28.04,43,2.9,1,No
1262,2025-09-10 16:54:34.691563856,Finance,West,Female,Bachelor,Contract,34,15,103000,35.3,85.0,4.6,5,3,Mouse,Website,7,35,0.05,232.75,179.83,52.92,37,4.9,3,No
1263,2025-09-10 21:43:09.263087696,Sales,South,Female,High School,Full-time,27,6,42800,36.2,78.2,3.0,3,1,Tablet,Mobile App,4,500,0.05,1900.0,1283.01,616.99,32,3.8,6,No
1264,2025-09-11 02:31:43.834611540,Marketing,West,Female,Bachelor,Full-time,26,1,31400,39.3,85.4,4.2,2,5,Tablet,Store,11,500,0.01,5445.0,4114.44,1330.56,45,4.6,3,No
1265,2025-09-11 07:20:18.406135380,HR,East,Male,High School,Part-time,37,18,87800,44.1,61.6,4.1,0,2,Smartphone,Website,10,700,0.08,6440.0,3978.24,2461.76,33,4.1,3,No
1266,2025-09-11 12:08:52.977659220,Finance,Central,Female,Bachelor,Full-time,22,0,33200,43.9,47.5,2.2,3,5,Keyboard,Phone,8,60,0.01,475.2,363.31,111.89,35,4.6,5,No
1267,2025-09-11 16:57:27.549183064,Finance,South,Female,Master,Full-time,32,6,76500,42.0,70.6,3.2,2,0,Monitor,Phone,5,250,0.12,1100.0,704.56,395.44,24,3.9,4,No
1268,2025-09-11 21:46:02.120706904,Sales,East,Male,Bachelor,Full-time,37,18,105600,38.9,82.0,3.3,5,2,Monitor,Mobile App,9,250,0.13,1957.5,1346.07,611.43,52,4.2,3,Yes
1269,2025-09-12 02:34:36.692230744,Operations,North,Male,Bachelor,Full-time,46,28,145800,36.2,67.8,3.9,3,3,Monitor,Website,6,250,0.01,1485.0,850.56,634.44,57,4.8,6,No
1270,2025-09-12 07:23:11.263754584,HR,South,Male,High School,Full-time,40,13,74200,45.3,70.1,3.7,2,5,Headphones,Email,11,120,0.06,1240.8,987.84,252.96,41,4.1,6,No
1271,2025-09-12 12:11:45.835278428,IT,Central,Male,Bachelor,Full-time,28,1,47300,38.2,97.7,3.4,3,4,Laptop,Website,10,900,0.21,7110.0,5193.41,1916.59,32,4.9,7,No
1272,2025-09-12 17:00:20.406802268,Finance,Central,Female,High School,Full-time,45,19,96000,32.3,62.5,4.4,4,4,Headphones,Phone,2,120,0.12,211.2,164.24,46.96,49,4.2,5,No
1273,2025-09-12 21:48:54.978326108,Sales,North,Male,High School,Full-time,31,12,85700,35.2,84.0,4.4,2,3,Mouse,Mobile App,1,35,0.11,31.15,18.14,13.01,45,3.5,3,Yes
1274,2025-09-13 02:37:29.549849952,IT,North,Female,Master,Full-time,23,0,53000,36.5,59.2,2.3,6,5,Tablet,Mobile App,1,500,0.17,415.0,224.23,190.77,33,3.8,1,No
1275,2025-09-13 07:26:04.121373792,Operations,South,Female,Master,Full-time,32,12,80500,38.3,87.0,3.1,1,5,Tablet,Email,12,500,0.18,4920.0,3056.12,1863.88,52,4.6,1,No
1276,2025-09-13 12:14:38.692897632,HR,West,Male,Bachelor,Full-time,47,29,143300,39.6,71.1,3.5,4,3,Laptop,Mobile App,12,900,0.19,8748.0,5904.95,2843.05,33,3.1,6,No
1277,2025-09-13 17:03:13.264421476,Operations,North,Male,,Full-time,35,7,54400,33.2,78.3,3.6,1,1,Mouse,Mobile App,14,35,0.21,387.1,294.47,92.63,23,4.6,4,No
1278,2025-09-13 21:51:47.835945316,Finance,West,Male,Master,Full-time,34,16,96400,37.6,63.6,3.9,2,0,Laptop,Mobile App,14,900,0.06,11844.0,7572.08,4271.92,37,3.7,3,No
1279,2025-09-14 02:40:22.407469156,IT,East,Male,High School,Contract,49,22,112200,38.2,73.2,3.8,1,2,Tablet,Mobile App,9,500,0.02,4410.0,2650.35,1759.65,51,3.1,1,No
1280,2025-09-14 07:28:56.978993000,IT,Central,Female,Master,Full-time,21,2,62800,39.0,74.2,4.0,6,3,Smartphone,Mobile App,1,700,0.1,630.0,398.01,231.99,39,4.1,2,No
1281,2025-09-14 12:17:31.550516840,IT,West,Male,Bachelor,Full-time,22,0,38300,36.1,53.6,4.1,3,4,Headphones,Phone,3,120,,284.4,207.92,76.48,24,3.5,1,No
1282,2025-09-14 17:06:06.122040680,Finance,Central,Male,Bachelor,Full-time,19,0,42200,52.4,65.6,3.3,1,0,Monitor,Website,12,250,0.02,2940.0,1825.34,1114.66,33,3.6,7,No
1283,2025-09-14 21:54:40.693564524,Finance,West,Female,Bachelor,Full-time,37,9,66700,38.2,75.5,3.2,2,0,Tablet,Store,2,500,0.14,860.0,699.82,160.18,52,3.6,5,No
1284,2025-09-15 02:43:15.265088364,Operations,East,Female,PhD,Part-time,35,16,102500,37.0,62.2,4.6,4,1,Keyboard,Mobile App,12,60,0.18,590.4,338.0,252.4,41,4.1,1,No
1285,2025-09-15 07:31:49.836612204,Marketing,North,Female,Master,Contract,48,27,133100,34.5,74.3,3.1,1,4,Monitor,Store,4,250,0.12,880.0,656.42,223.58,38,3.7,7,No
1286,2025-09-15 12:20:24.408136048,Operations,East,Male,Bachelor,Full-time,36,17,98900,43.8,69.6,4.1,1,0,Tablet,Store,1,500,0.06,470.0,327.47,142.53,36,4.3,3,No
1287,2025-09-15 17:08:58.979659888,HR,North,Female,Master,Full-time,30,12,86900,30.7,79.7,2.9,8,4,Headphones,Phone,1,120,0.08,110.4,65.13,45.27,51,4.7,5,No
1288,2025-09-15 21:57:33.551183728,Sales,North,Female,Bachelor,Full-time,34,14,94300,31.1,69.8,3.8,3,2,Laptop,Mobile App,4,900,0.02,3528.0,2632.18,895.82,50,4.4,5,No
1289,2025-09-16 02:46:08.122707572,IT,Central,Female,Master,Contract,35,14,97000,39.8,100.0,3.8,4,4,Smartphone,Store,13,700,0.07,8463.0,5537.02,2925.98,21,5.0,4,No
1290,2025-09-16 07:34:42.694231412,Marketing,East,Male,Master,Full-time,19,0,55500,42.3,46.4,4.0,4,0,Smartphone,Mobile App,13,700,0.01,9009.0,6529.0,2480.0,49,5.0,3,No
1291,2025-09-16 12:23:17.265755252,Sales,West,Female,High School,Full-time,58,36,182500,39.6,61.7,,3,5,Monitor,Email,14,250,0.18,2870.0,2062.6,807.4,44,3.8,4,No
1292,2025-09-16 17:11:51.837279096,Marketing,East,Male,Bachelor,Full-time,39,17,91700,50.1,80.8,2.7,2,4,Headphones,Email,4,120,0.22,374.4,207.12,167.28,57,3.2,3,No
1293,2025-09-16 22:00:26.408802936,Customer Support,Central,Female,PhD,Full-time,36,12,76100,37.4,74.4,3.6,3,4,Smartphone,Email,7,700,0.16,4116.0,3177.53,938.47,37,,4,No
1294,2025-09-17 02:49:00.980326776,Operations,North,Female,PhD,Part-time,40,13,84800,38.5,77.7,4.0,6,5,Smartphone,Store,8,700,0.16,4704.0,3407.78,1296.22,52,4.1,5,No
1295,2025-09-17 07:37:35.551850616,Finance,Central,Female,High School,Contract,40,15,86000,39.8,35.0,4.0,4,4,Mouse,Email,13,35,0.12,400.4,301.97,98.43,44,5.0,3,No
1296,2025-09-17 12:26:10.123374460,IT,South,Female,Bachelor,Full-time,33,7,66300,40.2,69.6,3.3,4,0,Keyboard,Phone,8,60,0.04,460.8,301.52,159.28,25,3.7,6,No
1297,2025-09-17 17:14:44.694898300,Operations,South,Female,PhD,Contract,28,4,69000,39.4,72.1,3.8,4,2,Monitor,Phone,8,250,0.0,2000.0,1157.04,842.96,50,4.2,2,No
1298,2025-09-17 22:03:19.266422140,Sales,West,Female,Bachelor,Contract,39,17,101100,39.1,79.9,3.5,3,4,Laptop,Store,14,900,0.09,11466.0,7084.43,4381.57,48,3.5,5,No
1299,2025-09-18 02:51:53.837945984,Customer Support,Central,Male,Bachelor,Contract,37,11,59900,33.5,76.6,4.1,3,2,Smartphone,Mobile App,14,700,0.19,7938.0,6274.52,1663.48,30,3.8,3,No
1300,2025-09-18 07:40:28.409469824,Customer Support,West,Male,High School,Part-time,27,2,33500,43.4,72.2,3.4,1,0,Mouse,Website,12,35,0.24,319.2,255.81,63.39,41,3.1,2,No
1301,2025-09-18 12:29:02.980993664,Customer Support,West,Male,Master,Part-time,47,20,105400,44.9,70.7,3.4,2,3,Headphones,Mobile App,14,120,0.11,1495.2,993.65,501.55,63,3.0,3,Yes
1302,2025-09-18 17:17:37.552517508,Sales,South,Female,Bachelor,Full-time,37,11,93800,37.6,55.6,3.7,2,4,Smartphone,Mobile App,9,700,0.09,5733.0,3495.06,2237.94,32,5.0,3,No
1303,2025-09-18 22:06:12.124041348,Sales,West,Male,High School,Contract,41,14,68600,39.8,76.5,3.1,1,2,Keyboard,Mobile App,1,60,0.11,53.4,39.47,13.93,47,4.7,5,No
1304,2025-09-19 02:54:46.695565188,Sales,South,Female,Bachelor,Full-time,47,22,107200,47.8,70.4,2.9,4,4,Laptop,Mobile App,9,900,0.11,7209.0,5405.29,1803.71,25,3.7,4,No
1305,2025-09-19 07:43:21.267089032,Sales,North,Male,Master,Full-time,34,11,82800,36.2,66.4,2.4,2,1,Headphones,Website,10,120,0.16,1008.0,770.76,237.24,31,4.7,7,No
1306,2025-09-19 12:31:55.838612872,Customer Support,Central,Female,Master,Full-time,37,16,89200,41.0,71.8,3.4,6,1,Headphones,Email,8,120,0.18,787.2,416.68,370.52,48,3.1,2,No
1307,2025-09-19 17:20:30.410136712,Customer Support,West,Male,Master,Part-time,41,15,102700,40.5,67.3,2.9,4,0,Monitor,Mobile App,1,250,0.2,200.0,104.58,95.42,41,3.9,1,No
1308,2025-09-19 22:09:04.981660556,Marketing,South,Female,Bachelor,Full-time,27,1,30300,48.0,53.2,3.3,5,5,Smartphone,Phone,7,700,0.16,4116.0,2581.34,1534.66,36,4.1,5,No
1309,2025-09-20 02:57:39.553184396,Operations,East,Female,Master,Part-time,34,7,61300,49.3,80.5,4.5,5,2,Monitor,Store,9,250,0.11,2002.5,1132.91,869.59,58,4.9,7,No
1310,2025-09-20 07:46:14.124708236,IT,West,Male,Master,Full-time,35,8,94000,44.0,96.3,3.3,2,2,Laptop,Store,4,900,0.24,2736.0,2083.45,652.55,27,4.1,5,No
1311,2025-09-20 12:34:48.696232080,Finance,North,Female,Master,Full-time,25,0,39300,57.7,75.6,4.5,3,5,Smartphone,Phone,13,700,0.18,7462.0,5073.06,2388.94,36,4.4,2,No
1312,2025-09-20 17:23:23.267755920,Customer Support,North,Male,PhD,Full-time,55,28,155500,40.1,75.8,3.8,2,5,Tablet,Mobile App,13,500,0.11,5785.0,4440.59,1344.41,44,3.7,2,No
1313,2025-09-20 22:11:57.839279760,Finance,East,Male,Bachelor,Full-time,21,1,42400,20.0,91.5,3.3,9,4,Smartphone,Website,9,700,0.11,5607.0,3213.23,2393.77,28,4.2,8,No
1314,2025-09-21 03:00:32.410803604,Operations,South,Male,Bachelor,Full-time,22,0,32400,37.4,96.7,,4,1,Tablet,Email,1,500,0.2,400.0,283.27,116.73,44,4.9,3,No
1315,2025-09-21 07:49:06.982327444,Operations,West,Male,Master,Full-time,46,26,131400,37.7,69.7,3.4,2,4,Headphones,Store,9,120,0.11,961.2,667.12,294.08,51,2.9,2,No
1316,2025-09-21 12:37:41.553851284,Finance,South,Female,Master,Full-time,40,12,81900,47.8,62.6,3.2,3,4,Monitor,Email,6,250,0.13,1305.0,811.86,493.14,37,4.8,6,Yes
1317,2025-09-21 17:26:16.125375128,Customer Support,North,Male,Bachelor,Contract,25,2,48200,39.1,77.7,4.4,4,5,Keyboard,Website,4,60,0.07,223.2,150.69,72.51,30,3.9,4,No
1318,2025-09-21 22:14:50.696898968,Finance,South,Female,High School,Full-time,39,16,95200,46.6,74.0,5.0,5,0,Smartphone,Store,12,700,0.21,6636.0,4623.36,2012.64,34,3.0,1,No
1319,2025-09-22 03:03:25.268422808,Marketing,North,Female,Master,Full-time,47,24,135000,44.0,84.6,4.3,4,3,Keyboard,Email,12,60,0.13,626.4,492.88,133.52,18,3.8,8,No
1320,2025-09-22 07:51:59.839946648,HR,South,Female,Bachelor,Full-time,34,12,87600,41.5,72.0,2.9,1,0,Smartphone,Website,5,700,0.14,3010.0,1615.44,1394.56,50,4.9,5,No
1321,2025-09-22 12:40:34.411470492,Customer Support,East,Male,High School,Full-time,57,35,155400,42.0,73.0,3.5,1,0,Headphones,Email,7,120,0.22,655.2,502.55,152.65,41,3.7,1,No
1322,2025-09-22 17:29:08.982994332,Customer Support,Central,Female,Master,Full-time,18,0,26900,41.4,59.5,3.3,3,0,Monitor,Mobile App,10,250,0.23,1925.0,1567.04,357.96,36,4.2,7,No
1323,2025-09-22 22:17:43.554518172,IT,East,Female,Bachelor,Full-time,40,16,95300,45.7,85.3,3.0,2,4,Laptop,Website,13,900,0.21,9243.0,6835.5,2407.5,18,2.9,2,No
1324,2025-09-23 03:06:18.126042016,Sales,East,Male,Bachelor,Full-time,44,23,125200,38.7,63.7,3.4,5,4,Laptop,Email,4,900,0.02,3528.0,2614.97,913.03,51,2.7,2,No
1325,2025-09-23 07:54:52.697565856,HR,Central,Female,Master,Full-time,42,22,119500,38.1,56.5,3.4,1,4,Laptop,Mobile App,8,900,0.11,6408.0,3751.19,2656.81,33,3.2,2,No
1326,2025-09-23 12:43:27.269089696,Operations,Central,Female,Bachelor,Contract,32,7,68400,42.1,37.5,5.0,3,4,Smartphone,Mobile App,3,700,0.09,1911.0,1293.6,617.4,45,4.7,8,No
1327,2025-09-23 17:32:01.840613540,Customer Support,West,Female,High School,Full-time,31,10,62200,41.0,70.7,3.8,2,5,Smartphone,Website,2,700,0.05,1330.0,973.27,356.73,38,4.0,8,No
1328,2025-09-23 22:20:36.412137380,Finance,West,Female,Bachelor,Full-time,38,10,74100,39.0,62.8,4.2,4,1,Keyboard,Phone,1,60,0.23,46.2,32.37,13.83,19,4.8,3,No
1329,2025-09-24 03:09:10.983661220,HR,East,Female,High School,Full-time,41,20,105900,50.9,69.0,4.3,1,2,Monitor,Store,14,250,0.22,2730.0,1735.02,994.98,53,4.8,7,No
1330,2025-09-24 07:57:45.555185064,IT,East,Male,High School,Part-time,39,14,76500,43.6,65.6,4.1,1,1,Smartphone,Website,13,700,0.12,8008.0,6422.7,1585.3,51,3.5,1,No
1331,2025-09-24 12:46:20.126708904,Operations,North,Male,High School,Part-time,43,25,117600,37.2,67.3,4.6,2,2,Monitor,Mobile App,6,250,0.03,1455.0,980.96,474.04,47,5.0,6,No
1332,2025-09-24 17:34:54.698232744,Sales,North,Male,High School,Full-time,25,0,32600,43.0,61.3,3.2,2,4,Keyboard,Mobile App,2,60,0.0,120.0,97.32,22.68,42,3.6,7,No
1333,2025-09-24 22:23:29.269756588,Sales,West,Male,Bachelor,Full-time,32,8,66900,35.3,62.3,4.3,2,1,Smartphone,Website,8,700,0.11,4984.0,3434.79,1549.21,24,4.7,7,No
1334,2025-09-25 03:12:03.841280428,IT,West,Male,Bachelor,Full-time,26,7,60800,34.3,59.7,5.0,2,2,Laptop,Phone,11,900,0.01,9801.0,7429.31,2371.69,48,4.7,4,No
1335,2025-09-25 08:00:38.412804268,IT,North,Female,Master,Full-time,31,3,54200,44.0,69.4,2.9,5,3,Laptop,Store,10,900,0.15,7650.0,5680.94,1969.06,64,4.0,5,No
1336,2025-09-25 12:49:12.984328112,Finance,North,Male,Bachelor,Full-time,43,20,109500,35.7,57.1,3.2,3,0,Headphones,Email,13,120,0.15,1326.0,952.4,373.6,39,4.0,3,No
1337,2025-09-25 17:37:47.555851952,Customer Support,South,Female,Master,Full-time,35,10,74400,40.2,88.4,3.2,3,2,Tablet,Website,4,500,0.22,1560.0,817.97,742.03,40,4.2,4,No
1338,2025-09-25 22:26:22.127375792,Sales,South,Female,Bachelor,Full-time,57,29,152500,34.8,71.9,5.0,1,5,Mouse,Store,9,35,0.05,299.25,162.56,136.69,25,4.1,4,No
1339,2025-09-26 03:14:56.698899636,Operations,North,Male,Master,Part-time,36,14,86100,38.6,52.0,2.6,5,1,Tablet,Store,4,500,0.09,1820.0,1263.89,556.11,18,3.7,4,No
1340,2025-09-26 08:03:31.270423476,HR,South,Male,Bachelor,Full-time,35,12,72600,37.8,74.9,3.6,1,1,Smartphone,Mobile App,4,700,0.21,2212.0,1755.3,456.7,34,3.7,6,No
1341,2025-09-26 12:52:05.841947316,Operations,Central,Female,Bachelor,Part-time,35,8,80300,39.5,60.3,3.9,3,3,Monitor,Email,13,250,0.12,2860.0,2002.98,857.02,56,3.7,4,No
1342,2025-09-26 17:40:40.413471160,Marketing,West,Female,High School,Full-time,28,3,51100,51.5,85.6,3.1,2,2,Smartphone,Website,12,700,0.01,8316.0,4913.08,3402.92,54,4.9,7,No
1343,2025-09-26 22:29:14.984995000,Marketing,West,Male,Bachelor,Contract,33,10,61000,46.4,64.0,2.7,4,0,Monitor,Mobile App,8,250,0.03,1940.0,1195.17,744.83,37,2.9,4,No
1344,2025-09-27 03:17:49.556518840,IT,North,Male,Bachelor,Contract,44,18,117100,39.4,90.1,2.8,3,1,Monitor,Mobile App,12,250,0.2,2400.0,1696.68,703.32,43,3.7,8,No
1345,2025-09-27 08:06:24.128042680,Finance,East,Female,Bachelor,Full-time,35,9,82000,39.0,85.0,3.3,4,4,Tablet,Phone,13,500,0.19,5265.0,3680.85,1584.15,23,3.8,6,No
1346,2025-09-27 12:54:58.699566524,Marketing,North,Female,Master,Full-time,27,1,48300,36.5,100.0,3.1,4,5,Mouse,Store,8,35,0.22,218.4,176.19,42.21,39,3.8,4,No
1347,2025-09-27 17:43:33.271090364,Sales,South,Male,Bachelor,Part-time,26,3,36900,34.8,73.3,4.7,1,4,Headphones,Website,5,120,0.03,582.0,395.02,186.98,32,4.2,4,No
1348,2025-09-27 22:32:07.842614204,Operations,East,Male,High School,Part-time,30,4,41600,39.3,81.0,3.1,2,2,Tablet,Website,3,500,0.19,1215.0,761.2,453.8,39,3.1,2,No
1349,2025-09-28 03:20:42.414138048,Operations,South,Male,Bachelor,Contract,35,15,84800,46.7,72.2,3.1,6,5,Mouse,Website,12,35,0.16,352.8,239.02,113.78,35,4.7,4,No
1350,2025-09-28 08:09:16.985661888,IT,Central,Female,Master,Full-time,45,23,140300,24.2,73.1,3.8,2,3,Laptop,Mobile App,2,900,0.06,1692.0,1278.93,413.07,34,4.6,2,No
1351,2025-09-28 12:57:51.557185728,Customer Support,South,Female,Bachelor,Full-time,22,3,39600,45.1,88.0,3.7,3,0,Laptop,Phone,9,900,0.24,6156.0,4199.06,1956.94,50,4.5,7,No
1352,2025-09-28 17:46:26.128709572,Customer Support,Central,Female,Bachelor,Full-time,31,6,51600,45.7,82.0,1.0,6,2,Monitor,Email,14,250,0.14,3010.0,1859.63,1150.37,62,3.9,3,No
1353,2025-09-28 22:35:00.700233412,HR,Central,Female,Bachelor,Full-time,35,7,54100,29.3,70.8,2.8,1,2,Keyboard,Mobile App,9,60,0.23,415.8,258.46,157.34,36,3.5,5,No
1354,2025-09-29 03:23:35.271757252,IT,South,Male,Bachelor,Contract,18,0,34000,40.2,89.2,3.1,3,5,Smartphone,Email,5,700,0.21,2765.0,2065.58,699.42,55,3.8,1,No
1355,2025-09-29 08:12:09.843281096,HR,South,Male,Master,Contract,26,3,75900,37.8,85.0,2.7,2,0,Smartphone,Phone,14,700,0.08,9016.0,4868.05,4147.95,23,4.0,3,No
1356,2025-09-29 13:00:44.414804936,Customer Support,Central,Female,Master,Full-time,28,5,61100,39.2,92.2,4.3,6,1,Monitor,Store,13,250,0.13,2827.5,1703.36,1124.14,37,4.5,3,No
1357,2025-09-29 17:49:18.986328776,IT,East,Female,High School,Full-time,27,5,73700,41.1,87.9,2.3,6,4,Keyboard,Website,8,60,0.11,427.2,241.76,185.44,22,3.9,6,No
1358,2025-09-29 22:37:53.557852620,IT,Central,Male,Bachelor,Full-time,36,18,101000,41.6,67.4,4.3,5,1,Mouse,Email,7,35,0.18,200.9,161.4,39.5,34,4.3,5,No
1359,2025-09-30 03:26:28.129376460,IT,West,Female,Bachelor,Full-time,33,5,79200,33.1,66.0,1.8,5,3,Laptop,Mobile App,3,900,0.15,2295.0,1255.43,1039.57,47,3.7,6,No
1360,2025-09-30 08:15:02.700900300,Customer Support,Central,Male,High School,Contract,29,5,41900,48.1,66.5,3.6,0,0,Smartphone,Email,12,700,0.2,6720.0,5022.9,1697.1,51,4.2,5,No
1361,2025-09-30 13:03:37.272424144,HR,East,Male,Master,Full-time,38,11,85300,37.6,82.2,4.8,4,1,Tablet,Store,5,500,0.0,2500.0,1772.82,727.18,29,3.8,6,No
1362,2025-09-30 17:52:11.843947984,HR,West,Female,Bachelor,Full-time,50,25,131400,53.2,89.5,3.0,7,2,Keyboard,Website,13,60,0.17,647.4,459.55,187.85,43,4.2,5,No
1363,2025-09-30 22:40:46.415471824,IT,North,Female,Bachelor,Full-time,49,31,170100,35.3,85.8,3.5,4,2,Mouse,Email,9,35,0.08,289.8,217.07,72.73,53,2.8,1,No
1364,2025-10-01 03:29:20.986995668,Marketing,North,Male,Master,Full-time,18,0,42600,34.7,53.4,4.3,4,3,Laptop,Store,4,900,0.06,3384.0,2166.26,1217.74,51,4.3,4,No
1365,2025-10-01 08:17:55.558519508,Finance,East,Male,Bachelor,Full-time,39,15,86500,41.6,62.7,4.3,2,3,Tablet,Mobile App,3,500,0.2,1200.0,768.27,431.73,41,4.4,4,Yes
1366,2025-10-01 13:06:30.130043348,Customer Support,Central,Female,PhD,Full-time,32,11,88400,44.5,80.9,3.7,4,0,Keyboard,Phone,7,60,0.02,411.6,249.68,161.92,31,4.4,1,No
1367,2025-10-01 17:55:04.701567192,Finance,South,Female,,Full-time,35,12,97300,46.4,88.0,3.4,4,1,Monitor,Mobile App,8,250,0.06,1880.0,1314.73,565.27,30,3.3,2,No
1368,2025-10-01 22:43:39.273091032,Finance,East,Female,Master,Full-time,30,4,59200,35.1,76.0,3.3,2,2,Monitor,Website,5,250,0.05,1187.5,948.74,238.76,28,3.5,8,No
1369,2025-10-02 03:32:13.844614872,HR,West,Male,High School,Full-time,35,13,71700,38.3,91.9,2.4,1,0,Monitor,Mobile App,13,250,0.1,2925.0,2331.8,593.2,38,3.4,3,No
1370,2025-10-02 08:20:48.416138716,HR,West,Female,Master,Full-time,35,10,63100,49.3,47.4,2.7,3,0,Smartphone,Mobile App,8,700,0.08,5152.0,3765.54,1386.46,28,4.2,4,No
1371,2025-10-02 13:09:22.987662556,Marketing,North,Male,Master,Part-time,29,7,58700,38.2,69.3,3.5,2,2,Mouse,Mobile App,5,35,0.18,143.5,113.63,29.87,46,4.5,1,Yes
1372,2025-10-02 17:57:57.559186396,Finance,West,Male,Bachelor,Contract,26,7,71500,44.5,90.4,3.7,4,1,Monitor,Mobile App,9,250,0.17,1867.5,1510.91,356.59,41,3.5,1,No
1373,2025-10-02 22:46:32.130710236,Finance,East,Female,,Contract,30,9,82400,30.5,76.4,5.0,1,4,Smartphone,Website,7,700,0.08,4508.0,3419.46,1088.54,40,4.9,5,No
1374,2025-10-03 03:35:06.702234080,IT,West,Male,Bachelor,Full-time,36,17,117400,31.9,61.5,4.1,6,3,Headphones,Store,5,120,0.11,534.0,343.01,190.99,18,4.9,3,No
1375,2025-10-03 08:23:41.273757920,HR,East,Female,PhD,Full-time,39,15,125000,44.8,82.3,3.2,3,5,Smartphone,Email,13,700,0.05,8645.0,5748.64,2896.36,38,4.1,2,No
1376,2025-10-03 13:12:15.845281760,Finance,South,Female,Master,Full-time,42,18,126400,39.3,73.8,3.9,1,1,Laptop,Phone,9,900,0.17,6723.0,5374.21,1348.79,32,4.3,7,No
1377,2025-10-03 18:00:50.416805604,Operations,North,Female,PhD,Full-time,30,10,88600,43.8,66.0,2.1,2,4,Smartphone,Email,5,700,0.1,3150.0,2271.16,878.84,64,2.8,3,Yes
1378,2025-10-03 22:49:24.988329444,Marketing,West,Female,Master,Contract,37,13,80100,36.9,51.6,3.6,2,4,Mouse,Email,8,35,0.03,271.6,208.1,63.5,23,3.6,1,No
1379,2025-10-04 03:37:59.559853284,Operations,East,Female,Bachelor,Full-time,43,25,123200,31.7,81.1,4.0,1,2,Tablet,Phone,12,500,0.03,5820.0,3229.14,2590.86,36,3.1,4,No
1380,2025-10-04 08:26:34.131377128,Operations,Central,Male,Bachelor,Full-time,44,26,124000,40.5,57.9,4.1,2,4,Smartphone,Website,4,700,0.08,2576.0,1489.37,1086.63,43,3.4,2,Yes
1381,2025-10-04 13:15:08.702900968,Customer Support,North,Female,Bachelor,Full-time,33,7,59000,33.0,99.8,3.4,4,3,Monitor,Phone,9,250,0.19,1822.5,1135.84,686.66,26,4.4,2,No
1382,2025-10-04 18:03:43.274424808,Customer Support,South,Male,High School,Full-time,32,9,67500,40.6,48.8,4.0,1,0,Laptop,Website,12,900,0.01,10692.0,6163.64,4528.36,61,4.5,4,No
1383,2025-10-04 22:52:17.845948652,Marketing,East,Female,Bachelor,Contract,36,14,89300,35.2,72.7,3.3,4,1,Keyboard,Email,6,60,0.06,338.4,267.99,70.41,61,4.6,3,Yes
1384,2025-10-05 03:40:52.417472492,Operations,South,Female,Master,Part-time,24,1,62700,43.3,81.8,3.8,4,5,Monitor,Website,6,250,0.04,1440.0,842.5,597.5,28,4.2,1,No
1385,2025-10-05 08:29:26.988996332,Finance,South,Female,PhD,Part-time,32,9,95100,38.6,58.8,2.7,3,3,Laptop,Store,14,900,0.24,9576.0,6580.2,2995.8,31,4.4,5,No
1386,2025-10-05 13:18:01.560520176,HR,West,Female,Bachelor,Full-time,41,23,104000,38.5,62.8,2.6,9,4,Headphones,Phone,3,120,0.18,295.2,161.07,134.13,64,2.9,6,No
1387,2025-10-05 18:06:36.132044016,Marketing,West,Male,Master,Full-time,40,18,100900,41.7,83.1,4.5,4,0,Keyboard,Store,13,60,0.06,733.2,415.35,317.85,55,3.1,3,No
1388,2025-10-05 22:55:10.703567856,IT,East,Female,Bachelor,Full-time,32,6,72600,44.6,59.6,3.4,1,0,Headphones,Email,3,120,0.05,342.0,203.22,138.78,34,3.9,5,No
1389,2025-10-06 03:43:45.275091700,Operations,Central,Female,Bachelor,Full-time,36,15,92600,40.9,97.0,3.9,2,4,Tablet,Phone,4,500,0.21,1580.0,1287.49,292.51,43,4.4,3,No
1390,2025-10-06 08:32:19.846615540,Marketing,East,Female,,Full-time,27,7,79300,48.9,72.7,2.9,7,3,Laptop,Email,1,900,0.05,855.0,649.05,205.95,21,3.7,1,No
1391,2025-10-06 13:20:54.418139380,Sales,Central,Male,Bachelor,Contract,40,22,114100,48.7,66.5,2.6,3,5,Headphones,Store,6,120,0.25,540.0,389.92,150.08,64,3.0,6,No
1392,2025-10-06 18:09:28.989663224,Sales,South,Female,PhD,Full-time,33,14,101400,36.5,93.1,3.1,2,4,Tablet,Email,1,500,0.07,465.0,369.62,95.38,39,3.5,4,No
1393,2025-10-06 22:58:03.561187064,Customer Support,North,Male,Master,Full-time,32,12,67800,34.4,58.2,3.8,3,1,Laptop,Phone,11,900,0.02,9702.0,7828.18,1873.82,45,3.3,4,No
1394,2025-10-07 03:46:38.132710904,HR,East,Female,Master,Full-time,31,10,69700,33.9,94.5,1.8,3,0,Laptop,Phone,4,900,0.17,2988.0,1960.34,1027.66,27,2.8,4,No
1395,2025-10-07 08:35:12.704234748,Finance,East,Female,Bachelor,Full-time,33,9,77300,49.0,59.2,3.7,4,2,Headphones,Email,13,120,0.15,1326.0,819.87,506.13,24,5.0,4,No
1396,2025-10-07 13:23:47.275758588,HR,Central,Female,High School,Contract,30,7,56400,33.9,88.4,4.0,5,0,Laptop,Phone,7,900,0.25,4725.0,2903.96,1821.04,43,4.9,4,No
1397,2025-10-07 18:12:21.847282428,HR,South,Female,Bachelor,Full-time,40,12,82400,38.1,96.2,2.8,3,4,Monitor,Phone,12,250,0.2,2400.0,1273.72,1126.28,61,2.6,4,No
1398,2025-10-07 23:00:56.418806268,HR,South,Female,Master,Contract,30,5,63600,40.1,70.6,3.7,3,5,Laptop,Email,6,900,0.11,4806.0,2902.3,1903.7,32,2.7,7,No
1399,2025-10-08 03:49:30.990330112,HR,Central,Female,PhD,Full-time,48,22,128000,48.9,70.6,3.6,3,4,Mouse,Store,8,35,0.17,232.4,145.6,86.8,26,3.4,5,No
1400,2025-10-08 08:38:05.561853952,IT,South,Female,Bachelor,Contract,47,24,123000,33.4,68.3,2.8,2,2,Tablet,Phone,4,500,0.2,1600.0,849.71,750.29,42,3.0,6,No
1401,2025-10-08 13:26:40.133377792,IT,West,Male,Master,Full-time,26,2,62000,45.4,61.8,3.4,3,2,Laptop,Phone,9,900,0.13,7047.0,5530.35,1516.65,58,5.0,7,No
1402,2025-10-08 18:15:14.704901636,Customer Support,North,Female,Bachelor,Full-time,35,14,81600,40.1,73.1,3.5,4,0,Mouse,Phone,10,35,0.07,325.5,252.05,73.45,30,3.4,1,No
1403,2025-10-08 23:03:49.276425476,Marketing,East,Female,Bachelor,Full-time,28,9,79800,39.4,83.8,,6,4,Laptop,Phone,8,900,0.05,6840.0,4072.88,2767.12,35,4.3,7,No
1404,2025-10-09 03:52:23.847949316,Sales,North,Male,Master,Full-time,31,5,73500,39.9,79.6,3.2,3,0,Laptop,Email,14,900,0.07,11718.0,8914.68,2803.32,48,,5,Yes
1405,2025-10-09 08:40:58.419473160,HR,East,Female,Master,Full-time,52,26,128700,36.5,78.6,3.5,2,3,Headphones,Store,5,120,0.21,474.0,359.7,114.3,49,3.2,5,No
1406,2025-10-09 13:29:32.990997000,Customer Support,West,Female,Bachelor,Full-time,31,10,62400,37.9,62.5,3.7,6,4,Monitor,Store,14,250,0.1,3150.0,1954.59,1195.41,35,4.7,6,No
1407,2025-10-09 18:18:07.562520840,Marketing,South,Male,Bachelor,Full-time,37,17,83300,36.4,58.0,5.0,2,5,Tablet,Website,6,500,0.07,2790.0,2034.25,755.75,51,4.5,3,No
1408,2025-10-09 23:06:42.134044684,Sales,Central,Female,Bachelor,Contract,39,12,77500,33.4,95.0,2.7,4,0,Monitor,Phone,5,250,0.2,1000.0,606.96,393.04,44,4.0,5,No
1409,2025-10-10 03:55:16.705568524,Operations,West,Female,High School,Full-time,25,0,28700,34.1,54.6,4.6,2,5,Keyboard,Phone,6,60,0.01,356.4,192.84,163.56,38,5.0,2,Yes
1410,2025-10-10 08:43:51.277092364,Finance,North,Male,Master,Contract,26,3,84000,45.9,70.0,,3,4,Headphones,Website,1,120,0.15,102.0,68.49,33.51,49,4.2,1,No
1411,2025-10-10 13:32:25.848616208,IT,Central,Male,Bachelor,Part-time,23,3,48500,38.2,81.8,3.5,5,4,Headphones,Store,4,120,0.22,374.4,243.92,130.48,47,3.7,5,No
1412,2025-10-10 18:21:00.420140048,Operations,South,Female,High School,Full-time,26,8,61500,43.4,91.8,4.2,4,1,Monitor,Mobile App,9,250,0.1,2025.0,1136.93,888.07,25,5.0,4,No
1413,2025-10-10 23:09:34.991663888,Sales,West,Male,High School,Full-time,18,0,26200,39.1,72.3,3.9,1,0,Smartphone,Mobile App,4,700,0.07,2604.0,1737.3,866.7,56,4.3,4,No
1414,2025-10-11 03:58:09.563187732,Operations,Central,Male,PhD,Contract,39,21,128700,39.0,75.6,1.6,3,4,Headphones,Store,2,120,0.12,211.2,169.98,41.22,42,5.0,2,No
1415,2025-10-11 08:46:44.134711572,Finance,West,Male,Master,Full-time,52,33,162500,39.6,65.9,4.4,3,2,Monitor,Phone,6,250,0.18,1230.0,909.48,320.52,55,,5,No
1416,2025-10-11 13:35:18.706235412,Customer Support,West,Female,Master,Full-time,35,15,99800,43.7,94.5,3.8,2,2,Headphones,Mobile App,2,120,0.13,208.8,154.86,53.94,39,1.9,3,Yes
1417,2025-10-11 18:23:53.277759256,Sales,South,Female,High School,Full-time,21,0,36000,36.6,89.8,3.1,2,1,Laptop,Email,3,900,0.0,2700.0,2017.62,682.38,41,2.9,4,Yes
1418,2025-10-11 23:12:27.849283096,Operations,East,Male,Master,Full-time,28,1,55500,39.2,59.0,3.4,4,4,Monitor,Email,7,250,0.02,1715.0,1274.91,440.09,43,4.8,3,No
1419,2025-10-12 04:01:02.420806936,IT,Central,Male,Bachelor,Contract,30,9,72700,44.5,80.5,,3,0,Monitor,Website,4,250,0.18,820.0,431.3,388.7,45,3.6,2,No
1420,2025-10-12 08:49:36.992330780,IT,South,Male,Master,Full-time,25,4,78700,45.4,70.5,4.0,5,5,Mouse,Store,1,35,0.1,31.5,25.12,6.38,56,4.2,4,Yes
1421,2025-10-12 13:38:11.563854620,Marketing,West,Male,PhD,Full-time,42,15,101200,47.4,76.1,3.9,3,0,Headphones,Store,9,120,0.2,864.0,664.45,199.55,44,4.8,6,No
1422,2025-10-12 18:26:46.135378460,Operations,South,Female,High School,Full-time,41,15,72800,35.2,61.6,2.9,2,5,Headphones,Mobile App,6,120,0.16,604.8,364.32,240.48,38,4.1,3,No
1423,2025-10-12 23:15:20.706902300,HR,East,Female,Bachelor,Full-time,24,0,33400,36.8,46.6,3.5,2,5,Monitor,Phone,9,250,0.15,1912.5,1311.64,600.86,50,3.4,4,No
1424,2025-10-13 04:03:55.278426144,Operations,Central,Female,,Full-time,41,22,111000,39.0,57.6,2.8,2,5,Laptop,Store,3,900,0.23,2079.0,1464.66,614.34,43,4.0,3,No
1425,2025-10-13 08:52:29.849949984,Customer Support,East,Female,Bachelor,Full-time,48,28,119800,33.4,64.8,4.1,4,2,Laptop,Mobile App,5,900,0.01,4455.0,2492.94,1962.06,73,4.1,3,No
1426,2025-10-13 13:41:04.421473824,Sales,North,Male,Bachelor,Part-time,51,30,149900,44.4,65.5,3.3,4,3,Tablet,Mobile App,9,500,0.04,4320.0,2575.54,1744.46,41,3.7,6,No
1427,2025-10-13 18:29:38.992997668,Sales,Central,Female,Master,Full-time,60,39,173200,41.4,41.5,3.8,6,4,Laptop,Store,6,900,0.16,4536.0,2390.36,2145.64,53,3.0,1,No
1428,2025-10-13 23:18:13.564521508,Customer Support,East,Male,Bachelor,Full-time,26,0,25300,39.2,76.0,3.1,1,1,Headphones,Mobile App,2,120,0.02,235.2,183.26,51.94,49,3.8,4,No
1429,2025-10-14 04:06:48.136045348,Operations,West,Male,Bachelor,Full-time,59,34,157000,45.1,53.7,3.6,2,1,Smartphone,Website,1,700,0.16,588.0,310.15,277.85,18,3.9,2,No
1430,2025-10-14 08:55:22.707569192,Customer Support,Central,Male,Master,Contract,31,4,61700,36.2,71.5,3.3,3,5,Mouse,Website,9,35,0.25,236.25,145.44,90.81,29,3.0,5,No
1431,2025-10-14 13:43:57.279093032,Finance,Central,Male,PhD,Full-time,29,2,56100,45.6,56.6,,0,4,Monitor,Store,1,250,0.22,195.0,105.98,89.02,33,3.4,4,No
1432,2025-10-14 18:32:31.850616872,Customer Support,South,Female,,Full-time,37,14,90500,48.7,48.7,4.4,1,4,Keyboard,Phone,14,60,0.15,714.0,538.66,175.34,20,3.5,6,No
1433,2025-10-14 23:21:06.422140716,IT,West,Male,Bachelor,Full-time,29,9,60100,41.5,71.4,4.0,2,5,Mouse,Website,5,35,0.22,136.5,108.86,27.64,33,,5,No
1434,2025-10-15 04:09:40.993664556,Customer Support,North,Male,High School,Full-time,38,10,66000,40.0,69.4,2.5,1,1,Smartphone,Website,1,700,0.03,679.0,467.73,211.27,22,4.1,4,No
1435,2025-10-15 08:58:15.565188396,Sales,East,Male,High School,Full-time,22,0,25000,40.8,73.2,2.8,4,1,Keyboard,Store,5,60,0.11,267.0,150.02,116.98,25,4.2,5,No
1436,2025-10-15 13:46:50.136712240,IT,South,Male,Bachelor,Part-time,32,5,58300,33.1,92.8,3.0,4,0,Mouse,Email,5,35,0.11,155.75,107.07,48.68,41,3.6,6,No
1437,2025-10-15 18:35:24.708236080,Sales,East,Female,High School,Contract,46,21,121100,39.0,81.2,4.6,5,1,Laptop,Mobile App,7,900,0.08,5796.0,4353.39,1442.61,61,,2,No
1438,2025-10-15 23:23:59.279759920,Marketing,North,Male,Bachelor,Full-time,33,7,51600,50.3,97.6,4.2,1,5,Headphones,Website,7,120,0.0,840.0,617.84,222.16,22,4.3,6,No
1439,2025-10-16 04:12:33.851283764,HR,North,Female,High School,Part-time,35,13,75000,50.6,68.0,3.7,3,2,Smartphone,Email,11,700,0.22,6006.0,4459.55,1546.45,23,4.4,5,No
1440,2025-10-16 09:01:08.422807604,Sales,Central,Male,Bachelor,Full-time,38,18,90400,40.5,62.6,2.2,7,1,Keyboard,Phone,10,60,0.19,486.0,293.42,192.58,32,4.1,5,No
1441,2025-10-16 13:49:42.994331444,IT,North,Female,Bachelor,Full-time,45,24,138900,37.3,78.0,3.9,5,1,Smartphone,Email,1,700,0.16,588.0,318.77,269.23,36,4.0,3,No
1442,2025-10-16 18:38:17.565855288,Marketing,East,Male,High School,Full-time,19,0,34700,45.1,96.2,3.6,5,2,Mouse,Store,9,35,0.03,305.55,172.54,133.01,19,4.4,2,No
1443,2025-10-16 23:26:52.137379128,Sales,West,Male,Bachelor,Full-time,39,13,87400,39.8,57.5,3.2,3,2,Headphones,Phone,1,120,0.09,109.2,88.09,21.11,30,3.9,2,No
1444,2025-10-17 04:15:26.708902968,Finance,West,Female,Bachelor,Full-time,32,6,74200,44.7,90.2,4.6,2,4,Smartphone,Phone,5,700,0.23,2695.0,1897.43,797.57,29,3.4,1,No
1445,2025-10-17 09:04:01.280426812,Customer Support,Central,Female,Master,Part-time,35,15,89500,36.3,78.2,3.3,3,5,Keyboard,Email,7,60,0.15,357.0,263.6,93.4,42,4.0,3,No
1446,2025-10-17 13:52:35.851950652,HR,East,Female,Bachelor,Part-time,44,20,114700,41.5,66.3,4.4,4,5,Monitor,Store,12,250,0.15,2550.0,2013.78,536.22,43,3.7,9,No
1447,2025-10-17 18:41:10.423474492,Sales,East,Male,Master,Full-time,23,0,57400,38.2,91.5,3.2,3,1,Mouse,Website,8,35,0.23,215.6,167.27,48.33,36,4.0,6,No
1448,2025-10-17 23:29:44.994998332,Marketing,North,Female,High School,Full-time,25,4,47600,40.0,56.4,2.8,2,2,Monitor,Email,2,250,0.14,430.0,251.77,178.23,33,4.6,5,No
1449,2025-10-18 04:18:19.566522176,Finance,East,Female,High School,Full-time,18,0,28000,37.1,80.7,2.5,4,0,Laptop,Website,14,900,0.15,10710.0,5755.75,4954.25,29,3.2,6,Yes
1450,2025-10-18 09:06:54.138046016,Operations,South,Male,High School,Full-time,29,2,29200,39.3,69.6,3.4,1,3,Monitor,Email,1,250,0.09,227.5,181.44,46.06,39,4.1,3,No
1451,2025-10-18 13:55:28.709569856,Marketing,North,Female,Bachelor,Full-time,46,27,134500,41.5,86.5,3.5,2,2,Monitor,Website,4,250,0.09,910.0,741.2,168.8,26,3.1,3,No
1452,2025-10-18 18:44:03.281093700,Customer Support,South,Male,Master,Part-time,33,5,47500,43.5,76.4,2.7,1,3,Tablet,Email,12,500,0.17,4980.0,3437.21,1542.79,57,3.4,3,No
1453,2025-10-18 23:32:37.852617540,Marketing,Central,Male,High School,Full-time,22,0,25000,39.2,86.3,2.8,4,1,Mouse,Phone,4,35,0.08,128.8,101.3,27.5,20,5.0,3,Yes
1454,2025-10-19 04:21:12.424141380,Finance,West,Female,Bachelor,Full-time,30,9,82500,47.3,72.6,4.4,2,0,Laptop,Mobile App,10,900,0.14,7740.0,4563.08,3176.92,30,4.3,3,Yes
1455,2025-10-19 09:09:46.995665224,Marketing,Central,Male,Bachelor,Contract,21,2,38900,33.6,66.3,4.1,1,5,Monitor,Phone,12,250,0.07,2790.0,1543.74,1246.26,48,4.1,4,No
1456,2025-10-19 13:58:21.567189064,Finance,West,Male,PhD,Full-time,24,0,81800,32.5,70.9,5.0,3,0,Headphones,Website,6,120,,691.2,463.07,228.13,33,2.8,4,No
1457,2025-10-19 18:46:56.138712904,Sales,Central,Male,Master,Full-time,37,14,87100,37.0,74.4,2.2,4,5,Keyboard,Store,1,60,0.11,53.4,40.76,12.64,46,3.8,7,No
1458,2025-10-19 23:35:30.710236748,Finance,East,Male,Master,Full-time,23,0,45500,40.1,76.6,4.9,2,4,Monitor,Phone,14,250,0.05,3325.0,2382.02,942.98,59,2.5,6,No
1459,2025-10-20 04:24:05.281760588,Finance,South,Female,Bachelor,Full-time,44,25,133700,48.1,80.9,2.9,1,5,Laptop,Mobile App,1,900,,702.0,499.26,202.74,48,4.0,1,No
1460,2025-10-20 09:12:39.853284428,HR,West,Female,PhD,Full-time,33,6,74800,39.1,72.2,2.4,4,5,Monitor,Website,3,250,0.08,690.0,362.41,327.59,24,3.1,3,No
1461,2025-10-20 14:01:14.424808272,Finance,North,Male,PhD,Contract,35,16,115200,35.3,80.8,3.7,0,4,Keyboard,Phone,5,60,0.15,255.0,156.89,98.11,24,,2,No
1462,2025-10-20 18:49:48.996332112,Finance,South,Female,Bachelor,Full-time,31,7,66500,36.8,100.0,2.0,6,1,Laptop,Email,12,900,0.07,10044.0,8053.77,1990.23,36,4.1,1,No
1463,2025-10-20 23:38:23.567855952,Operations,North,Male,Bachelor,Full-time,41,23,147700,40.4,62.6,4.4,0,2,Mouse,Store,6,35,0.06,197.4,110.6,86.8,43,3.1,4,No
1464,2025-10-21 04:26:58.139379796,Sales,South,Female,Bachelor,Full-time,41,17,111400,34.6,85.1,3.6,5,0,Laptop,Website,5,900,0.09,4095.0,3021.74,1073.26,52,4.3,5,No
1465,2025-10-21 09:15:32.710903636,Customer Support,South,Female,Bachelor,Full-time,37,10,75600,49.6,63.1,2.9,2,1,Mouse,Phone,13,35,0.23,350.35,261.99,88.36,29,5.0,4,Yes
1466,2025-10-21 14:04:07.282427476,HR,Central,Male,Bachelor,Full-time,39,17,83500,28.3,59.7,4.3,3,1,Laptop,Website,13,900,0.1,10530.0,7790.62,2739.38,32,3.9,5,No
1467,2025-10-21 18:52:41.853951320,Operations,West,Male,,Part-time,32,14,86300,36.2,90.7,3.4,2,5,Smartphone,Email,13,700,0.21,7189.0,5871.87,1317.13,35,4.6,3,No
1468,2025-10-21 23:41:16.425475160,IT,West,Male,Master,Full-time,39,16,116900,37.2,60.3,3.5,1,2,Keyboard,Mobile App,5,60,0.05,285.0,183.19,101.81,35,2.5,2,No
1469,2025-10-22 04:29:50.996999000,Sales,South,Male,Bachelor,Contract,31,7,68200,35.1,71.7,4.0,3,0,Keyboard,Phone,9,60,0.01,534.6,387.4,147.2,56,4.3,3,No
1470,2025-10-22 09:18:25.568522844,Sales,East,Female,Master,Full-time,34,16,111500,43.4,61.6,3.0,0,5,Laptop,Website,2,900,0.2,1440.0,832.46,607.54,37,,7,No
1471,2025-10-22 14:07:00.140046684,IT,East,Male,Bachelor,Full-time,32,6,63200,36.7,100.0,2.7,1,5,Smartphone,Website,12,700,0.14,7224.0,4622.73,2601.27,40,3.8,5,No
1472,2025-10-22 18:55:34.711570524,Customer Support,North,Female,Master,Full-time,30,6,60700,43.1,71.6,3.4,3,0,Monitor,Website,12,250,0.13,2610.0,1742.09,867.91,49,4.4,1,No
1473,2025-10-22 23:44:09.283094368,Finance,North,Female,Bachelor,Full-time,28,10,71200,47.9,57.7,2.4,0,0,Keyboard,Mobile App,1,60,0.07,55.8,32.61,23.19,57,3.8,4,Yes
1474,2025-10-23 04:32:43.854618208,Operations,Central,Male,Bachelor,Full-time,38,18,113000,46.2,60.7,3.2,0,4,Mouse,Website,6,35,0.02,205.8,163.0,42.8,38,2.9,7,No
1475,2025-10-23 09:21:18.426142048,Marketing,South,Female,Bachelor,Full-time,46,24,126300,40.8,99.6,2.7,1,0,Mouse,Store,9,35,0.12,277.2,203.7,73.5,53,5.0,6,No
1476,2025-10-23 14:09:52.997665888,HR,North,Male,Bachelor,Part-time,45,24,114400,40.0,69.2,3.3,3,3,Headphones,Store,7,120,0.22,655.2,396.48,258.72,60,3.0,7,No
1477,2025-10-23 18:58:27.569189732,Marketing,North,Male,Master,Part-time,23,4,59000,44.4,70.9,2.8,3,5,Tablet,Website,8,500,0.03,3880.0,2174.69,1705.31,37,3.4,1,No
1478,2025-10-23 23:47:02.140713572,IT,South,Female,High School,Full-time,46,28,141500,38.6,91.3,3.2,1,2,Smartphone,Store,5,700,0.23,2695.0,1634.14,1060.86,31,4.1,4,Yes
1479,2025-10-24 04:35:36.712237412,Sales,Central,Male,Bachelor,Contract,31,10,64100,37.6,88.6,4.3,4,0,Tablet,Phone,10,500,0.07,4650.0,3287.06,1362.94,64,4.1,3,No
1480,2025-10-24 09:24:11.283761256,Customer Support,North,Male,High School,Full-time,39,15,88900,35.0,60.6,2.9,3,2,Tablet,Store,4,500,0.13,1740.0,1336.19,403.81,51,4.3,5,Yes
1481,2025-10-24 14:12:45.855285096,Sales,Central,Male,Master,Full-time,26,0,44700,41.5,61.7,3.8,2,2,Mouse,Website,6,35,0.02,205.8,138.08,67.72,38,4.1,2,No
1482,2025-10-24 19:01:20.426808936,HR,West,Female,Bachelor,Part-time,35,14,79200,34.7,64.8,2.1,3,3,Headphones,Email,3,120,0.11,320.4,176.46,143.94,46,4.8,2,No
1483,2025-10-24 23:49:54.998332780,Sales,Central,Female,Bachelor,Full-time,37,11,67400,36.5,67.7,3.2,4,0,Tablet,Phone,1,500,0.03,485.0,288.48,196.52,25,4.3,4,No
1484,2025-10-25 04:38:29.569856620,Sales,East,Male,High School,Full-time,21,0,39700,50.5,82.8,2.8,4,2,Tablet,Mobile App,11,500,0.01,5445.0,3395.19,2049.81,51,3.2,2,Yes
1485,2025-10-25 09:27:04.141380460,HR,East,Male,Bachelor,Part-time,39,14,86400,43.4,70.9,3.5,3,5,Laptop,Website,4,900,0.24,2736.0,1944.86,791.14,18,2.2,5,No
1486,2025-10-25 14:15:38.712904304,Operations,Central,Female,Master,Full-time,46,24,122700,42.0,68.0,3.1,5,0,Laptop,Mobile App,9,900,0.18,6642.0,3945.3,2696.7,51,4.1,1,No
1487,2025-10-25 19:04:13.284428144,Operations,East,Female,High School,Full-time,32,14,77500,36.4,72.1,4.2,4,3,Laptop,Email,4,900,0.18,2952.0,1742.21,1209.79,29,5.0,6,Yes
1488,2025-10-25 23:52:47.855951984,HR,West,Male,Master,Full-time,46,20,112000,43.9,64.7,3.2,10,4,Monitor,Mobile App,1,250,0.02,245.0,148.44,96.56,18,3.1,1,No
1489,2025-10-26 04:41:22.427475828,Customer Support,South,Female,Bachelor,Part-time,32,13,79100,34.9,92.2,4.4,1,4,Tablet,Website,14,500,0.23,5390.0,3760.92,1629.08,18,3.3,6,No
1490,2025-10-26 09:29:56.998999668,IT,East,Male,Bachelor,Full-time,42,19,116200,32.4,62.9,1.8,2,4,Monitor,Website,4,250,0.12,880.0,587.65,292.35,32,4.2,3,No
1491,2025-10-26 14:18:31.570523508,Sales,East,Male,Bachelor,Full-time,18,0,25000,37.2,72.3,3.5,1,4,Headphones,Email,7,120,0.21,663.6,512.62,150.98,47,4.3,1,No
1492,2025-10-26 19:07:06.142047352,Customer Support,Central,Male,Bachelor,Full-time,56,34,153100,34.1,80.0,3.6,2,1,Smartphone,Website,3,700,0.0,2100.0,1531.7,568.3,21,4.8,4,No
1493,2025-10-26 23:55:40.713571192,Sales,West,Female,Bachelor,Full-time,47,20,96000,42.3,80.8,2.8,2,2,Mouse,Email,10,35,0.07,325.5,234.38,91.12,23,5.0,6,No
1494,2025-10-27 04:44:15.285095032,IT,South,Female,Bachelor,Full-time,31,6,81800,41.8,66.9,3.5,0,1,Tablet,Email,6,500,0.25,2250.0,1274.39,975.61,32,4.2,6,No
1495,2025-10-27 09:32:49.856618876,Operations,Central,Female,Bachelor,Full-time,18,0,47400,41.1,86.3,3.9,2,0,Mouse,Website,14,35,0.11,436.1,234.0,202.1,48,3.4,6,No
1496,2025-10-27 14:21:24.428142716,Customer Support,Central,Male,Bachelor,Part-time,37,17,102900,42.9,99.9,4.4,6,5,Smartphone,Store,1,700,0.22,546.0,367.46,178.54,49,3.4,2,No
1497,2025-10-27 19:09:58.999666556,Finance,West,Female,High School,Full-time,21,0,25000,42.7,95.4,,1,4,Laptop,Email,11,900,0.08,9108.0,4931.91,4176.09,40,3.6,4,No
1498,2025-10-27 23:58:33.571190400,Finance,South,Female,Master,Contract,38,15,99800,36.6,39.8,3.1,4,0,Tablet,Website,4,500,0.13,1740.0,1094.82,645.18,50,4.7,1,No
1499,2025-10-28 04:47:08.142714240,Finance,West,Male,Master,Full-time,38,11,87800,42.4,70.9,3.0,3,3,Keyboard,Store,3,60,0.21,142.2,75.06,67.14,46,3.6,4,No
1500,2025-10-28 09:35:42.714238080,Operations,South,Female,High School,Contract,26,6,59200,41.6,63.4,3.5,2,2,Monitor,Email,14,250,0.15,2975.0,1704.8,1270.2,33,4.7,5,No
1501,2025-10-28 14:24:17.285761920,Operations,West,Male,Bachelor,Full-time,44,20,116100,36.9,79.2,2.8,3,3,Monitor,Store,1,250,0.18,205.0,113.39,91.61,49,2.9,3,No
1502,2025-10-28 19:12:51.857285764,IT,Central,Male,High School,Full-time,41,13,100100,38.2,85.7,4.1,3,2,Tablet,Phone,3,500,0.06,1410.0,1072.02,337.98,23,4.2,1,No
1503,2025-10-29 00:01:26.428809604,Sales,Central,Female,PhD,Full-time,43,22,110200,44.3,57.1,2.2,7,3,Smartphone,Phone,4,700,0.04,2688.0,1676.88,1011.12,44,3.5,3,No
1504,2025-10-29 04:50:01.000333444,IT,North,Female,Master,Full-time,34,12,89800,33.4,83.3,3.4,3,3,Laptop,Store,5,900,0.06,4230.0,2299.66,1930.34,24,4.4,8,No
1505,2025-10-29 09:38:35.571857288,IT,East,Male,Bachelor,Part-time,21,0,48500,41.7,71.7,2.4,3,5,Monitor,Email,6,250,0.12,1320.0,791.53,528.47,40,3.8,5,No
1506,2025-10-29 14:27:10.143381128,Operations,West,Female,Bachelor,Part-time,43,20,115500,39.5,68.6,3.5,2,2,Laptop,Website,2,900,0.2,1440.0,1043.77,396.23,53,4.6,3,No
1507,2025-10-29 19:15:44.714904968,Finance,North,Female,Bachelor,Full-time,32,5,67700,39.9,78.9,4.1,5,0,Headphones,Mobile App,2,120,0.09,218.4,162.42,55.98,41,3.7,4,No
1508,2025-10-30 00:04:19.286428812,Marketing,East,Female,Bachelor,Full-time,21,0,40300,38.6,70.1,3.6,6,3,Mouse,Website,6,35,0.14,180.6,100.41,80.19,38,4.0,5,No
1509,2025-10-30 04:52:53.857952652,Sales,West,Male,Master,Full-time,46,21,111800,42.1,86.7,3.0,0,2,Smartphone,Mobile App,5,700,0.2,2800.0,2110.0,690.0,41,4.6,1,No
1510,2025-10-30 09:41:28.429476492,Operations,South,Male,Bachelor,Full-time,53,27,127900,32.1,66.9,4.1,2,2,Keyboard,Mobile App,1,60,0.06,56.4,35.6,20.8,46,3.9,1,No
1511,2025-10-30 14:30:03.001000336,Finance,East,Female,Master,Full-time,34,7,68800,41.3,89.3,1.3,1,3,Mouse,Email,3,35,0.22,81.9,59.28,22.62,64,4.0,3,No
1512,2025-10-30 19:18:37.572524176,Customer Support,Central,Male,Bachelor,Part-time,53,31,132700,34.8,71.7,3.4,4,0,Mouse,Store,11,35,0.24,292.6,211.1,81.5,46,4.5,3,No
1513,2025-10-31 00:07:12.144048016,Marketing,North,Female,High School,Contract,35,16,78000,45.2,41.1,2.8,2,4,Headphones,Website,5,120,0.01,594.0,450.3,143.7,32,3.9,8,No
1514,2025-10-31 04:55:46.715571860,Marketing,East,Female,Bachelor,Full-time,31,8,54200,33.5,61.6,3.9,5,5,Monitor,Store,13,250,0.01,3217.5,2346.06,871.44,35,2.9,4,No
1515,2025-10-31 09:44:21.287095700,Operations,East,Female,Bachelor,Part-time,28,0,41000,28.0,70.6,1.5,1,1,Keyboard,Phone,12,60,0.02,705.6,375.14,330.46,27,3.6,3,No
1516,2025-10-31 14:32:55.858619540,HR,Central,Female,PhD,Full-time,49,24,137100,31.5,76.8,3.1,5,4,Monitor,Email,12,250,0.19,2430.0,1642.3,787.7,23,2.7,4,No
1517,2025-10-31 19:21:30.430143384,Sales,West,Male,Bachelor,Full-time,27,5,46200,39.7,70.7,3.0,5,3,Tablet,Email,2,500,0.05,950.0,541.36,408.64,18,3.8,1,No
1518,2025-11-01 00:10:05.001667224,Marketing,South,Female,Bachelor,Full-time,41,23,101100,32.2,62.9,4.2,2,3,Mouse,Phone,1,35,0.18,28.7,23.28,5.42,32,4.3,2,No
1519,2025-11-01 04:58:39.573191064,Operations,Central,Male,Master,Full-time,29,4,55700,33.5,95.2,2.9,0,5,Tablet,Website,9,500,0.11,4005.0,2389.99,1615.01,21,4.1,3,No
1520,2025-11-01 09:47:14.144714908,Operations,South,Male,Bachelor,Full-time,30,4,65300,36.5,90.3,3.3,2,2,Laptop,Phone,5,900,0.21,3555.0,2296.64,1258.36,39,5.0,2,No
1521,2025-11-01 14:35:48.716238748,Finance,West,Female,Bachelor,Full-time,43,25,130600,42.6,56.3,3.6,1,5,Mouse,Website,2,35,0.2,56.0,32.42,23.58,32,4.9,6,No
1522,2025-11-01 19:24:23.287762588,Customer Support,East,Female,PhD,Full-time,31,6,78200,36.2,61.1,3.5,5,0,Monitor,Mobile App,10,250,0.24,1900.0,1064.72,835.28,25,4.2,5,No
1523,2025-11-02 00:12:57.859286432,HR,South,Male,Bachelor,Full-time,30,3,47100,39.0,76.1,3.5,4,5,Mouse,Email,4,35,0.06,131.6,92.16,39.44,18,2.3,2,No
1524,2025-11-02 05:01:32.430810272,Sales,North,Female,Bachelor,Full-time,44,25,124000,38.9,70.0,3.5,5,5,Laptop,Website,3,900,0.06,2538.0,1695.27,842.73,34,4.5,1,No
1525,2025-11-02 09:50:07.002334112,IT,North,Female,Master,Full-time,48,27,136200,32.8,36.4,3.5,3,0,Headphones,Store,7,120,0.01,831.6,525.9,305.7,18,3.5,1,No
1526,2025-11-02 14:38:41.573857952,Customer Support,Central,Male,High School,Contract,40,21,97800,42.0,62.7,5.0,2,3,Tablet,Store,1,500,0.1,450.0,245.53,204.47,46,4.6,4,No
1527,2025-11-02 19:27:16.145381796,Customer Support,West,Male,Bachelor,Part-time,28,9,59700,51.3,81.5,2.1,4,0,Tablet,Email,10,500,0.11,4450.0,3296.51,1153.49,41,4.2,4,No
1528,2025-11-03 00:15:50.716905636,Finance,Central,Male,Bachelor,Contract,29,2,63300,31.4,73.5,2.9,1,1,Monitor,Phone,12,250,0.24,2280.0,1189.61,1090.39,35,4.5,5,No
1529,2025-11-03 05:04:25.288429476,Marketing,Central,Female,High School,Full-time,35,15,85100,35.6,59.9,3.5,1,5,Mouse,Phone,12,35,,331.8,218.09,113.71,55,4.4,2,No
1530,2025-11-03 09:52:59.859953320,Marketing,Central,Female,PhD,Full-time,37,12,106500,33.6,64.7,4.4,2,0,Monitor,Website,4,250,0.04,960.0,681.38,278.62,38,5.0,4,No
1531,2025-11-03 14:41:34.431477160,Finance,North,Male,Bachelor,Full-time,25,4,67100,39.0,69.1,4.3,2,0,Headphones,Phone,7,120,0.2,672.0,436.27,235.73,43,4.4,4,Yes
1532,2025-11-03 19:30:09.003001000,Operations,North,Male,,Part-time,41,17,89900,32.7,100.0,4.3,5,5,Mouse,Email,11,35,0.04,369.6,206.19,163.41,46,3.1,6,No
1533,2025-11-04 00:18:43.574524844,Marketing,Central,Female,High School,Full-time,35,8,59000,46.3,72.5,3.5,3,2,Mouse,Website,10,35,0.02,343.0,258.44,84.56,32,4.7,6,No
1534,2025-11-04 05:07:18.146048684,HR,North,Male,Bachelor,Full-time,19,0,50200,47.1,62.6,4.5,1,3,Monitor,Mobile App,13,250,0.21,2567.5,1584.62,982.88,32,3.7,1,No
1535,2025-11-04 09:55:52.717572524,Sales,West,Male,Bachelor,Full-time,26,0,42100,43.5,95.4,3.0,3,0,Monitor,Phone,5,250,0.24,950.0,532.41,417.59,38,4.9,1,No
1536,2025-11-04 14:44:27.289096368,Customer Support,Central,Female,Bachelor,Full-time,29,1,41000,44.7,79.5,4.2,6,3,Laptop,Phone,4,900,0.02,3528.0,2416.96,1111.04,22,5.0,4,No
1537,2025-11-04 19:33:01.860620208,Customer Support,North,Male,Master,Full-time,33,13,93700,40.6,61.5,,5,0,Smartphone,Website,4,700,0.2,2240.0,1177.68,1062.32,59,4.4,3,No
1538,2025-11-05 00:21:36.432144048,HR,South,Female,Bachelor,Contract,51,32,151300,45.4,72.3,3.7,2,0,Smartphone,Store,11,700,0.21,6083.0,3754.54,2328.46,40,3.1,2,No
1539,2025-11-05 05:10:11.003667892,Marketing,Central,Male,Master,Full-time,36,13,93400,38.5,69.5,2.4,5,0,Headphones,Phone,12,120,0.03,1396.8,1040.89,355.91,36,3.7,2,No
1540,2025-11-05 09:58:45.575191732,Customer Support,Central,Female,Bachelor,Contract,26,3,46200,37.3,79.1,2.1,3,2,Smartphone,Email,14,700,0.07,9114.0,7234.82,1879.18,63,4.9,5,No
1541,2025-11-05 14:47:20.146715572,IT,West,Female,,Full-time,36,18,107900,43.3,55.7,3.3,3,0,Laptop,Phone,2,900,0.18,1476.0,1029.54,446.46,25,5.0,1,No
1542,2025-11-05 19:35:54.718239416,Sales,East,Male,Bachelor,Part-time,31,7,52000,38.1,56.5,3.4,6,4,Tablet,Mobile App,8,500,0.2,3200.0,1872.91,1327.09,56,4.0,8,No
1543,2025-11-06 00:24:29.289763256,Sales,East,Male,High School,Full-time,37,16,71300,50.7,68.7,2.6,2,1,Mouse,Phone,12,35,0.09,382.2,223.97,158.23,48,3.8,3,No
1544,2025-11-06 05:13:03.861287096,Customer Support,West,Male,Bachelor,Full-time,39,11,68500,45.3,60.6,4.2,4,5,Monitor,Store,4,250,0.04,960.0,673.12,286.88,51,3.2,5,No
1545,2025-11-06 10:01:38.432810940,Finance,West,Female,High School,Full-time,45,25,129400,37.2,85.2,2.8,2,5,Mouse,Phone,2,35,0.16,58.8,37.75,21.05,36,3.2,3,No
1546,2025-11-06 14:50:13.004334780,Customer Support,West,Male,Bachelor,Full-time,34,9,66600,39.2,58.6,4.0,2,0,Mouse,Website,9,35,0.18,258.3,148.05,110.25,39,4.2,1,No
1547,2025-11-06 19:38:47.575858620,Finance,East,Female,Master,Full-time,49,30,160700,39.3,100.0,3.3,3,5,Keyboard,Phone,14,60,0.13,730.8,552.64,178.16,34,4.5,4,No
1548,2025-11-07 00:27:22.147382464,Customer Support,West,Male,High School,Full-time,42,16,82900,36.2,70.0,4.1,2,4,Tablet,Store,14,500,0.04,6720.0,3898.09,2821.91,50,3.0,1,No
1549,2025-11-07 05:15:56.718906304,IT,North,Female,PhD,Full-time,28,3,100000,44.4,73.7,2.5,3,3,Keyboard,Website,13,60,0.21,616.2,379.88,236.32,43,4.6,4,No
1550,2025-11-07 10:04:31.290430144,Operations,Central,Male,Bachelor,Full-time,54,29,157700,35.6,76.6,2.2,3,2,Smartphone,Email,12,700,0.16,7056.0,3799.15,3256.85,31,5.0,4,No
1551,2025-11-07 14:53:05.861953984,Sales,Central,Female,PhD,Full-time,37,17,99800,39.5,71.1,3.9,4,3,Mouse,Website,10,35,0.22,273.0,199.4,73.6,32,4.4,3,No
1552,2025-11-07 19:41:40.433477828,Customer Support,South,Female,High School,Full-time,26,5,51400,36.1,87.3,4.2,5,2,Monitor,Mobile App,13,250,0.23,2502.5,1507.96,994.54,38,5.0,4,No
1553,2025-11-08 00:30:15.005001668,IT,South,Female,PhD,Contract,49,30,178700,37.3,73.9,3.8,2,3,Mouse,Website,7,35,0.2,196.0,115.61,80.39,34,4.2,6,No
1554,2025-11-08 05:18:49.576525508,Finance,Central,Female,High School,Part-time,53,34,137900,43.8,65.2,2.8,4,3,Tablet,Email,3,500,0.24,1140.0,696.55,443.45,55,4.3,4,No
1555,2025-11-08 10:07:24.148049352,Finance,North,Female,Bachelor,Full-time,34,13,90000,43.4,54.3,4.0,3,1,Keyboard,Phone,7,60,0.24,319.2,249.69,69.51,48,4.2,3,No
1556,2025-11-08 14:55:58.719573192,Sales,East,Female,PhD,Full-time,29,6,79700,38.3,77.1,4.0,5,1,Monitor,Website,1,250,0.15,212.5,143.52,68.98,48,5.0,5,No
1557,2025-11-08 19:44:33.291097032,HR,East,Male,Bachelor,Full-time,32,10,69900,45.7,83.9,2.6,2,1,Mouse,Website,12,35,0.18,344.4,195.4,149.0,41,4.4,5,No
1558,2025-11-09 00:33:07.862620876,Customer Support,North,Female,High School,Full-time,40,22,108500,42.9,55.5,3.9,2,3,Headphones,Website,1,120,0.17,99.6,74.93,24.67,28,3.6,3,No
1559,2025-11-09 05:21:42.434144716,Marketing,East,Male,Master,Part-time,46,19,110200,40.6,67.0,3.6,4,5,Tablet,Website,4,500,0.16,1680.0,978.66,701.34,46,4.3,7,Yes
1560,2025-11-09 10:10:17.005668556,Finance,West,Male,Bachelor,Part-time,39,21,122800,44.5,84.6,3.6,5,2,Tablet,Email,4,500,0.0,2000.0,1287.49,712.51,18,4.3,3,No
1561,2025-11-09 14:58:51.577192400,Operations,Central,Male,Bachelor,Part-time,35,12,93900,47.1,60.9,2.4,6,1,Headphones,Store,4,120,0.09,436.8,301.58,135.22,40,3.9,7,No
1562,2025-11-09 19:47:26.148716240,Operations,Central,Male,,Contract,47,27,134400,42.2,60.8,,5,2,Mouse,Store,9,35,0.03,305.55,212.46,93.09,28,4.7,3,No
1563,2025-11-10 00:36:00.720240080,Finance,North,Male,Master,Full-time,31,11,99100,41.4,70.0,3.1,1,2,Tablet,Website,6,500,0.08,2760.0,1492.36,1267.64,27,4.1,6,No
1564,2025-11-10 05:24:35.291763924,HR,East,Male,High School,Full-time,43,19,87000,30.4,89.1,3.0,3,0,Monitor,Email,3,250,0.02,735.0,566.72,168.28,32,4.5,4,No
1565,2025-11-10 10:13:09.863287764,HR,South,Male,PhD,Part-time,31,13,115700,41.3,83.9,3.9,5,4,Mouse,Email,6,35,0.23,161.7,107.34,54.36,37,4.4,5,No
1566,2025-11-10 15:01:44.434811604,IT,South,Female,Master,Full-time,38,20,127800,42.3,89.1,3.3,4,3,Mouse,Website,2,35,0.11,62.3,50.89,11.41,38,3.5,1,No
1567,2025-11-10 19:50:19.006335448,Operations,East,Male,Master,Contract,33,6,62500,41.6,59.1,2.4,5,4,Keyboard,Mobile App,2,60,0.05,114.0,83.82,30.18,47,3.3,8,No
1568,2025-11-11 00:38:53.577859288,IT,South,Male,Bachelor,Part-time,33,13,97200,35.5,63.4,4.7,4,3,Tablet,Website,7,500,0.15,2975.0,2432.87,542.13,36,3.5,5,No
1569,2025-11-11 05:27:28.149383128,Operations,North,Female,Master,Full-time,31,6,61100,36.6,69.7,3.7,3,2,Tablet,Mobile App,14,500,0.05,6650.0,4362.68,2287.32,37,3.9,6,No
1570,2025-11-11 10:16:02.720906972,Customer Support,North,Female,Bachelor,Contract,46,28,132200,43.6,68.0,3.5,2,4,Headphones,Website,3,120,0.2,288.0,161.92,126.08,21,5.0,1,No
1571,2025-11-11 15:04:37.292430812,Customer Support,East,Male,Master,Full-time,27,0,42700,38.1,61.9,3.5,4,0,Keyboard,Mobile App,7,60,0.08,386.4,285.24,101.16,23,4.0,4,No
1572,2025-11-11 19:53:11.863954652,Marketing,South,Female,Bachelor,Full-time,27,6,50800,40.9,78.3,3.5,5,4,Smartphone,Mobile App,3,700,0.08,1932.0,1455.43,476.57,41,4.3,4,No
1573,2025-11-12 00:41:46.435478496,Customer Support,North,Male,Master,Part-time,53,27,135900,29.5,50.8,3.6,2,5,Keyboard,Website,12,60,0.22,561.6,435.72,125.88,46,4.6,2,No
1574,2025-11-12 05:30:21.007002336,Marketing,North,Female,Bachelor,Full-time,43,22,106700,39.9,73.9,4.4,3,4,Tablet,Mobile App,12,500,0.14,5160.0,3149.84,2010.16,35,3.7,7,No
1575,2025-11-12 10:18:55.578526176,Customer Support,West,Male,High School,Part-time,18,0,25000,44.0,93.6,4.8,1,0,Mouse,Phone,2,35,0.22,54.6,36.76,17.84,49,3.7,4,No
1576,2025-11-12 15:07:30.150050016,Sales,West,Female,Bachelor,Contract,29,4,41900,41.5,73.0,3.3,4,0,Keyboard,Store,4,60,0.1,216.0,167.89,48.11,21,4.7,4,No
1577,2025-11-12 19:56:04.721573860,Customer Support,North,Male,High School,Full-time,18,0,25000,39.3,61.2,4.0,5,1,Headphones,Email,4,120,0.09,436.8,340.45,96.35,43,4.4,5,No
1578,2025-11-13 00:44:39.293097700,IT,East,Female,Bachelor,Contract,25,5,60500,34.8,55.4,4.0,6,5,Keyboard,Mobile App,3,60,0.13,156.6,82.64,73.96,28,3.6,2,No
1579,2025-11-13 05:33:13.864621540,Finance,Central,Male,Bachelor,Part-time,18,0,47300,31.0,76.7,4.1,2,3,Headphones,Mobile App,9,120,0.02,1058.4,763.4,295.0,27,3.7,4,No
1580,2025-11-13 10:21:48.436145384,IT,Central,Female,Bachelor,Full-time,33,9,89400,36.1,94.6,4.5,3,2,Smartphone,Email,6,700,0.04,4032.0,2824.44,1207.56,29,4.1,4,No
1581,2025-11-13 15:10:23.007669224,Finance,North,Female,Bachelor,Full-time,24,0,49000,45.2,74.8,4.2,2,4,Keyboard,Mobile App,5,60,0.05,285.0,155.33,129.67,37,4.2,4,No
1582,2025-11-13 19:58:57.579193064,HR,North,Female,Bachelor,Full-time,35,15,96300,39.7,67.6,3.8,4,4,Headphones,Email,13,120,0.2,1248.0,997.2,250.8,43,4.9,6,Yes
1583,2025-11-14 00:47:32.150716908,IT,North,Female,High School,Full-time,19,0,51000,43.5,62.1,3.0,4,2,Keyboard,Website,12,60,0.18,590.4,385.89,204.51,42,4.4,3,No
1584,2025-11-14 05:36:06.722240748,HR,East,Female,Master,Full-time,35,9,65200,47.2,52.8,3.7,7,0,Smartphone,Phone,12,700,0.05,7980.0,5763.77,2216.23,35,3.3,3,No
1585,2025-11-14 10:24:41.293764588,Marketing,West,Male,PhD,Full-time,30,12,92000,40.6,75.5,2.7,3,0,Keyboard,Phone,6,60,0.07,334.8,262.76,72.04,46,3.4,3,No
1586,2025-11-14 15:13:15.865288432,Marketing,North,Male,Bachelor,Part-time,48,24,136000,44.2,51.2,3.9,3,4,Monitor,Store,13,250,0.24,2470.0,1380.82,1089.18,58,4.2,3,No
1587,2025-11-14 20:01:50.436812272,Sales,North,Male,High School,Contract,47,26,118100,45.7,83.9,3.8,5,4,Headphones,Mobile App,11,120,0.02,1293.6,1004.81,288.79,37,4.1,6,No
1588,2025-11-15 00:50:25.008336112,Customer Support,South,Female,Bachelor,Full-time,41,22,126700,33.0,80.2,2.4,1,2,Smartphone,Store,8,700,0.14,4816.0,3550.8,1265.2,39,3.4,4,No
1589,2025-11-15 05:38:59.579859956,IT,East,Female,Master,Full-time,31,12,93200,36.2,69.2,3.1,3,2,Headphones,Website,5,120,0.13,522.0,402.92,119.08,31,4.7,6,No
1590,2025-11-15 10:27:34.151383796,HR,North,Female,Master,Part-time,52,27,118100,31.6,80.4,2.9,5,5,Headphones,Phone,13,120,0.18,1279.2,855.08,424.12,33,2.4,5,No
1591,2025-11-15 15:16:08.722907636,Finance,South,Male,Bachelor,Full-time,20,0,40800,30.9,74.2,4.1,8,3,Laptop,Website,13,900,0.07,10881.0,5767.42,5113.58,53,4.2,2,No
1592,2025-11-15 20:04:43.294431480,Marketing,Central,Male,High School,Contract,21,0,38600,37.5,80.3,3.3,2,0,Smartphone,Website,4,700,0.23,2156.0,1554.81,601.19,53,2.9,1,Yes
1593,2025-11-16 00:53:17.865955320,Customer Support,North,Male,Master,Part-time,33,11,93500,38.7,83.6,2.4,2,1,Keyboard,Mobile App,7,60,0.1,378.0,239.03,138.97,36,4.6,1,No
1594,2025-11-16 05:41:52.437479160,Marketing,North,Female,Bachelor,Part-time,54,27,117200,30.6,68.7,3.9,5,5,Headphones,Website,12,120,0.07,1339.2,858.06,481.14,44,3.8,2,No
1595,2025-11-16 10:30:27.009003004,Finance,South,Female,Bachelor,Full-time,32,7,75000,42.3,55.1,3.7,3,1,Tablet,Phone,14,500,0.08,6440.0,4201.32,2238.68,49,,6,No
1596,2025-11-16 15:19:01.580526844,Customer Support,East,Female,High School,Full-time,32,13,81500,37.6,100.0,3.6,3,5,Laptop,Store,5,900,0.09,4095.0,2734.94,1360.06,33,3.7,7,No
1597,2025-11-16 20:07:36.152050684,Customer Support,North,Male,Bachelor,Full-time,21,2,51700,47.2,69.2,2.6,1,2,Monitor,Phone,4,250,0.05,950.0,682.65,267.35,22,4.9,4,No
1598,2025-11-17 00:56:10.723574528,HR,Central,Female,Bachelor,Full-time,43,21,84500,40.9,66.4,4.0,2,3,Headphones,Mobile App,14,120,0.23,1293.6,954.72,338.88,46,2.7,6,No
1599,2025-11-17 05:44:45.295098368,HR,North,Female,Master,Full-time,43,25,144400,40.9,77.8,3.4,3,4,Headphones,Phone,5,120,0.04,576.0,433.76,142.24,49,4.6,3,No
1600,2025-11-17 10:33:19.866622208,IT,Central,Female,PhD,Full-time,41,18,132000,39.0,69.5,3.4,3,2,Laptop,Email,11,900,0.22,7722.0,5571.28,2150.72,47,3.6,3,No
1601,2025-11-17 15:21:54.438146048,IT,West,Male,High School,Full-time,28,7,71600,39.4,55.6,2.5,2,2,Keyboard,Store,4,60,0.1,216.0,164.39,51.61,34,4.3,6,No
1602,2025-11-17 20:10:29.009669892,Operations,West,Male,PhD,Part-time,28,5,81900,41.9,56.5,2.5,4,5,Tablet,Email,8,500,0.07,3720.0,2070.72,1649.28,56,4.3,4,No
1603,2025-11-18 00:59:03.581193732,Operations,Central,Male,Master,Full-time,22,0,27000,44.5,60.4,5.0,2,2,Monitor,Email,8,250,0.05,1900.0,1464.99,435.01,41,3.0,5,No
1604,2025-11-18 05:47:38.152717572,Sales,East,Female,Bachelor,Full-time,35,15,98600,33.3,76.6,2.6,3,1,Headphones,Mobile App,1,120,0.13,104.4,66.42,37.98,24,4.7,4,No
1605,2025-11-18 10:36:12.724241416,Marketing,North,Female,Master,Contract,24,0,64400,35.8,63.0,1.8,4,2,Keyboard,Website,14,60,0.17,697.2,473.14,224.06,19,4.3,3,No
1606,2025-11-18 15:24:47.295765256,IT,North,Male,Master,Full-time,23,0,42700,41.5,84.2,3.2,2,3,Smartphone,Email,12,700,0.22,6552.0,4259.68,2292.32,34,4.1,4,No
1607,2025-11-18 20:13:21.867289096,HR,West,Female,Bachelor,Full-time,30,6,55400,39.8,70.0,3.3,4,1,Tablet,Phone,3,500,0.16,1260.0,835.02,424.98,41,4.3,5,No
1608,2025-11-19 01:01:56.438812940,Finance,Central,Female,Master,Full-time,30,12,92300,44.0,71.0,2.8,5,3,Smartphone,Website,11,700,0.12,6776.0,4103.74,2672.26,35,4.1,4,No
1609,2025-11-19 05:50:31.010336780,HR,North,Female,Master,Full-time,29,6,66200,36.6,72.8,2.8,4,5,Tablet,Phone,4,500,0.01,1980.0,1130.55,849.45,62,4.6,2,No
1610,2025-11-19 10:39:05.581860620,Marketing,North,Male,Master,Full-time,38,14,95800,46.3,58.5,3.4,3,1,Monitor,Phone,2,250,0.23,385.0,212.32,172.68,43,3.7,4,No
1611,2025-11-19 15:27:40.153384464,Operations,East,Male,Master,Full-time,35,7,63500,37.4,88.6,3.8,0,5,Mouse,Website,14,35,0.23,377.3,247.29,130.01,26,4.6,1,No
1612,2025-11-19 20:16:14.724908304,HR,South,Male,Bachelor,Full-time,31,10,70400,38.4,76.0,2.4,2,3,Tablet,Website,13,500,0.09,5915.0,3298.08,2616.92,18,4.4,3,No
1613,2025-11-20 01:04:49.296432144,Sales,West,Female,Master,Full-time,36,17,119200,45.5,69.7,3.2,0,0,Mouse,Phone,5,35,0.01,173.25,102.82,70.43,41,3.9,2,No
1614,2025-11-20 05:53:23.867955988,Marketing,West,Male,Master,Full-time,25,0,46700,42.9,65.1,3.5,2,0,Smartphone,Mobile App,11,700,0.18,6314.0,3536.38,2777.62,50,5.0,1,Yes
1615,2025-11-20 10:41:58.439479828,Operations,South,Male,Bachelor,Full-time,35,9,72800,49.9,64.9,3.3,6,1,Tablet,Store,8,500,0.2,3200.0,1768.76,1431.24,60,4.3,8,No
1616,2025-11-20 15:30:33.011003668,Finance,North,Male,High School,Full-time,35,11,70100,44.7,57.0,3.0,2,0,Monitor,Store,12,250,0.14,2580.0,2024.62,555.38,36,4.1,2,No
1617,2025-11-20 20:19:07.582527512,Operations,East,Male,Master,Full-time,20,2,64100,46.4,54.7,2.7,2,4,Laptop,Mobile App,2,900,0.1,1620.0,1169.98,450.02,59,4.4,2,No
1618,2025-11-21 01:07:42.154051352,Customer Support,East,Male,High School,Full-time,43,18,89000,38.5,54.7,4.9,4,5,Monitor,Website,14,250,0.21,2765.0,2204.06,560.94,22,3.9,7,No
1619,2025-11-21 05:56:16.725575192,Sales,West,Female,,Full-time,26,6,46500,46.5,85.8,1.6,5,3,Monitor,Phone,9,250,0.05,2137.5,1524.47,613.03,34,4.8,2,No
1620,2025-11-21 10:44:51.297099036,Marketing,East,Female,Master,Part-time,35,14,95800,40.3,62.0,4.3,4,1,Laptop,Store,13,900,0.11,10413.0,8051.18,2361.82,26,4.0,1,No
1621,2025-11-21 15:33:25.868622876,Finance,South,Female,Bachelor,Full-time,44,22,126400,28.9,58.0,2.6,5,5,Laptop,Phone,7,900,0.01,6237.0,4282.26,1954.74,48,4.6,4,No
1622,2025-11-21 20:22:00.440146716,Sales,North,Female,High School,Contract,42,24,113300,42.4,88.7,3.7,2,0,Keyboard,Mobile App,6,60,0.04,345.6,227.68,117.92,22,3.3,3,No
1623,2025-11-22 01:10:35.011670560,Operations,South,Female,Bachelor,Full-time,34,11,56400,42.8,72.8,3.6,4,1,Tablet,Phone,8,500,0.24,3040.0,2062.77,977.23,43,2.7,3,Yes
1624,2025-11-22 05:59:09.583194400,Sales,Central,Female,Bachelor,Full-time,31,4,41000,34.5,56.7,2.7,5,4,Smartphone,Mobile App,14,700,0.14,8428.0,5192.22,3235.78,23,4.3,2,No
1625,2025-11-22 10:47:44.154718240,Marketing,West,Male,PhD,Part-time,43,20,122000,41.8,79.4,3.3,6,1,Keyboard,Website,2,60,0.2,96.0,68.87,27.13,59,3.7,4,No
1626,2025-11-22 15:36:18.726242084,IT,East,Female,Bachelor,Contract,40,21,118000,40.6,90.9,3.2,3,1,Laptop,Mobile App,14,900,0.12,11088.0,8750.12,2337.88,34,3.9,7,No
1627,2025-11-22 20:24:53.297765924,Sales,Central,Female,High School,Contract,28,0,36000,46.1,80.8,3.5,4,5,Mouse,Mobile App,5,35,0.21,138.25,104.34,33.91,43,2.4,1,No
1628,2025-11-23 01:13:27.869289764,Customer Support,East,Female,Bachelor,Contract,27,0,38300,42.2,73.8,4.5,0,2,Smartphone,Store,4,700,0.13,2436.0,1604.35,831.65,18,5.0,6,No
1629,2025-11-23 06:02:02.440813604,Sales,North,Female,Master,Contract,18,0,40100,40.0,78.1,4.6,1,2,Mouse,Phone,8,35,0.0,280.0,225.73,54.27,20,4.1,7,No
1630,2025-11-23 10:50:37.012337448,Operations,North,Female,Bachelor,Full-time,35,10,60400,33.3,87.5,2.9,4,2,Monitor,Store,13,250,0.22,2535.0,2067.61,467.39,29,4.9,3,No
1631,2025-11-23 15:39:11.583861288,Operations,North,Female,Master,Full-time,33,10,93100,30.2,94.5,3.8,4,2,Headphones,Email,1,120,0.04,115.2,76.95,38.25,48,3.0,5,No
1632,2025-11-23 20:27:46.155385128,Finance,East,Female,Bachelor,Full-time,44,23,128500,46.3,59.6,4.3,0,3,Monitor,Mobile App,12,250,0.11,2670.0,2080.98,589.02,46,4.1,4,No
1633,2025-11-24 01:16:20.726908972,Operations,Central,Female,Master,Full-time,37,16,107000,42.0,72.3,3.2,1,4,Monitor,Email,3,250,0.12,660.0,344.14,315.86,51,4.3,1,No
1634,2025-11-24 06:04:55.298432812,HR,North,Male,Bachelor,Full-time,46,20,108500,38.8,79.9,4.0,3,1,Headphones,Store,10,120,0.01,1188.0,641.52,546.48,20,,6,No
1635,2025-11-24 10:53:29.869956652,Marketing,Central,Female,Bachelor,Full-time,28,5,63400,42.8,74.2,5.0,8,5,Tablet,Phone,8,500,,3960.0,2085.8,1874.2,44,4.2,4,No
1636,2025-11-24 15:42:04.441480496,Marketing,East,Female,Master,Part-time,44,19,106100,38.8,78.9,2.6,1,4,Laptop,Store,5,900,0.19,3645.0,2740.85,904.15,31,3.0,3,No
1637,2025-11-24 20:30:39.013004336,IT,Central,Female,Bachelor,Full-time,29,4,69500,30.0,100.0,3.9,3,1,Mouse,Phone,4,35,0.08,128.8,70.06,58.74,28,4.2,1,No
1638,2025-11-25 01:19:13.584528176,IT,East,Female,Bachelor,Full-time,41,17,113500,45.1,68.6,2.7,2,5,Monitor,Phone,6,250,0.1,1350.0,708.91,641.09,32,3.4,5,No
1639,2025-11-25 06:07:48.156052020,Marketing,East,Female,PhD,Full-time,21,1,62200,45.7,53.6,3.0,2,2,Headphones,Website,12,120,0.14,1238.4,698.74,539.66,37,3.6,4,No
1640,2025-11-25 10:56:22.727575860,Customer Support,West,Male,Master,Contract,36,9,60700,38.4,96.1,3.1,2,3,Keyboard,Mobile App,5,60,0.09,273.0,167.05,105.95,46,4.0,5,No
1641,2025-11-25 15:44:57.299099700,IT,East,Male,Bachelor,Part-time,18,0,49300,39.8,95.0,3.9,3,1,Monitor,Store,3,250,0.19,607.5,400.59,206.91,51,3.8,5,No
1642,2025-11-25 20:33:31.870623544,Finance,East,Male,Bachelor,Full-time,32,10,81500,36.9,79.1,5.0,3,1,Mouse,Phone,13,35,0.22,354.9,191.51,163.39,44,3.8,2,No
1643,2025-11-26 01:22:06.442147384,Operations,South,Male,Master,Full-time,38,11,99500,49.2,65.6,3.0,1,0,Laptop,Store,11,900,0.01,9801.0,6563.68,3237.32,46,4.8,1,No
1644,2025-11-26 06:10:41.013671224,Marketing,North,Male,,Contract,29,2,50900,46.0,83.1,4.3,2,3,Monitor,Store,14,250,0.16,2940.0,1747.59,1192.41,60,3.9,4,No
1645,2025-11-26 10:59:15.585195068,IT,West,Female,Bachelor,Full-time,25,6,78700,35.9,72.4,2.8,1,3,Monitor,Phone,5,250,0.08,1150.0,692.66,457.34,46,3.7,4,No
1646,2025-11-26 15:47:50.156718908,Marketing,West,Male,Bachelor,Full-time,42,15,75100,43.0,68.0,3.1,6,3,Tablet,Email,4,500,0.15,1700.0,1303.17,396.83,35,3.9,4,No
1647,2025-11-26 20:36:24.728242748,HR,West,Male,Bachelor,Full-time,33,14,77600,35.6,63.2,4.6,3,4,Headphones,Mobile App,1,120,0.12,105.6,86.18,19.42,45,3.2,7,No
1648,2025-11-27 01:24:59.299766592,Sales,South,Male,Master,Full-time,30,6,69000,35.9,71.8,4.3,2,2,Keyboard,Mobile App,1,60,0.08,55.2,36.39,18.81,58,4.1,4,No
1649,2025-11-27 06:13:33.871290432,Operations,East,Male,High School,Full-time,34,6,57900,37.8,79.1,3.2,6,0,Keyboard,Website,14,60,0.02,823.2,507.53,315.67,28,4.5,5,No
1650,2025-11-27 11:02:08.442814272,Marketing,North,Female,Master,Full-time,58,38,169500,37.0,74.1,3.0,5,4,Smartphone,Website,7,700,0.14,4214.0,3368.82,845.18,33,4.2,5,No
1651,2025-11-27 15:50:43.014338116,Sales,Central,Female,High School,Full-time,44,19,107100,32.2,83.5,3.9,4,5,Laptop,Website,4,900,0.03,3492.0,2340.11,1151.89,55,4.0,1,No
1652,2025-11-27 20:39:17.585861956,IT,East,Male,Master,Full-time,44,18,116500,46.6,69.1,3.0,5,2,Smartphone,Mobile App,1,700,0.04,672.0,496.68,175.32,35,4.4,1,No
1653,2025-11-28 01:27:52.157385796,Sales,South,Female,PhD,Full-time,38,13,97800,41.1,66.6,3.1,2,1,Mouse,Email,6,35,0.25,157.5,101.45,56.05,47,3.6,6,No
1654,2025-11-28 06:16:26.728909636,Operations,East,Female,High School,Contract,35,12,74300,47.8,77.0,3.2,3,0,Laptop,Mobile App,11,900,0.08,9108.0,5289.6,3818.4,53,4.0,2,No
1655,2025-11-28 11:05:01.300433480,Marketing,East,Female,Bachelor,Full-time,18,0,48000,39.2,73.1,3.4,5,4,Monitor,Mobile App,12,250,0.15,2550.0,1826.99,723.01,23,5.0,5,No
1656,2025-11-28 15:53:35.871957320,HR,South,Female,Bachelor,Full-time,28,8,72800,32.7,91.3,3.0,2,0,Monitor,Mobile App,11,250,0.07,2557.5,1840.0,717.5,33,3.8,2,No
1657,2025-11-28 20:42:10.443481160,Customer Support,West,Male,Master,Full-time,30,10,91900,45.1,67.5,2.2,3,2,Keyboard,Mobile App,12,60,0.22,561.6,369.56,192.04,52,4.4,5,No
1658,2025-11-29 01:30:45.015005004,IT,West,Female,Bachelor,Full-time,18,0,53000,41.3,65.5,4.7,0,5,Mouse,Email,11,35,0.07,358.05,215.18,142.87,36,4.4,4,No
1659,2025-11-29 06:19:19.586528844,Marketing,North,Female,Master,Full-time,24,2,67400,38.7,69.8,4.2,5,5,Headphones,Website,11,120,0.09,1201.2,924.38,276.82,18,3.5,3,No
1660,2025-11-29 11:07:54.158052684,Operations,North,Male,Master,Full-time,18,0,47100,46.0,66.6,3.4,4,4,Mouse,Store,1,35,0.15,29.75,17.93,11.82,32,4.5,5,No
1661,2025-11-29 15:56:28.729576528,IT,West,Male,Master,Contract,34,11,92400,33.3,63.8,2.9,3,5,Monitor,Website,8,250,0.22,1560.0,1119.62,440.38,48,3.6,5,No
1662,2025-11-29 20:45:03.301100368,Finance,Central,Female,Master,Full-time,41,15,98600,44.9,50.8,4.5,3,4,Headphones,Website,12,120,0.2,1152.0,731.75,420.25,53,4.3,3,No
1663,2025-11-30 01:33:37.872624208,Sales,East,Male,Bachelor,Contract,44,26,126400,43.6,57.0,3.9,4,0,Mouse,Store,13,35,0.07,423.15,280.02,143.13,39,3.6,4,No
1664,2025-11-30 06:22:12.444148052,Customer Support,Central,Male,Master,Full-time,38,13,84400,41.2,70.4,3.0,2,1,Mouse,Mobile App,9,35,0.21,248.85,145.18,103.67,44,4.2,5,No
1665,2025-11-30 11:10:47.015671892,Operations,East,Male,Bachelor,Contract,25,0,31800,32.6,55.0,3.9,4,1,Headphones,Email,11,120,0.18,1082.4,773.75,308.65,34,4.1,6,No
1666,2025-11-30 15:59:21.587195732,Finance,West,Male,Bachelor,Part-time,18,0,37700,44.7,79.3,3.6,3,1,Monitor,Email,3,250,0.25,562.5,330.61,231.89,49,4.1,4,No
1667,2025-11-30 20:47:56.158719576,Marketing,North,Female,Bachelor,Full-time,18,0,41500,43.7,76.8,3.6,5,2,Mouse,Website,7,35,0.23,188.65,125.59,63.06,55,4.2,8,No
1668,2025-12-01 01:36:30.730243416,HR,North,Male,Master,Full-time,23,0,37600,41.3,63.3,4.2,1,0,Headphones,Store,13,120,0.13,1357.2,839.48,517.72,47,3.6,3,No
1669,2025-12-01 06:25:05.301767256,IT,Central,Female,Master,Full-time,26,8,67700,39.7,71.3,,3,5,Tablet,Phone,5,500,0.19,2025.0,1638.39,386.61,37,3.2,1,No
1670,2025-12-01 11:13:39.873291100,Sales,North,Male,High School,Full-time,33,13,61700,34.4,69.5,4.2,4,2,Tablet,Mobile App,3,500,0.14,1290.0,1050.92,239.08,43,4.1,1,No
1671,2025-12-01 16:02:14.444814940,IT,West,Female,Master,Part-time,25,2,43100,34.4,48.5,,3,2,Monitor,Website,5,250,0.15,1062.5,792.68,269.82,49,4.8,4,No
1672,2025-12-01 20:50:49.016338780,Customer Support,Central,Male,Master,Part-time,37,9,58700,36.1,77.8,4.0,8,5,Headphones,Email,10,120,0.03,1164.0,948.86,215.14,38,4.4,4,No
1673,2025-12-02 01:39:23.587862624,Marketing,East,Male,Bachelor,Full-time,32,4,39200,32.1,64.2,5.0,0,1,Tablet,Store,7,500,,3500.0,1939.23,1560.77,48,4.3,4,No
1674,2025-12-02 06:27:58.159386464,IT,North,Male,Master,Full-time,34,8,74200,32.3,59.3,4.5,1,1,Headphones,Store,7,120,0.01,831.6,680.0,151.6,42,,3,No
1675,2025-12-02 11:16:32.730910304,Sales,South,Female,High School,Contract,44,21,108100,37.8,80.8,3.3,5,1,Mouse,Website,9,35,0.24,239.4,131.93,107.47,55,4.1,8,No
1676,2025-12-02 16:05:07.302434148,Marketing,North,Female,High School,Full-time,23,0,25000,33.3,75.2,2.3,5,5,Monitor,Phone,8,250,0.03,1940.0,1250.59,689.41,46,3.4,7,No
1677,2025-12-02 20:53:41.873957988,IT,East,Male,Master,Full-time,38,20,116700,38.8,83.8,4.5,2,0,Tablet,Email,4,500,0.01,1980.0,1171.53,808.47,32,3.7,2,No
1678,2025-12-03 01:42:16.445481828,HR,Central,Male,Bachelor,Full-time,34,8,46500,40.3,70.5,2.5,2,0,Smartphone,Website,5,700,0.08,3220.0,2595.82,624.18,55,4.2,4,No
1679,2025-12-03 06:30:51.017005668,Operations,East,Male,Bachelor,Contract,31,10,67100,32.8,74.8,3.6,2,5,Mouse,Phone,5,35,0.15,148.75,105.72,43.03,44,2.7,4,No
1680,2025-12-03 11:19:25.588529512,Marketing,South,Female,Master,Part-time,42,23,130000,44.1,82.4,4.1,5,1,Smartphone,Store,10,700,0.24,5320.0,3719.42,1600.58,36,5.0,5,No
1681,2025-12-03 16:08:00.160053352,Operations,West,Female,Master,Full-time,42,24,128800,45.1,93.8,2.6,1,2,Smartphone,Mobile App,12,700,0.17,6972.0,5711.68,1260.32,22,3.1,1,No
1682,2025-12-03 20:56:34.731577192,Marketing,North,Female,Bachelor,Full-time,25,5,54200,29.1,68.0,3.0,3,0,Laptop,Email,2,900,0.07,1674.0,1178.04,495.96,41,5.0,1,No
1683,2025-12-04 01:45:09.303101036,HR,Central,Female,Bachelor,Full-time,32,12,77000,46.8,75.2,2.6,5,4,Laptop,Email,12,900,,8316.0,5936.36,2379.64,60,3.4,2,No
1684,2025-12-04 06:33:43.874624876,Operations,West,Male,Bachelor,Full-time,37,15,78900,42.8,79.5,5.0,2,2,Monitor,Phone,7,250,0.01,1732.5,924.17,808.33,18,3.4,7,No
1685,2025-12-04 11:22:18.446148716,Finance,East,Female,Master,Full-time,32,14,95300,40.5,79.4,4.1,1,5,Tablet,Website,7,500,0.24,2660.0,2068.72,591.28,18,3.7,3,No
1686,2025-12-04 16:10:53.017672560,Sales,Central,Female,High School,Full-time,39,15,86500,47.3,65.3,2.9,4,2,Tablet,Store,9,500,0.01,4455.0,3613.12,841.88,47,3.7,6,No
1687,2025-12-04 20:59:27.589196400,Finance,West,Male,Bachelor,Full-time,37,19,118200,40.5,70.5,2.3,4,3,Tablet,Phone,13,500,0.19,5265.0,4254.61,1010.39,41,3.6,5,No
1688,2025-12-05 01:48:02.160720240,IT,Central,Male,Bachelor,Full-time,50,29,152800,36.1,79.3,2.8,4,0,Headphones,Mobile App,9,120,0.01,1069.2,626.91,442.29,46,3.7,4,No
1689,2025-12-05 06:36:36.732244084,HR,South,Female,Bachelor,Full-time,20,0,42900,32.5,74.3,3.0,3,4,Mouse,Mobile App,4,35,0.23,107.8,63.36,44.44,32,4.1,6,No
1690,2025-12-05 11:25:11.303767924,Finance,South,Female,Bachelor,Contract,33,15,85700,39.4,96.9,3.1,4,0,Tablet,Mobile App,5,500,0.03,2425.0,1527.3,897.7,18,3.4,2,No
1691,2025-12-05 16:13:45.875291764,Marketing,North,Male,Bachelor,Full-time,26,2,29500,39.4,68.0,4.1,2,2,Mouse,Phone,7,35,0.01,242.55,148.7,93.85,28,4.6,3,No
1692,2025-12-05 21:02:20.446815608,IT,North,Female,High School,Full-time,39,12,69200,31.5,61.6,2.4,4,5,Monitor,Store,10,250,0.22,1950.0,1192.78,757.22,57,5.0,1,No
1693,2025-12-06 01:50:55.018339448,IT,South,Male,High School,Contract,19,0,50400,38.2,78.3,4.4,7,0,Smartphone,Email,7,700,0.02,4802.0,3368.92,1433.08,33,2.6,4,No
1694,2025-12-06 06:39:29.589863288,Finance,Central,Female,Bachelor,Full-time,37,17,89500,47.7,59.8,2.1,1,2,Tablet,Website,11,500,0.2,4400.0,3351.4,1048.6,33,5.0,2,No
1695,2025-12-06 11:28:04.161387132,Finance,South,Female,Bachelor,Full-time,28,7,77100,42.5,66.0,3.4,5,4,Monitor,Email,10,250,0.19,2025.0,1622.09,402.91,18,4.5,8,No
1696,2025-12-06 16:16:38.732910972,HR,North,Female,Bachelor,Full-time,27,4,45000,33.3,73.0,2.9,4,2,Tablet,Store,11,500,0.15,4675.0,2526.17,2148.83,18,4.2,4,No
1697,2025-12-06 21:05:13.304434812,Sales,South,Male,Bachelor,Full-time,21,0,52000,41.5,71.6,4.3,3,5,Laptop,Email,8,900,0.09,6552.0,3953.43,2598.57,51,3.6,6,No
1698,2025-12-07 01:53:47.875958656,Finance,South,Female,Bachelor,Contract,30,6,60000,43.5,71.2,4.7,0,1,Keyboard,Phone,8,60,0.23,369.6,220.47,149.13,35,4.1,5,Yes
1699,2025-12-07 06:42:22.447482496,Customer Support,Central,Male,Bachelor,Full-time,44,23,110000,45.2,64.7,4.1,1,5,Monitor,Mobile App,2,250,0.22,390.0,244.62,145.38,50,4.6,4,No
1700,2025-12-07 11:30:57.019006336,Finance,West,Male,Bachelor,Full-time,34,7,68100,42.9,76.8,3.9,3,2,Tablet,Store,12,500,0.11,5340.0,3456.58,1883.42,29,5.0,6,No
1701,2025-12-07 16:19:31.590530180,Operations,North,Female,High School,Part-time,40,12,71300,45.8,100.0,3.3,3,1,Keyboard,Store,9,60,0.06,507.6,323.22,184.38,20,5.0,4,No
1702,2025-12-07 21:08:06.162054020,Marketing,Central,Female,High School,Full-time,49,23,115300,43.8,82.8,4.6,3,4,Monitor,Email,11,250,0.07,2557.5,2060.43,497.07,35,2.9,5,No
1703,2025-12-08 01:56:40.733577860,Customer Support,South,Female,Bachelor,Contract,36,10,58600,38.8,48.0,2.7,2,4,Headphones,Phone,4,120,0.06,451.2,293.79,157.41,31,3.9,9,Yes
1704,2025-12-08 06:45:15.305101700,Customer Support,South,Male,PhD,Full-time,29,3,62200,41.7,66.7,3.9,4,2,Tablet,Email,1,500,0.14,430.0,294.76,135.24,28,4.1,4,No
1705,2025-12-08 11:33:49.876625544,Operations,West,Female,Bachelor,Full-time,38,11,69700,38.9,78.9,4.4,3,1,Headphones,Email,1,120,0.22,93.6,69.69,23.91,28,4.9,3,Yes
1706,2025-12-08 16:22:24.448149384,Operations,North,Male,PhD,Full-time,29,6,74200,42.0,52.6,4.2,4,2,Laptop,Store,5,900,0.19,3645.0,2688.28,956.72,36,3.9,3,No
1707,2025-12-08 21:10:59.019673224,IT,North,Male,Bachelor,Full-time,29,10,70600,43.7,40.5,3.9,3,4,Tablet,Email,7,500,0.2,2800.0,1945.69,854.31,32,3.5,4,No
1708,2025-12-09 01:59:33.591197068,Sales,East,Female,,Full-time,20,1,48400,39.6,62.6,3.9,4,1,Smartphone,Mobile App,5,700,0.11,3115.0,2424.25,690.75,27,4.0,4,No
1709,2025-12-09 06:48:08.162720908,Marketing,North,Female,Master,Full-time,42,14,88800,41.5,61.5,4.2,7,3,Laptop,Email,13,900,0.08,10764.0,7612.89,3151.11,60,3.7,4,No
1710,2025-12-09 11:36:42.734244748,HR,West,Female,High School,Full-time,31,10,73200,37.6,93.3,3.4,3,3,Keyboard,Mobile App,3,60,0.19,145.8,114.08,31.72,43,4.7,1,No
1711,2025-12-09 16:25:17.305768592,Customer Support,East,Female,High School,Full-time,36,10,56400,38.5,76.6,4.6,3,4,Monitor,Store,11,250,0.2,2200.0,1343.83,856.17,40,5.0,1,No
1712,2025-12-09 21:13:51.877292432,HR,East,Male,PhD,Full-time,25,5,69400,39.7,70.1,5.0,1,5,Mouse,Phone,7,35,0.17,203.35,113.8,89.55,37,4.6,2,No
1713,2025-12-10 02:02:26.448816272,Finance,South,Female,Bachelor,Full-time,38,15,103800,37.2,67.9,2.0,2,1,Laptop,Mobile App,1,900,0.01,891.0,682.38,208.62,46,4.7,4,No
1714,2025-12-10 06:51:01.020340116,Finance,South,Male,High School,Full-time,27,8,55400,46.6,77.9,3.2,2,2,Mouse,Phone,11,35,0.15,327.25,207.72,119.53,44,4.9,4,No
1715,2025-12-10 11:39:35.591863956,HR,North,Female,High School,Full-time,33,15,74600,43.0,74.6,2.6,3,5,Mouse,Phone,1,35,0.09,31.85,22.78,9.07,26,,5,Yes
1716,2025-12-10 16:28:10.163387796,Finance,East,Male,Master,Full-time,42,20,127300,43.7,77.8,3.0,5,5,Monitor,Mobile App,12,250,0.05,2850.0,2112.4,737.6,20,3.7,5,No
1717,2025-12-10 21:16:44.734911640,Sales,South,Male,Master,Contract,41,16,112100,42.8,76.2,3.6,6,4,Keyboard,Store,2,60,0.17,99.6,61.55,38.05,18,3.8,3,No
1718,2025-12-11 02:05:19.306435480,Operations,West,Male,Bachelor,Full-time,34,7,62600,40.8,85.5,3.9,5,4,Monitor,Website,1,250,0.07,232.5,156.14,76.36,60,4.8,2,No
1719,2025-12-11 06:53:53.877959320,Finance,South,Male,High School,Full-time,18,0,29300,33.9,72.4,3.4,3,0,Tablet,Phone,9,500,0.23,3465.0,2732.08,732.92,33,4.2,5,No
1720,2025-12-11 11:42:28.449483164,IT,South,Female,Master,Full-time,61,40,192100,45.6,82.1,4.0,8,5,Laptop,Phone,4,900,0.07,3348.0,2624.62,723.38,45,3.3,4,No
1721,2025-12-11 16:31:03.021007004,Finance,East,Female,Bachelor,Full-time,50,23,141200,50.4,76.6,2.9,0,5,Mouse,Store,7,35,0.14,210.7,156.93,53.77,40,4.9,2,No
1722,2025-12-11 21:19:37.592530844,Marketing,East,Female,Bachelor,Part-time,41,15,76500,43.3,74.6,3.2,2,2,Monitor,Store,5,250,0.21,987.5,739.46,248.04,49,3.5,5,No
1723,2025-12-12 02:08:12.164054688,Sales,Central,Female,Master,Full-time,27,2,55800,36.1,66.8,4.0,2,2,Monitor,Email,14,250,0.1,3150.0,2486.31,663.69,37,3.2,6,No
1724,2025-12-12 06:56:46.735578528,Marketing,West,Male,Bachelor,Full-time,33,13,82600,43.0,71.1,3.2,5,3,Monitor,Store,7,250,0.21,1382.5,1024.29,358.21,22,3.4,6,Yes
1725,2025-12-12 11:45:21.307102368,Marketing,East,Female,Bachelor,Full-time,29,11,64100,36.0,71.4,2.5,2,0,Laptop,Phone,13,900,0.18,9594.0,5966.27,3627.73,26,4.2,6,No
1726,2025-12-12 16:33:55.878626212,IT,North,Male,Master,Contract,45,24,136200,37.6,86.0,5.0,7,5,Keyboard,Mobile App,13,60,0.23,600.6,334.07,266.53,34,4.7,2,No
1727,2025-12-12 21:22:30.450150052,Sales,West,Male,Master,Full-time,36,11,66300,27.9,75.1,4.3,5,2,Smartphone,Website,7,700,,4508.0,2914.72,1593.28,19,4.2,6,No
1728,2025-12-13 02:11:05.021673892,Sales,West,Male,Bachelor,Full-time,27,7,64100,46.8,60.3,3.6,1,5,Monitor,Email,1,250,0.03,242.5,132.45,110.05,28,3.6,4,No
1729,2025-12-13 06:59:39.593197736,Sales,East,Male,Bachelor,Full-time,30,3,51400,41.6,51.9,4.2,3,2,Laptop,Mobile App,1,900,0.11,801.0,444.34,356.66,24,3.4,8,No
1730,2025-12-13 11:48:14.164721576,Sales,West,Male,Bachelor,Full-time,44,25,112200,42.9,57.2,3.8,5,3,Mouse,Website,11,35,0.2,308.0,247.96,60.04,34,4.5,6,No
1731,2025-12-13 16:36:48.736245416,Sales,East,Male,Bachelor,Full-time,48,24,126000,43.9,63.0,2.2,4,0,Tablet,Website,3,500,0.11,1335.0,964.89,370.11,32,3.9,5,No
1732,2025-12-13 21:25:23.307769256,IT,South,Male,Bachelor,Full-time,48,27,136500,42.4,78.0,3.6,0,0,Smartphone,Website,10,700,0.07,6510.0,5048.39,1461.61,39,4.2,7,No
1733,2025-12-14 02:13:57.879293100,Finance,Central,Male,Bachelor,Full-time,41,18,99200,44.9,64.0,2.9,2,1,Headphones,Mobile App,2,120,0.01,237.6,169.38,68.22,48,,3,No
1734,2025-12-14 07:02:32.450816940,Marketing,South,Male,High School,Full-time,32,10,57200,46.8,87.9,3.6,2,5,Smartphone,Email,14,700,0.08,9016.0,5820.39,3195.61,35,4.2,5,No
1735,2025-12-14 11:51:07.022340780,Sales,East,Male,High School,Full-time,18,0,38000,39.8,56.1,3.8,0,4,Smartphone,Email,7,700,0.18,4018.0,2119.69,1898.31,20,4.3,8,No
1736,2025-12-14 16:39:41.593864624,Customer Support,East,Male,Bachelor,Full-time,37,10,52900,31.7,80.6,4.3,5,1,Laptop,Website,3,900,0.04,2592.0,2091.1,500.9,18,5.0,6,No
1737,2025-12-14 21:28:16.165388464,Finance,South,Female,Bachelor,Full-time,34,15,81200,35.8,47.8,2.7,1,0,Headphones,Mobile App,7,120,0.09,764.4,413.75,350.65,40,4.3,4,No
1738,2025-12-15 02:16:50.736912304,Finance,North,Male,Bachelor,Full-time,35,9,69200,43.1,57.5,2.7,3,5,Monitor,Website,9,250,0.01,2227.5,1566.04,661.46,30,3.7,3,No
1739,2025-12-15 07:05:25.308436148,Marketing,North,Female,Bachelor,Full-time,34,6,52000,34.9,59.1,3.1,8,3,Monitor,Store,12,250,0.18,2460.0,1354.63,1105.37,36,4.1,2,Yes
1740,2025-12-15 11:53:59.879959988,IT,North,Male,Master,Full-time,22,0,60600,39.7,58.9,4.7,2,1,Smartphone,Email,11,700,,6006.0,3635.1,2370.9,42,3.3,3,No
1741,2025-12-15 16:42:34.451483828,HR,East,Male,Master,Full-time,39,20,111200,52.5,63.7,3.2,1,3,Laptop,Phone,1,900,0.14,774.0,445.63,328.37,55,3.3,2,No
1742,2025-12-15 21:31:09.023007672,HR,West,Male,Bachelor,Full-time,40,15,86700,45.2,82.2,3.9,3,0,Headphones,Website,3,120,0.01,356.4,244.53,111.87,18,4.9,4,No
1743,2025-12-16 02:19:43.594531512,Finance,East,Male,High School,Full-time,40,15,75900,29.9,81.3,3.5,2,5,Monitor,Store,13,250,0.05,3087.5,2427.15,660.35,26,4.2,4,No
1744,2025-12-16 07:08:18.166055352,Operations,West,Male,Bachelor,Full-time,43,25,123400,51.7,58.9,3.2,5,3,Mouse,Email,11,35,0.11,342.65,243.52,99.13,37,4.8,6,No
1745,2025-12-16 11:56:52.737579196,Operations,South,Female,Bachelor,Contract,39,21,89800,46.8,69.4,3.6,3,1,Keyboard,Mobile App,6,60,0.15,306.0,220.09,85.91,24,2.9,3,No
1746,2025-12-16 16:45:27.309103036,Marketing,Central,Female,High School,Part-time,30,9,64600,43.3,77.9,4.1,5,0,Keyboard,Email,13,60,0.12,686.4,544.1,142.3,20,3.3,3,No
1747,2025-12-16 21:34:01.880626876,HR,West,Male,PhD,Part-time,33,14,107100,40.7,69.6,4.0,4,0,Monitor,Mobile App,9,250,0.23,1732.5,1290.41,442.09,54,4.2,6,No
1748,2025-12-17 02:22:36.452150720,Finance,North,Male,Bachelor,Full-time,35,17,95500,33.1,92.5,2.5,2,1,Headphones,Mobile App,5,120,0.23,462.0,360.26,101.74,25,3.4,5,No
1749,2025-12-17 07:11:11.023674560,IT,East,Male,Bachelor,Full-time,35,9,82900,38.1,77.0,3.8,5,5,Tablet,Website,3,500,0.03,1455.0,938.36,516.64,22,3.0,4,No
1750,2025-12-17 11:59:45.595198400,HR,South,Female,Bachelor,Full-time,43,23,111500,30.1,60.8,4.8,1,4,Monitor,Website,8,250,0.03,1940.0,1512.44,427.56,24,3.2,5,No
1751,2025-12-17 16:48:20.166722244,Finance,North,Female,High School,Part-time,40,22,126100,44.8,62.1,3.7,4,1,Tablet,Email,13,500,0.09,5915.0,4221.88,1693.12,51,3.8,3,No
1752,2025-12-17 21:36:54.738246084,Finance,South,Male,High School,Full-time,53,34,159100,40.9,59.4,4.4,4,1,Tablet,Store,14,500,0.11,6230.0,3493.05,2736.95,30,4.3,4,No
1753,2025-12-18 02:25:29.309769924,Sales,Central,Male,Bachelor,Full-time,54,29,129200,36.3,62.9,4.9,2,5,Headphones,Email,12,120,0.15,1224.0,650.7,573.3,21,5.0,7,No
1754,2025-12-18 07:14:03.881293768,IT,East,Male,Bachelor,Full-time,35,13,104000,45.1,72.3,3.6,3,2,Tablet,Phone,5,500,0.19,2025.0,1201.25,823.75,28,3.3,4,No
1755,2025-12-18 12:02:38.452817608,Sales,East,Female,Bachelor,Full-time,18,0,44400,41.7,68.9,3.5,5,0,Mouse,Mobile App,6,35,0.03,203.7,129.04,74.66,37,3.3,3,No
1756,2025-12-18 16:51:13.024341448,Marketing,Central,Male,PhD,Full-time,45,21,122800,48.2,65.9,3.8,5,2,Headphones,Mobile App,13,120,0.2,1248.0,962.55,285.45,49,3.0,4,No
1757,2025-12-18 21:39:47.595865288,Sales,East,Male,Bachelor,Full-time,29,6,62500,37.8,79.6,4.5,0,2,Monitor,Website,2,250,0.15,425.0,315.51,109.49,48,4.4,1,Yes
1758,2025-12-19 02:28:22.167389132,Customer Support,West,Male,High School,Full-time,27,9,63800,47.0,76.5,3.4,2,2,Smartphone,Store,4,700,0.25,2100.0,1693.89,406.11,29,4.1,4,No
1759,2025-12-19 07:16:56.738912972,Sales,South,Female,Bachelor,Full-time,30,7,57700,41.1,51.5,2.6,8,3,Mouse,Website,1,35,0.16,29.4,20.22,9.18,32,3.3,5,No
1760,2025-12-19 12:05:31.310436812,Customer Support,North,Male,Bachelor,Full-time,30,2,40600,36.1,55.4,3.8,2,1,Laptop,Phone,14,900,0.18,10332.0,7690.34,2641.66,63,3.4,8,No
1761,2025-12-19 16:54:05.881960656,HR,Central,Male,Bachelor,Part-time,40,16,93200,43.0,59.2,4.2,2,2,Keyboard,Email,13,60,0.05,741.0,446.52,294.48,50,3.9,4,No
1762,2025-12-19 21:42:40.453484496,Operations,West,Male,High School,Contract,20,0,26900,40.4,61.5,3.8,1,3,Monitor,Email,4,250,0.19,810.0,586.34,223.66,35,4.0,5,No
1763,2025-12-20 02:31:15.025008336,Finance,North,Female,Bachelor,Full-time,24,0,55100,42.3,63.7,3.9,1,3,Monitor,Store,1,250,0.02,245.0,179.3,65.7,18,3.3,5,Yes
1764,2025-12-20 07:19:49.596532180,Customer Support,North,Female,High School,Full-time,37,12,52200,35.1,66.8,3.5,3,0,Monitor,Website,4,250,,840.0,650.6,189.4,32,,9,No
1765,2025-12-20 12:08:24.168056020,IT,Central,Male,Bachelor,Full-time,40,16,110100,28.4,76.6,3.3,4,1,Mouse,Website,14,35,0.01,485.1,330.31,154.79,22,3.0,6,No
1766,2025-12-20 16:56:58.739579860,Sales,West,Female,Bachelor,Full-time,40,12,68000,37.5,57.4,4.5,0,5,Laptop,Phone,2,900,0.03,1746.0,1247.87,498.13,28,4.0,1,No
1767,2025-12-20 21:45:33.311103704,Customer Support,North,Male,High School,Full-time,27,8,53800,42.9,62.1,2.1,0,4,Smartphone,Email,6,700,0.03,4074.0,2366.65,1707.35,26,3.9,6,Yes
1768,2025-12-21 02:34:07.882627544,IT,North,Female,Bachelor,Part-time,25,2,40600,42.7,51.4,3.6,2,1,Headphones,Website,6,120,0.01,712.8,528.2,184.6,35,4.3,2,No
1769,2025-12-21 07:22:42.454151384,Operations,West,Male,Bachelor,Contract,29,6,47100,37.7,60.0,2.7,3,3,Laptop,Store,8,900,0.08,6624.0,5110.57,1513.43,39,4.8,3,Yes
1770,2025-12-21 12:11:17.025675228,Operations,East,Male,Bachelor,Full-time,36,12,79200,41.2,69.3,3.5,4,1,Mouse,Email,9,35,0.25,236.25,164.93,71.32,29,3.7,1,No
1771,2025-12-21 16:59:51.597199068,Sales,North,Male,Bachelor,Full-time,47,24,121700,38.0,60.3,3.7,4,0,Monitor,Phone,8,250,0.09,1820.0,1009.56,810.44,23,4.0,8,No
1772,2025-12-21 21:48:26.168722908,Marketing,South,Female,Bachelor,Full-time,18,0,45500,39.3,58.6,3.9,4,1,Keyboard,Store,1,60,0.19,48.6,29.83,18.77,36,2.6,6,No
1773,2025-12-22 02:37:00.740246752,Sales,West,Female,PhD,Full-time,32,7,74900,46.3,65.3,3.6,5,3,Monitor,Mobile App,13,250,0.03,3152.5,2089.02,1063.48,32,5.0,6,No
1774,2025-12-22 07:25:35.311770592,HR,North,Female,High School,Part-time,22,1,39000,33.3,75.1,4.6,2,3,Headphones,Phone,3,120,0.11,320.4,231.7,88.7,18,2.7,6,No
1775,2025-12-22 12:14:09.883294432,Customer Support,Central,Male,PhD,Full-time,19,0,49900,49.4,60.1,3.6,7,2,Tablet,Store,6,500,0.05,2850.0,1755.88,1094.12,45,3.9,5,Yes
1776,2025-12-22 17:02:44.454818276,Finance,South,Female,High School,Full-time,43,18,106200,40.9,85.3,2.7,1,3,Keyboard,Website,1,60,0.05,57.0,44.01,12.99,29,2.2,3,No
1777,2025-12-22 21:51:19.026342116,Marketing,North,Male,Bachelor,Full-time,39,19,92700,50.1,61.0,4.3,3,0,Monitor,Mobile App,8,250,0.02,1960.0,1237.81,722.19,35,3.4,4,No
1778,2025-12-23 02:39:53.597865956,Sales,South,Female,Bachelor,Full-time,38,18,100800,49.3,66.6,3.8,4,3,Smartphone,Phone,14,700,0.11,8722.0,4647.53,4074.47,35,5.0,3,No
1779,2025-12-23 07:28:28.169389800,IT,South,Male,High School,Full-time,42,17,105900,28.6,87.1,2.7,4,1,Keyboard,Website,6,60,0.02,352.8,267.49,85.31,38,4.8,2,No
1780,2025-12-23 12:17:02.740913640,Marketing,East,Male,High School,Contract,30,11,65000,40.9,79.5,4.1,3,5,Tablet,Mobile App,1,500,0.23,385.0,274.61,110.39,40,4.7,3,No
1781,2025-12-23 17:05:37.312437480,Customer Support,South,Male,Bachelor,Full-time,30,4,50400,35.1,70.2,3.1,3,5,Laptop,Email,10,900,0.11,8010.0,6092.3,1917.7,22,3.9,9,No
1782,2025-12-23 21:54:11.883961320,Marketing,East,Male,PhD,Contract,54,33,172800,39.3,76.8,4.2,2,5,Mouse,Website,2,35,0.21,55.3,34.54,20.76,42,5.0,3,No
1783,2025-12-24 02:42:46.455485164,Customer Support,West,Female,Bachelor,Full-time,32,9,59800,42.3,55.5,2.5,2,4,Monitor,Store,6,250,0.24,1140.0,598.83,541.17,34,4.2,6,No
1784,2025-12-24 07:31:21.027009004,Sales,East,Male,Bachelor,Full-time,41,21,117500,47.3,95.5,3.4,2,3,Headphones,Phone,10,120,0.17,996.0,539.96,456.04,51,4.5,8,No
1785,2025-12-24 12:19:55.598532844,Customer Support,Central,Female,Master,Contract,34,14,68300,34.6,56.2,3.8,5,5,Laptop,Mobile App,14,900,0.23,9702.0,5370.45,4331.55,48,5.0,6,No
1786,2025-12-24 17:08:30.170056688,Marketing,North,Male,Master,Contract,18,0,25800,52.6,74.7,2.6,1,0,Monitor,Website,8,250,0.03,1940.0,1477.4,462.6,54,4.8,2,No
1787,2025-12-24 21:57:04.741580528,IT,West,Male,Master,Contract,18,0,45700,37.1,86.6,3.9,2,0,Laptop,Email,5,900,0.21,3555.0,2170.08,1384.92,27,4.0,3,Yes
1788,2025-12-25 02:45:39.313104368,Operations,West,Male,Bachelor,Full-time,29,2,47500,33.3,75.4,4.3,1,5,Headphones,Phone,1,120,0.07,111.6,91.44,20.16,53,4.4,4,No
1789,2025-12-25 07:34:13.884628212,Marketing,Central,Female,High School,Full-time,44,25,111700,45.5,71.3,3.3,1,0,Monitor,Phone,14,250,0.12,3080.0,2302.35,777.65,39,5.0,9,No
1790,2025-12-25 12:22:48.456152052,Customer Support,East,Male,Bachelor,Full-time,41,16,77000,40.6,86.6,3.8,1,5,Tablet,Website,10,500,0.16,4200.0,2941.46,1258.54,46,4.4,7,No
1791,2025-12-25 17:11:23.027675892,Operations,North,Male,Bachelor,Full-time,42,16,93200,51.1,80.1,2.9,1,0,Tablet,Email,2,500,0.23,770.0,627.62,142.38,46,4.5,5,No
1792,2025-12-25 21:59:57.599199736,Customer Support,East,Male,High School,Full-time,25,0,28900,35.1,65.7,5.0,5,1,Headphones,Mobile App,4,120,0.23,369.6,227.26,142.34,44,4.9,4,No
1793,2025-12-26 02:48:32.170723576,IT,South,Male,High School,Full-time,49,22,114300,40.9,92.1,3.5,4,2,Keyboard,Website,4,60,0.02,235.2,133.99,101.21,25,5.0,5,No
1794,2025-12-26 07:37:06.742247416,Customer Support,East,Female,PhD,Part-time,25,5,56800,46.4,62.3,3.8,6,4,Headphones,Mobile App,7,120,0.09,764.4,566.56,197.84,49,3.3,4,No
1795,2025-12-26 12:25:41.313771260,Sales,West,Male,Master,Full-time,36,12,86100,35.8,93.1,3.3,5,5,Keyboard,Phone,2,60,0.2,96.0,57.93,38.07,42,4.5,4,No
1796,2025-12-26 17:14:15.885295100,Finance,North,Male,High School,Part-time,34,6,66200,46.4,79.7,3.0,3,2,Monitor,Mobile App,7,250,0.18,1435.0,1159.93,275.07,20,4.3,2,No
1797,2025-12-26 22:02:50.456818940,Marketing,East,Male,High School,Full-time,32,5,37600,42.0,66.9,4.3,4,2,Keyboard,Email,7,60,0.01,415.8,339.47,76.33,32,3.7,2,No
1798,2025-12-27 02:51:25.028342784,Finance,North,Female,High School,Part-time,46,27,146700,35.0,58.7,1.6,2,2,Monitor,Store,7,250,0.11,1557.5,1242.76,314.74,23,3.5,5,No
1799,2025-12-27 07:39:59.599866624,Customer Support,North,Female,Bachelor,Full-time,28,7,52400,46.3,74.1,2.0,6,1,Monitor,Email,13,250,0.21,2567.5,2062.8,504.7,21,5.0,2,No
1800,2025-12-27 12:28:34.171390464,IT,South,Male,Bachelor,Full-time,22,0,42300,39.0,64.0,3.8,1,4,Smartphone,Mobile App,3,700,0.18,1722.0,1213.49,508.51,48,3.3,3,No
1801,2025-12-27 17:17:08.742914308,Marketing,South,Female,PhD,Full-time,34,6,75200,45.9,73.4,3.2,2,3,Mouse,Website,6,35,0.1,189.0,137.52,51.48,20,3.0,4,No
1802,2025-12-27 22:05:43.314438148,Customer Support,West,Male,High School,Contract,30,8,56900,36.5,81.9,4.2,3,3,Monitor,Phone,12,250,0.18,2460.0,1348.75,1111.25,22,3.6,5,No
1803,2025-12-28 02:54:17.885961988,Operations,Central,Female,Bachelor,Contract,64,38,150900,32.7,83.5,3.1,4,5,Keyboard,Store,6,60,0.14,309.6,231.86,77.74,62,2.8,6,No
1804,2025-12-28 07:42:52.457485832,HR,North,Male,High School,Full-time,40,13,74500,37.8,90.1,2.2,0,4,Mouse,Website,4,35,,107.8,62.59,45.21,33,3.4,1,No
1805,2025-12-28 12:31:27.029009672,Customer Support,Central,Male,PhD,Full-time,30,9,86700,39.4,58.7,3.4,0,4,Mouse,Website,1,35,0.15,29.75,22.97,6.78,46,3.3,1,Yes
1806,2025-12-28 17:20:01.600533512,Finance,West,Female,Master,Full-time,24,2,66300,41.0,75.1,3.3,2,0,Monitor,Email,9,250,0.1,2025.0,1637.13,387.87,51,4.1,7,No
1807,2025-12-28 22:08:36.172057352,Marketing,North,Male,Master,Full-time,18,0,42000,42.7,53.6,2.6,2,2,Headphones,Mobile App,2,120,0.22,187.2,109.27,77.93,47,5.0,7,No
1808,2025-12-29 02:57:10.743581196,Finance,North,Male,Bachelor,Full-time,25,0,39800,49.8,72.1,4.1,1,0,Headphones,Email,9,120,0.01,1069.2,581.01,488.19,40,3.6,2,No
1809,2025-12-29 07:45:45.315105036,Marketing,Central,Female,High School,Full-time,35,10,72500,39.5,51.8,3.8,3,1,Tablet,Mobile App,8,500,0.23,3080.0,2048.71,1031.29,38,4.6,2,No
1810,2025-12-29 12:34:19.886628876,Customer Support,East,Male,Bachelor,Part-time,47,27,143600,48.9,99.5,2.7,4,1,Mouse,Email,1,35,0.17,29.05,22.0,7.05,44,4.5,5,No
1811,2025-12-29 17:22:54.458152720,Sales,South,Male,Bachelor,Full-time,44,26,128800,45.1,88.8,2.3,6,4,Monitor,Website,11,250,0.24,2090.0,1569.99,520.01,35,2.4,4,No
1812,2025-12-29 22:11:29.029676560,Operations,East,Male,Master,Full-time,36,13,88900,39.6,52.0,3.8,1,1,Smartphone,Phone,7,700,0.06,4606.0,3357.98,1248.02,46,3.6,4,No
1813,2025-12-30 03:00:03.601200400,Customer Support,Central,Female,Bachelor,Full-time,31,12,86300,41.5,63.8,2.7,5,4,Headphones,Mobile App,13,120,0.17,1294.8,992.09,302.71,35,3.7,2,No
1814,2025-12-30 07:48:38.172724244,Finance,South,Female,Bachelor,Contract,36,17,92300,42.0,81.4,2.7,6,3,Smartphone,Store,10,700,0.2,5600.0,3205.98,2394.02,36,4.3,5,No
1815,2025-12-30 12:37:12.744248084,HR,East,Male,Bachelor,Full-time,29,9,67100,45.1,75.0,3.4,2,2,Monitor,Store,3,250,0.18,615.0,440.08,174.92,61,4.4,4,No
1816,2025-12-30 17:25:47.315771924,HR,South,Female,Bachelor,Part-time,49,24,140700,45.9,72.2,3.5,2,1,Monitor,Website,10,250,0.05,2375.0,1666.55,708.45,32,4.2,3,No
1817,2025-12-30 22:14:21.887295768,IT,North,Male,Bachelor,Full-time,32,12,94100,33.0,75.3,3.9,2,0,Mouse,Email,13,35,0.07,423.15,239.52,183.63,38,3.4,2,No
1818,2025-12-31 03:02:56.458819608,Marketing,East,Female,Bachelor,Full-time,33,9,74400,44.9,83.1,4.3,1,1,Smartphone,Email,10,700,0.14,6020.0,3878.86,2141.14,43,3.6,6,No
1819,2025-12-31 07:51:31.030343448,Finance,South,Female,High School,Contract,18,0,35000,42.0,98.1,3.1,9,5,Tablet,Website,14,500,0.11,6230.0,4832.98,1397.02,44,2.9,3,No
1820,2025-12-31 12:40:05.601867292,IT,South,Female,Bachelor,Full-time,32,5,70800,42.0,57.3,4.0,3,2,Mouse,Store,14,35,0.18,401.8,326.08,75.72,42,4.0,4,No
1821,2025-12-31 17:28:40.173391132,Finance,South,Male,Master,Contract,42,16,116900,39.3,69.3,3.4,4,1,Laptop,Store,14,900,0.09,11466.0,8251.27,3214.73,23,3.7,6,No
1822,2025-12-31 22:17:14.744914972,Marketing,East,Female,Bachelor,Contract,24,0,25000,43.5,48.6,4.4,5,4,Smartphone,Email,9,700,0.21,4977.0,3964.59,1012.41,40,4.4,2,No
1823,2026-01-01 03:05:49.316438816,Customer Support,West,Male,Bachelor,Full-time,27,9,63600,44.4,71.3,2.8,1,1,Headphones,Mobile App,5,120,0.11,534.0,298.83,235.17,41,4.5,4,No
1824,2026-01-01 07:54:23.887962656,Customer Support,East,Male,High School,Full-time,41,17,90600,40.6,93.3,3.9,3,3,Headphones,Phone,11,120,0.01,1306.8,1061.8,245.0,52,3.8,1,No
1825,2026-01-01 12:42:58.459486496,HR,Central,Female,Bachelor,Part-time,21,0,34500,45.1,78.2,2.8,1,3,Headphones,Mobile App,3,120,0.0,360.0,190.82,169.18,47,4.2,3,No
1826,2026-01-01 17:31:33.031010340,Customer Support,East,Male,Master,Contract,44,19,102100,36.8,82.0,2.8,4,1,Keyboard,Store,8,60,0.16,403.2,273.44,129.76,52,3.8,7,No
1827,2026-01-01 22:20:07.602534180,Customer Support,South,Female,,Contract,29,2,52600,40.1,74.4,3.1,2,0,Monitor,Mobile App,12,250,0.14,2580.0,1566.84,1013.16,26,3.2,1,No
1828,2026-01-02 03:08:42.174058020,Sales,North,Male,Bachelor,Part-time,31,9,70300,41.8,62.7,1.8,0,1,Mouse,Phone,3,35,0.14,90.3,69.0,21.3,26,3.4,4,No
1829,2026-01-02 07:57:16.745581864,HR,East,Male,PhD,Full-time,24,0,45700,38.5,52.0,4.3,2,4,Headphones,Mobile App,7,120,0.2,672.0,393.3,278.7,42,2.4,7,No
1830,2026-01-02 12:45:51.317105704,IT,East,Male,Master,Full-time,37,11,102400,38.3,90.9,2.8,5,4,Laptop,Mobile App,14,900,0.09,11466.0,6001.98,5464.02,52,3.7,5,Yes
1831,2026-01-02 17:34:25.888629544,Operations,South,Female,Bachelor,Full-time,56,30,155500,35.4,66.2,3.1,2,4,Headphones,Mobile App,7,120,0.25,630.0,405.96,224.04,36,3.6,3,Yes
1832,2026-01-02 22:23:00.460153384,Sales,North,Male,Bachelor,Full-time,41,16,103300,42.2,69.6,2.7,2,0,Tablet,Mobile App,7,500,0.24,2660.0,1434.36,1225.64,29,3.2,2,No
1833,2026-01-03 03:11:35.031677228,IT,North,Female,Bachelor,Full-time,26,3,54800,49.7,46.5,4.3,3,3,Monitor,Website,14,250,0.0,3500.0,2124.6,1375.4,19,4.6,1,No
1834,2026-01-03 08:00:09.603201068,Marketing,Central,Male,Master,Part-time,44,21,113100,43.0,63.6,3.7,2,4,Smartphone,Store,12,700,0.22,6552.0,4672.39,1879.61,42,4.4,7,No
1835,2026-01-03 12:48:44.174724908,Sales,East,Male,Bachelor,Full-time,31,13,73100,39.2,73.7,3.9,2,4,Monitor,Phone,1,250,0.17,207.5,126.25,81.25,37,4.4,3,No
1836,2026-01-03 17:37:18.746248752,IT,North,Male,Bachelor,Part-time,46,23,130800,46.6,76.4,3.6,4,1,Smartphone,Store,11,700,0.13,6699.0,3977.45,2721.55,33,4.5,1,No
1837,2026-01-03 22:25:53.317772592,Marketing,North,Male,High School,Full-time,41,20,110900,39.8,92.9,3.6,4,3,Smartphone,Website,5,700,0.15,2975.0,1685.78,1289.22,49,4.0,2,No
1838,2026-01-04 03:14:27.889296432,HR,West,Female,Bachelor,Full-time,18,0,40100,43.8,68.7,3.8,4,4,Mouse,Website,12,35,0.21,331.8,185.99,145.81,37,4.0,2,No
1839,2026-01-04 08:03:02.460820276,Operations,West,Male,Master,Full-time,25,6,81800,42.8,70.6,4.3,2,4,Keyboard,Website,11,60,0.24,501.6,339.96,161.64,38,4.6,3,No
1840,2026-01-04 12:51:37.032344116,Marketing,North,Male,PhD,Full-time,42,14,84500,32.5,91.8,2.6,4,1,Smartphone,Website,1,700,0.14,602.0,436.12,165.88,49,4.5,9,No
1841,2026-01-04 17:40:11.603867956,Customer Support,Central,Male,High School,Full-time,35,14,78300,40.5,87.3,3.0,3,1,Smartphone,Mobile App,7,700,0.05,4655.0,3052.84,1602.16,64,4.7,6,No
1842,2026-01-04 22:28:46.175391800,Finance,North,Male,Bachelor,Contract,25,3,61000,50.7,53.7,2.7,4,2,Mouse,Store,13,35,0.16,382.2,212.92,169.28,33,4.0,5,No
1843,2026-01-05 03:17:20.746915640,Marketing,South,Female,Bachelor,Full-time,28,6,51500,37.3,90.8,4.0,4,1,Headphones,Email,13,120,0.02,1528.8,1092.06,436.74,27,3.3,6,No
1844,2026-01-05 08:05:55.318439480,Marketing,East,Male,Master,Full-time,18,0,32800,48.0,51.1,3.9,3,1,Tablet,Phone,8,500,0.16,3360.0,2308.78,1051.22,26,4.2,8,No
1845,2026-01-05 12:54:29.889963324,Operations,Central,Female,Master,Full-time,33,12,76100,45.1,78.1,4.1,2,2,Laptop,Website,7,900,0.2,5040.0,3197.29,1842.71,44,3.6,5,No
1846,2026-01-05 17:43:04.461487164,Finance,South,Male,,Full-time,54,36,186900,37.8,81.8,1.5,7,4,Mouse,Store,1,35,0.09,31.85,19.72,12.13,25,4.5,7,No
1847,2026-01-05 22:31:39.033011004,Customer Support,Central,Female,PhD,Full-time,41,14,87900,40.5,74.4,3.2,3,5,Keyboard,Website,3,60,0.02,176.4,101.42,74.98,34,4.2,3,No
1848,2026-01-06 03:20:13.604534848,IT,South,Female,Bachelor,Full-time,54,29,162800,35.2,67.1,1.6,4,1,Mouse,Website,10,35,0.17,290.5,163.81,126.69,35,4.0,2,No
1849,2026-01-06 08:08:48.176058688,IT,East,Male,Master,Full-time,42,22,136600,44.8,66.2,5.0,3,0,Monitor,Website,3,250,0.08,690.0,428.93,261.07,57,3.7,2,No
1850,2026-01-06 12:57:22.747582528,Marketing,East,Female,Bachelor,Full-time,43,24,118200,35.3,39.9,3.6,4,2,Headphones,Website,7,120,0.06,789.6,420.45,369.15,52,4.7,5,No
1851,2026-01-06 17:45:57.319106372,Finance,West,Male,Bachelor,Full-time,52,26,133300,42.5,74.0,2.8,2,5,Headphones,Website,4,120,0.17,398.4,259.35,139.05,20,4.6,1,No
1852,2026-01-06 22:34:31.890630212,Finance,South,Male,High School,Full-time,37,13,93200,49.6,72.4,3.4,4,5,Smartphone,Phone,12,700,0.24,6384.0,4471.81,1912.19,57,3.6,7,No
1853,2026-01-07 03:23:06.462154052,Customer Support,West,Female,,Full-time,32,6,61100,37.3,91.6,3.5,4,2,Headphones,Store,3,120,0.19,291.6,234.01,57.59,23,3.1,3,No
1854,2026-01-07 08:11:41.033677896,Operations,South,Male,Master,Contract,43,24,120600,42.2,68.5,5.0,2,5,Headphones,Website,6,120,0.12,633.6,448.43,185.17,40,4.1,6,No
1855,2026-01-07 13:00:15.605201736,HR,West,Male,Bachelor,Full-time,47,21,101900,33.0,65.2,3.3,3,4,Headphones,Website,12,120,,1224.0,865.64,358.36,28,4.8,1,No
1856,2026-01-07 17:48:50.176725576,IT,East,Female,Master,Full-time,30,3,62300,40.7,65.3,3.6,2,5,Headphones,Website,10,120,0.04,1152.0,728.44,423.56,33,3.1,6,No
1857,2026-01-07 22:37:24.748249416,Operations,Central,Male,Bachelor,Full-time,28,2,39400,35.4,61.1,3.0,2,5,Laptop,Website,6,900,0.2,4320.0,2419.18,1900.82,26,4.3,7,No
1858,2026-01-08 03:25:59.319773260,Sales,West,Male,Master,Full-time,35,7,52300,41.7,66.1,5.0,7,1,Keyboard,Mobile App,10,60,0.15,510.0,333.58,176.42,58,3.4,4,Yes
1859,2026-01-08 08:14:33.891297100,IT,South,Female,Bachelor,Full-time,41,15,93200,37.8,58.6,4.8,1,0,Smartphone,Mobile App,5,700,0.24,2660.0,1860.94,799.06,36,3.3,5,No
1860,2026-01-08 13:03:08.462820940,Operations,South,Female,Bachelor,Full-time,41,14,80700,35.5,80.0,1.9,3,4,Headphones,Email,12,120,0.24,1094.4,806.8,287.6,41,4.7,2,No
1861,2026-01-08 17:51:43.034344784,IT,East,Male,Bachelor,Full-time,21,0,37200,39.8,77.2,4.2,2,1,Smartphone,Website,6,700,0.09,3822.0,2934.63,887.37,25,4.5,4,No
1862,2026-01-08 22:40:17.605868624,HR,South,Male,Bachelor,Contract,51,30,144000,27.2,53.1,3.9,3,4,Keyboard,Email,3,60,0.25,135.0,80.57,54.43,21,3.9,6,No
1863,2026-01-09 03:28:52.177392464,Sales,North,Female,Master,Full-time,28,1,46400,35.2,73.2,2.9,5,5,Tablet,Phone,14,500,0.24,5320.0,3151.39,2168.61,33,4.6,3,No
1864,2026-01-09 08:17:26.748916308,HR,Central,Male,Bachelor,Full-time,32,12,82600,52.4,86.5,2.7,3,2,Headphones,Email,13,120,0.16,1310.4,903.64,406.76,44,4.5,7,No
1865,2026-01-09 13:06:01.320440148,Customer Support,West,Female,High School,Full-time,26,3,29600,39.4,85.7,1.9,4,2,Smartphone,Store,10,700,0.08,6440.0,4442.34,1997.66,37,3.0,1,No
1866,2026-01-09 17:54:35.891963988,Sales,Central,Male,Master,Full-time,58,38,182700,38.1,58.5,4.0,4,1,Mouse,Mobile App,5,35,0.19,141.75,82.98,58.77,50,4.1,3,No
1867,2026-01-09 22:43:10.463487832,Marketing,East,Female,High School,Full-time,36,8,60300,42.4,89.3,2.4,1,4,Smartphone,Mobile App,9,700,0.07,5859.0,4079.29,1779.71,39,5.0,1,No
1868,2026-01-10 03:31:45.035011672,Operations,West,Male,Bachelor,Part-time,26,0,33100,45.8,65.1,3.7,3,5,Headphones,Website,4,120,0.16,403.2,251.5,151.7,38,4.3,5,No
1869,2026-01-10 08:20:19.606535512,Sales,West,Male,Bachelor,Contract,42,22,128400,48.8,72.3,2.6,3,1,Monitor,Website,11,250,0.01,2722.5,1937.86,784.64,44,2.2,4,No
1870,2026-01-10 13:08:54.178059356,Customer Support,North,Female,High School,Full-time,41,22,106000,40.3,67.4,2.5,5,5,Laptop,Phone,2,900,0.16,1512.0,918.26,593.74,39,3.3,4,No
1871,2026-01-10 17:57:28.749583196,Customer Support,East,Male,Master,Contract,32,7,59800,39.6,56.4,3.5,4,3,Mouse,Phone,5,35,0.24,133.0,92.79,40.21,49,4.7,5,No
1872,2026-01-10 22:46:03.321107036,HR,South,Female,Master,Full-time,42,19,111000,42.5,61.9,4.5,5,1,Mouse,Store,3,35,0.06,98.7,74.07,24.63,45,3.6,3,Yes
1873,2026-01-11 03:34:37.892630880,IT,North,Female,Master,Full-time,27,2,53500,40.9,88.2,2.9,4,5,Monitor,Website,12,250,0.19,2430.0,1978.14,451.86,49,4.8,10,No
1874,2026-01-11 08:23:12.464154720,Sales,North,Female,High School,Full-time,30,6,51400,39.8,88.5,3.5,1,3,Headphones,Website,3,120,0.07,334.8,265.6,69.2,47,5.0,6,No
1875,2026-01-11 13:11:47.035678560,Operations,Central,Male,Bachelor,Full-time,18,0,56300,43.6,80.9,3.6,2,2,Laptop,Phone,4,900,0.18,2952.0,1980.97,971.03,54,3.8,4,No
1876,2026-01-11 18:00:21.607202404,Sales,Central,Male,Bachelor,Full-time,22,0,25000,43.5,69.1,3.4,2,0,Mouse,Phone,12,35,0.17,348.6,232.34,116.26,48,3.6,3,No
1877,2026-01-11 22:48:56.178726244,Finance,Central,Female,PhD,Part-time,50,23,135700,40.9,95.4,3.7,1,2,Laptop,Phone,4,900,0.05,3420.0,2227.48,1192.52,59,3.3,2,No
1878,2026-01-12 03:37:30.750250084,IT,North,Female,High School,Full-time,49,31,150200,52.6,84.8,3.5,3,0,Mouse,Mobile App,5,35,0.15,148.75,78.59,70.16,32,,5,No
1879,2026-01-12 08:26:05.321773928,Operations,South,Female,Bachelor,Contract,35,17,94200,50.1,70.5,2.1,2,4,Headphones,Email,7,120,0.21,663.6,378.11,285.49,48,3.6,3,No
1880,2026-01-12 13:14:39.893297768,Operations,West,Male,Master,Full-time,49,22,117500,43.4,46.6,4.5,2,0,Tablet,Email,4,500,,1800.0,967.96,832.04,21,3.7,6,No
1881,2026-01-12 18:03:14.464821608,Marketing,Central,Female,Master,Full-time,33,8,86200,46.4,83.2,3.8,3,4,Mouse,Website,11,35,0.18,315.7,230.12,85.58,49,3.2,4,Yes
1882,2026-01-12 22:51:49.036345452,HR,South,Female,Master,Full-time,32,6,58000,37.2,88.1,3.3,2,3,Tablet,Mobile App,7,500,0.17,2905.0,1870.73,1034.27,39,3.7,4,No
1883,2026-01-13 03:40:23.607869292,Marketing,East,Male,,Full-time,35,8,84600,40.7,77.6,2.7,6,4,Mouse,Phone,9,35,0.06,296.1,159.64,136.46,49,3.5,4,No
1884,2026-01-13 08:28:58.179393132,Operations,Central,Female,Bachelor,Contract,33,10,67500,44.2,47.2,3.2,1,1,Keyboard,Website,3,60,0.23,138.6,100.79,37.81,58,2.6,4,No
1885,2026-01-13 13:17:32.750916972,IT,West,Male,Bachelor,Full-time,32,10,86600,47.6,74.6,4.2,5,1,Headphones,Mobile App,5,120,0.14,516.0,368.08,147.92,48,3.4,5,No
1886,2026-01-13 18:06:07.322440816,Sales,East,Female,High School,Full-time,44,25,127900,35.4,100.0,2.4,2,5,Monitor,Store,4,250,0.09,910.0,669.75,240.25,33,4.5,8,No
1887,2026-01-13 22:54:41.893964656,Sales,East,Female,High School,Full-time,35,7,55800,37.3,70.0,2.8,1,1,Tablet,Mobile App,9,500,0.04,4320.0,3023.79,1296.21,25,4.9,5,No
1888,2026-01-14 03:43:16.465488496,IT,West,Female,Bachelor,Part-time,40,14,91900,41.0,97.5,3.4,7,2,Monitor,Website,5,250,0.12,1100.0,625.31,474.69,44,3.9,5,No
1889,2026-01-14 08:31:51.037012340,Operations,Central,Male,High School,Full-time,43,20,101900,48.2,81.1,2.2,1,5,Headphones,Email,10,120,0.18,984.0,529.8,454.2,35,4.0,6,No
1890,2026-01-14 13:20:25.608536180,Customer Support,North,Male,Master,Full-time,37,12,86800,41.0,72.6,2.7,4,1,Smartphone,Phone,2,700,0.16,1176.0,899.81,276.19,46,4.2,4,No
1891,2026-01-14 18:09:00.180060020,Sales,West,Male,High School,Part-time,25,0,39800,46.4,90.2,3.3,2,4,Monitor,Store,10,250,0.18,2050.0,1198.72,851.28,32,5.0,2,No
1892,2026-01-14 22:57:34.751583864,Customer Support,West,Female,Bachelor,Full-time,22,0,35300,39.8,64.1,1.5,2,4,Headphones,Mobile App,1,120,0.2,96.0,65.54,30.46,27,3.3,1,No
1893,2026-01-15 03:46:09.323107704,Sales,West,Female,Master,Contract,35,10,78300,44.2,55.9,3.3,0,4,Monitor,Website,7,250,0.11,1557.5,1036.62,520.88,35,3.1,1,No
1894,2026-01-15 08:34:43.894631544,Sales,East,Female,Bachelor,Contract,32,5,66000,35.1,56.2,2.4,0,1,Tablet,Website,11,500,0.13,4785.0,3810.37,974.63,44,4.0,5,No
1895,2026-01-15 13:23:18.466155388,HR,South,Female,Master,Full-time,35,10,71400,36.8,74.7,4.4,4,5,Keyboard,Phone,1,60,0.25,45.0,30.86,14.14,39,4.3,5,No
1896,2026-01-15 18:11:53.037679228,HR,North,Male,PhD,Part-time,34,14,97300,39.3,77.8,3.1,2,3,Monitor,Website,8,250,0.24,1520.0,1054.89,465.11,28,4.0,4,No
1897,2026-01-15 23:00:27.609203068,Finance,Central,Female,Master,Part-time,57,37,195600,34.6,63.1,4.1,3,3,Tablet,Website,9,500,0.1,4050.0,2494.2,1555.8,60,3.0,9,No
1898,2026-01-16 03:49:02.180726912,Marketing,Central,Female,Bachelor,Contract,22,3,45600,34.3,87.9,3.8,4,2,Mouse,Phone,7,35,0.17,203.35,164.23,39.12,36,4.6,4,No
1899,2026-01-16 08:37:36.752250752,IT,South,Male,Master,Full-time,18,0,60900,38.3,73.1,2.9,3,4,Headphones,Store,9,120,0.07,1004.4,706.81,297.59,18,3.9,1,No
1900,2026-01-16 13:26:11.323774592,IT,West,Female,High School,Full-time,37,16,91000,33.0,82.8,3.8,8,4,Laptop,Email,10,900,0.04,8640.0,4505.71,4134.29,49,4.4,6,Yes
1901,2026-01-16 18:14:45.895298436,IT,North,Male,Master,Full-time,31,12,106000,39.7,63.1,4.9,5,2,Smartphone,Email,6,700,0.19,3402.0,2336.58,1065.42,38,5.0,6,No
1902,2026-01-16 23:03:20.466822276,Finance,Central,Female,High School,Full-time,37,18,90600,41.7,69.6,3.5,1,4,Laptop,Mobile App,7,900,0.11,5607.0,3527.7,2079.3,36,3.0,5,No
1903,2026-01-17 03:51:55.038346116,HR,Central,Male,High School,Part-time,39,11,57500,36.1,49.0,3.2,4,0,Headphones,Store,3,120,0.04,345.6,183.04,162.56,36,2.8,6,No
1904,2026-01-17 08:40:29.609869960,Operations,West,Female,PhD,Part-time,46,18,126000,38.5,68.3,3.8,5,5,Keyboard,Mobile App,14,60,0.19,680.4,441.9,238.5,36,4.4,1,No
1905,2026-01-17 13:29:04.181393800,Customer Support,South,Male,,Full-time,20,0,29700,38.3,74.9,3.9,6,2,Monitor,Email,14,250,0.23,2695.0,2026.83,668.17,58,2.6,4,No
1906,2026-01-17 18:17:38.752917640,Customer Support,North,Male,Master,Full-time,29,8,65800,47.9,64.7,3.2,0,4,Keyboard,Phone,9,60,0.23,415.8,279.06,136.74,44,3.7,2,No
1907,2026-01-17 23:06:13.324441484,Operations,South,Female,Bachelor,Part-time,38,20,111900,40.8,71.2,1.2,1,2,Laptop,Website,3,900,0.15,2295.0,1633.67,661.33,41,3.6,5,No
1908,2026-01-18 03:54:47.895965324,Finance,South,Female,Master,Contract,41,15,99900,51.3,75.1,2.8,1,0,Smartphone,Email,6,700,0.12,3696.0,2631.27,1064.73,35,4.3,7,No
1909,2026-01-18 08:43:22.467489164,Operations,North,Male,PhD,Full-time,54,33,161100,37.9,65.0,2.5,1,0,Tablet,Store,4,500,0.04,1920.0,1384.91,535.09,59,3.5,3,Yes
1910,2026-01-18 13:31:57.039013004,IT,North,Male,Bachelor,Full-time,43,21,116400,37.9,68.6,3.5,2,5,Smartphone,Email,9,700,0.2,5040.0,3206.85,1833.15,48,4.3,5,No
1911,2026-01-18 18:20:31.610536848,Marketing,Central,Female,Bachelor,Part-time,33,9,58700,45.8,62.5,4.4,2,1,Headphones,Store,1,120,0.24,91.2,57.55,33.65,50,3.3,2,No
1912,2026-01-18 23:09:06.182060688,Sales,Central,Male,Bachelor,Full-time,26,7,72000,27.4,59.8,3.9,9,4,Headphones,Store,9,120,0.22,842.4,439.21,403.19,41,3.1,4,No
1913,2026-01-19 03:57:40.753584528,Customer Support,North,Female,PhD,Full-time,29,4,74900,43.9,88.0,3.1,3,5,Keyboard,Store,12,60,0.19,583.2,330.25,252.95,50,4.0,3,No
1914,2026-01-19 08:46:15.325108372,HR,East,Female,Bachelor,Full-time,29,1,30900,39.5,53.4,3.7,1,0,Tablet,Mobile App,4,500,0.0,2000.0,1610.49,389.51,43,,8,No
1915,2026-01-19 13:34:49.896632212,HR,Central,Female,Bachelor,Full-time,40,21,112400,40.6,83.1,3.5,1,0,Keyboard,Phone,10,60,0.1,540.0,417.27,122.73,34,4.2,2,Yes
1916,2026-01-19 18:23:24.468156052,Finance,East,Female,Bachelor,Full-time,36,8,68500,38.3,54.3,3.9,4,5,Monitor,Email,5,250,0.1,1125.0,677.85,447.15,42,5.0,4,No
1917,2026-01-19 23:11:59.039679896,HR,North,Female,Bachelor,Contract,22,0,48100,42.9,91.6,4.0,2,0,Mouse,Phone,11,35,0.22,300.3,192.3,108.0,63,4.9,7,No
1918,2026-01-20 04:00:33.611203736,IT,Central,Female,High School,Full-time,30,8,92300,30.8,79.5,4.5,3,1,Tablet,Website,13,500,0.02,6370.0,5108.59,1261.41,40,4.3,1,No
1919,2026-01-20 08:49:08.182727576,Customer Support,South,Male,Bachelor,Full-time,42,23,120100,36.3,67.1,3.4,2,4,Mouse,Email,1,35,0.13,30.45,18.12,12.33,53,4.6,5,No
1920,2026-01-20 13:37:42.754251420,Operations,North,Female,Master,Full-time,37,18,103400,49.8,84.3,2.1,3,2,Smartphone,Phone,14,700,0.03,9506.0,6461.8,3044.2,52,4.2,4,No
1921,2026-01-20 18:26:17.325775260,IT,West,Male,Bachelor,Full-time,39,18,100600,40.3,86.1,,4,1,Monitor,Phone,1,250,0.17,207.5,109.27,98.23,45,4.8,3,No
1922,2026-01-20 23:14:51.897299100,Finance,East,Female,,Full-time,37,16,101200,34.1,79.5,3.5,3,4,Mouse,Website,6,35,0.2,168.0,118.59,49.41,58,4.3,6,No
1923,2026-01-21 04:03:26.468822944,IT,North,Female,Bachelor,Full-time,49,24,130600,40.3,78.2,3.3,2,0,Laptop,Store,10,900,0.16,7560.0,6040.61,1519.39,18,3.6,7,No
1924,2026-01-21 08:52:01.040346784,Operations,North,Female,Bachelor,Part-time,36,13,70500,43.7,74.9,4.1,6,1,Smartphone,Email,13,700,0.2,7280.0,5717.88,1562.12,18,3.5,5,No
1925,2026-01-21 13:40:35.611870624,Marketing,Central,Male,Master,Part-time,31,4,57700,40.5,90.4,4.3,2,3,Mouse,Email,1,35,0.15,29.75,19.95,9.8,59,4.8,3,No
1926,2026-01-21 18:29:10.183394468,Finance,Central,Female,Bachelor,Full-time,26,1,65500,39.4,71.7,3.5,2,3,Monitor,Website,13,250,0.05,3087.5,2207.23,880.27,30,3.9,1,No
1927,2026-01-21 23:17:44.754918308,Marketing,Central,Female,High School,Full-time,36,12,80300,37.0,73.6,2.5,4,0,Mouse,Store,2,35,0.1,63.0,43.53,19.47,39,5.0,4,No
1928,2026-01-22 04:06:19.326442148,Sales,West,Female,High School,Full-time,18,0,25000,33.7,83.2,3.9,6,4,Headphones,Email,13,120,0.24,1185.6,640.33,545.27,59,3.2,4,No
1929,2026-01-22 08:54:53.897965992,Marketing,Central,Female,Master,Full-time,32,11,81300,30.6,67.9,3.7,8,4,Keyboard,Email,14,60,0.07,781.2,443.42,337.78,40,4.9,4,Yes
1930,2026-01-22 13:43:28.469489832,Sales,North,Male,PhD,Full-time,32,13,102900,35.8,86.3,4.0,2,1,Laptop,Email,3,900,0.02,2646.0,2141.0,505.0,58,3.7,3,Yes
1931,2026-01-22 18:32:03.041013672,Sales,Central,Male,Bachelor,Part-time,22,0,41400,46.6,83.6,2.9,0,3,Headphones,Store,7,120,0.1,756.0,451.17,304.83,33,4.3,3,No
1932,2026-01-22 23:20:37.612537516,Marketing,South,Female,,Full-time,26,7,40800,37.9,100.0,5.0,4,4,Headphones,Website,2,120,0.09,218.4,138.76,79.64,45,3.1,4,No
1933,2026-01-23 04:09:12.184061356,Finance,Central,Female,Bachelor,Contract,41,23,122400,39.2,70.4,2.1,3,1,Monitor,Email,5,250,0.12,1100.0,739.95,360.05,39,2.7,2,No
1934,2026-01-23 08:57:46.755585196,Operations,West,Male,Master,Full-time,36,11,85800,32.4,79.8,3.6,1,1,Keyboard,Phone,9,60,0.14,464.4,377.9,86.5,56,5.0,6,No
1935,2026-01-23 13:46:21.327109036,IT,South,Female,Bachelor,Contract,35,8,74300,40.0,78.1,4.1,1,3,Keyboard,Store,12,60,0.25,540.0,392.58,147.42,35,,2,Yes
1936,2026-01-23 18:34:55.898632880,IT,North,Male,PhD,Full-time,37,11,86100,38.0,82.5,4.2,2,0,Tablet,Mobile App,12,500,0.19,4860.0,3445.15,1414.85,26,4.7,4,No
1937,2026-01-23 23:23:30.470156720,Operations,North,Male,Master,Full-time,35,17,103100,38.3,71.1,3.5,3,1,Smartphone,Website,10,700,0.01,6930.0,4693.83,2236.17,32,3.5,3,No
1938,2026-01-24 04:12:05.041680560,Customer Support,East,Male,Master,Full-time,45,21,120600,37.0,78.0,4.0,5,0,Laptop,Phone,8,900,0.18,5904.0,4311.11,1592.89,33,4.7,5,No
1939,2026-01-24 09:00:39.613204404,Customer Support,South,Male,Bachelor,Part-time,35,16,83900,37.1,73.9,4.2,7,3,Smartphone,Email,12,700,0.21,6636.0,4772.64,1863.36,30,3.7,5,No
1940,2026-01-24 13:49:14.184728244,Sales,East,Male,,Full-time,21,0,32800,38.8,83.2,3.6,6,1,Monitor,Mobile App,8,250,0.22,1560.0,1233.73,326.27,30,3.2,5,No
1941,2026-01-24 18:37:48.756252084,Sales,South,Male,Master,Part-time,49,21,130100,39.8,47.0,3.7,4,2,Laptop,Website,11,900,0.11,8811.0,6013.95,2797.05,51,4.5,2,No
1942,2026-01-24 23:26:23.327775928,Finance,South,Male,Bachelor,Full-time,37,15,93700,28.7,68.9,4.0,2,3,Tablet,Store,2,500,0.08,920.0,594.73,325.27,55,4.7,4,No
1943,2026-01-25 04:14:57.899299768,HR,West,Female,Bachelor,Full-time,29,11,74500,31.6,99.6,3.5,7,3,Mouse,Mobile App,1,35,0.21,27.65,21.07,6.58,43,4.4,7,No
1944,2026-01-25 09:03:32.470823608,Marketing,East,Male,High School,Full-time,23,4,28200,37.4,92.0,4.6,3,2,Headphones,Mobile App,9,120,0.19,874.8,664.79,210.01,30,3.9,3,No
1945,2026-01-25 13:52:07.042347452,Sales,West,Female,Bachelor,Part-time,38,19,94000,44.6,75.9,4.3,3,3,Laptop,Phone,10,900,0.13,7830.0,4470.55,3359.45,31,2.8,6,No
1946,2026-01-25 18:40:41.613871292,IT,South,Female,Bachelor,Full-time,33,6,88700,32.9,79.7,3.3,3,2,Smartphone,Website,12,700,0.03,8148.0,4815.77,3332.23,18,3.3,4,No
1947,2026-01-25 23:29:16.185395132,Finance,North,Female,Bachelor,Part-time,48,21,131400,42.9,78.8,2.9,2,2,Headphones,Phone,4,120,0.16,403.2,325.62,77.58,43,,3,No
1948,2026-01-26 04:17:50.756918976,Marketing,South,Male,High School,Full-time,31,8,63300,48.3,80.2,4.1,4,3,Monitor,Phone,9,250,0.02,2205.0,1440.38,764.62,30,3.8,4,No
1949,2026-01-26 09:06:25.328442816,Finance,West,Male,Bachelor,Full-time,26,0,25000,38.7,60.6,3.6,4,2,Smartphone,Email,11,700,0.03,7469.0,5048.28,2420.72,56,4.8,2,No
1950,2026-01-26 13:54:59.899966656,Marketing,East,Male,High School,Full-time,42,24,103000,37.8,63.3,3.0,5,2,Mouse,Store,14,35,0.08,450.8,276.36,174.44,21,3.9,6,No
1951,2026-01-26 18:43:34.471490500,Marketing,East,Female,Master,Full-time,42,14,79800,42.7,63.5,3.1,3,3,Monitor,Mobile App,12,250,0.09,2730.0,1813.6,916.4,31,2.5,2,No
1952,2026-01-26 23:32:09.043014340,Operations,West,Female,Bachelor,Full-time,36,15,78100,40.5,66.2,4.0,4,2,Mouse,Website,11,35,0.12,338.8,251.73,87.07,37,2.2,5,Yes
1953,2026-01-27 04:20:43.614538180,Sales,East,Female,Master,Full-time,40,13,86000,36.9,92.5,3.1,3,0,Mouse,Store,7,35,0.08,225.4,149.82,75.58,44,3.5,6,No
1954,2026-01-27 09:09:18.186062024,Finance,Central,Female,Master,Full-time,34,6,78000,41.4,56.8,4.7,4,3,Headphones,Store,12,120,0.01,1425.6,875.94,549.66,60,3.6,5,No
1955,2026-01-27 13:57:52.757585864,Finance,North,Male,Master,Contract,36,14,93300,36.6,97.5,2.7,3,3,Monitor,Website,6,250,0.04,1440.0,790.27,649.73,22,4.2,3,No
1956,2026-01-27 18:46:27.329109704,Operations,North,Female,Master,Full-time,44,25,129700,46.9,77.3,3.1,5,0,Monitor,Store,10,250,0.03,2425.0,1936.31,488.69,34,3.0,4,No
1957,2026-01-27 23:35:01.900633548,IT,North,Male,Bachelor,Full-time,40,21,118700,38.9,56.8,,1,4,Laptop,Email,13,900,0.11,10413.0,8137.73,2275.27,21,3.0,3,No
1958,2026-01-28 04:23:36.472157388,IT,East,Female,High School,Contract,32,8,79100,42.1,64.6,2.5,0,5,Smartphone,Store,9,700,0.05,5985.0,4533.1,1451.9,47,4.3,4,No
1959,2026-01-28 09:12:11.043681228,Customer Support,East,Male,Master,Full-time,46,22,125000,48.3,77.7,2.9,0,1,Monitor,Email,10,250,0.07,2325.0,1693.11,631.89,30,4.9,3,No
1960,2026-01-28 14:00:45.615205068,Sales,South,Female,Bachelor,Full-time,18,0,38500,39.1,55.2,3.1,3,2,Laptop,Mobile App,4,900,0.12,3168.0,2137.3,1030.7,37,2.6,2,No
1961,2026-01-28 18:49:20.186728912,Sales,South,Male,Bachelor,Full-time,52,34,167500,36.2,67.5,3.2,5,5,Keyboard,Mobile App,14,60,0.06,789.6,623.17,166.43,36,3.5,5,No
1962,2026-01-28 23:37:54.758252752,HR,North,Female,Bachelor,Full-time,19,0,31600,37.1,57.2,1.8,4,2,Keyboard,Phone,1,60,0.06,56.4,42.72,13.68,39,4.8,6,No
1963,2026-01-29 04:26:29.329776592,Operations,Central,Male,Master,Full-time,28,2,67700,40.0,80.3,2.5,5,5,Keyboard,Email,5,60,0.21,237.0,181.26,55.74,36,4.7,6,No
1964,2026-01-29 09:15:03.901300436,IT,South,Male,Bachelor,Full-time,34,7,67000,39.3,57.4,3.6,4,1,Tablet,Mobile App,13,500,0.14,5590.0,3425.92,2164.08,26,,4,No
1965,2026-01-29 14:03:38.472824276,Marketing,South,Male,Bachelor,Full-time,33,15,70800,39.1,52.4,2.9,2,2,Monitor,Store,6,250,0.21,1185.0,766.74,418.26,39,4.8,7,No
1966,2026-01-29 18:52:13.044348116,Finance,East,Female,PhD,Full-time,43,24,132600,41.7,91.0,4.3,0,5,Tablet,Website,6,500,0.13,2610.0,1910.63,699.37,28,4.0,3,No
1967,2026-01-29 23:40:47.615871960,Sales,Central,Male,Master,Full-time,24,0,31800,40.6,68.0,3.3,1,2,Smartphone,Website,12,700,0.23,6468.0,4083.37,2384.63,48,,7,No
1968,2026-01-30 04:29:22.187395800,Finance,North,Male,High School,Full-time,36,12,73300,37.7,66.9,4.0,2,0,Monitor,Email,1,250,0.06,235.0,157.03,77.97,39,3.5,6,No
1969,2026-01-30 09:17:56.758919640,Finance,South,Male,Master,Full-time,29,3,70700,40.1,78.1,3.2,6,0,Laptop,Phone,7,900,0.15,5355.0,3823.22,1531.78,26,4.2,4,No
1970,2026-01-30 14:06:31.330443484,HR,Central,Male,Bachelor,Full-time,37,10,66000,36.6,71.6,,5,5,Tablet,Store,8,500,0.13,3480.0,2266.62,1213.38,67,3.2,4,No
1971,2026-01-30 18:55:05.901967324,IT,Central,Male,Master,Full-time,33,12,84800,37.6,61.3,1.6,3,0,Tablet,Email,12,500,0.23,4620.0,3501.55,1118.45,58,3.6,6,No
1972,2026-01-30 23:43:40.473491164,Sales,North,Female,Bachelor,Contract,35,14,72900,28.3,64.1,3.6,2,0,Smartphone,Website,5,700,0.1,3150.0,1747.88,1402.12,67,3.8,5,No
1973,2026-01-31 04:32:15.045015008,Finance,Central,Male,Bachelor,Full-time,29,5,60000,35.8,81.3,4.7,3,3,Tablet,Email,2,500,0.21,790.0,580.98,209.02,34,4.1,5,No
1974,2026-01-31 09:20:49.616538848,Sales,Central,Female,Master,Part-time,29,11,96200,44.1,59.5,2.3,4,2,Mouse,Store,2,35,0.14,60.2,33.93,26.27,28,5.0,3,No
1975,2026-01-31 14:09:24.188062688,Marketing,Central,Male,Bachelor,Full-time,37,10,73000,43.1,71.5,4.1,2,1,Laptop,Mobile App,11,900,0.18,8118.0,6505.37,1612.63,48,5.0,2,No
1976,2026-01-31 18:57:58.759586532,HR,South,Female,,Full-time,42,16,94500,43.7,93.7,3.8,0,2,Keyboard,Store,5,60,0.22,234.0,143.73,90.27,51,3.7,4,No
1977,2026-01-31 23:46:33.331110372,Marketing,North,Female,Master,Full-time,29,10,81600,42.1,68.1,2.4,1,3,Laptop,Mobile App,7,900,0.25,4725.0,3584.53,1140.47,40,5.0,2,No
1978,2026-02-01 04:35:07.902634212,Sales,Central,Female,Bachelor,Full-time,26,8,51300,37.6,88.0,3.8,1,3,Mouse,Mobile App,7,35,0.18,200.9,135.89,65.01,18,3.2,5,No
1979,2026-02-01 09:23:42.474158056,Customer Support,Central,Female,PhD,Full-time,40,16,111400,33.7,58.9,3.8,8,2,Smartphone,Mobile App,13,700,0.08,8372.0,4582.21,3789.79,26,4.3,1,No
1980,2026-02-01 14:12:17.045681896,Sales,South,Female,Bachelor,Full-time,34,11,65200,38.4,74.4,3.4,1,5,Smartphone,Email,4,700,0.07,2604.0,1809.2,794.8,43,3.5,5,No
1981,2026-02-01 19:00:51.617205736,IT,North,Female,High School,Contract,41,21,112700,24.5,88.2,4.4,4,2,Monitor,Website,11,250,0.08,2530.0,2007.94,522.06,30,3.7,3,No
1982,2026-02-01 23:49:26.188729580,Finance,East,Male,Master,Contract,26,8,71500,45.7,64.6,4.3,4,0,Laptop,Email,14,900,0.02,12348.0,7003.42,5344.58,22,5.0,3,No
1983,2026-02-02 04:38:00.760253420,Finance,South,Male,Bachelor,Full-time,18,0,42100,41.0,96.9,4.2,2,3,Smartphone,Website,3,700,0.01,2079.0,1281.48,797.52,35,3.7,3,Yes
1984,2026-02-02 09:26:35.331777260,Marketing,North,Male,High School,Full-time,29,2,35800,44.3,71.3,4.6,2,2,Tablet,Store,9,500,0.15,3825.0,2492.93,1332.07,18,3.5,1,No
1985,2026-02-02 14:15:09.903301104,HR,Central,Male,Bachelor,Full-time,27,6,52600,37.4,56.9,2.9,4,1,Smartphone,Phone,12,700,0.2,6720.0,4048.91,2671.09,31,3.3,3,No
1986,2026-02-02 19:03:44.474824944,Customer Support,North,Female,PhD,Full-time,33,11,86000,32.0,85.1,3.1,3,1,Smartphone,Store,14,700,0.01,9702.0,7792.0,1910.0,33,3.5,2,No
1987,2026-02-02 23:52:19.046348784,Operations,North,Female,Bachelor,Full-time,28,10,75400,40.9,92.6,3.0,2,0,Smartphone,Email,14,700,0.14,8428.0,5337.03,3090.97,42,3.0,2,No
1988,2026-02-03 04:40:53.617872624,Finance,North,Female,Bachelor,Full-time,41,23,121000,40.9,55.8,3.1,3,0,Smartphone,Email,7,700,0.09,4459.0,3198.97,1260.03,45,4.2,10,No
1989,2026-02-03 09:29:28.189396468,IT,East,Male,Bachelor,Full-time,31,9,77900,39.3,77.7,3.1,5,2,Keyboard,Website,2,60,0.22,93.6,54.96,38.64,43,4.1,1,No
1990,2026-02-03 14:18:02.760920308,Marketing,North,Male,High School,Full-time,35,12,90900,41.4,63.3,3.4,2,1,Keyboard,Email,1,60,0.04,57.6,33.75,23.85,49,4.2,5,No
1991,2026-02-03 19:06:37.332444148,Marketing,East,Female,High School,Full-time,35,13,85900,37.6,58.7,3.2,1,5,Monitor,Mobile App,11,250,0.14,2365.0,1354.57,1010.43,36,4.0,2,No
1992,2026-02-03 23:55:11.903967992,Operations,Central,Male,Master,Full-time,36,17,100000,41.0,60.5,2.6,4,3,Smartphone,Email,2,700,0.24,1064.0,692.07,371.93,21,3.6,2,No
1993,2026-02-04 04:43:46.475491832,IT,East,Female,PhD,Contract,34,8,94000,42.3,74.7,4.1,0,4,Laptop,Website,13,900,0.09,10647.0,7238.44,3408.56,39,3.5,1,No
1994,2026-02-04 09:32:21.047015672,HR,Central,Female,High School,Contract,39,17,89800,48.4,88.8,2.8,1,1,Mouse,Website,12,35,0.19,340.2,178.0,162.2,27,4.1,6,No
1995,2026-02-04 14:20:55.618539516,IT,Central,Male,Bachelor,Full-time,27,0,48700,43.8,71.2,4.8,3,3,Monitor,Mobile App,3,250,0.22,585.0,450.38,134.62,22,4.0,6,No
1996,2026-02-04 19:09:30.190063356,HR,East,Female,PhD,Full-time,47,19,118300,33.8,77.5,4.1,2,1,Laptop,Website,5,900,0.05,4275.0,2880.61,1394.39,45,3.6,3,No
1997,2026-02-04 23:58:04.761587196,IT,South,Male,High School,Full-time,32,10,78800,38.1,64.8,2.6,5,2,Smartphone,Phone,14,700,0.25,7350.0,4168.65,3181.35,21,3.8,6,No
1998,2026-02-05 04:46:39.333111040,IT,West,Male,High School,Full-time,22,0,40700,35.7,70.4,3.5,4,4,Headphones,Store,3,120,0.2,288.0,155.57,132.43,46,5.0,2,Yes
1999,2026-02-05 09:35:13.904634880,Sales,North,Male,Master,Full-time,36,10,73500,46.9,60.7,2.4,4,4,Smartphone,Email,10,700,0.03,6790.0,3659.54,3130.46,22,5.0,3,No
2000,2026-02-05 14:23:48.476158720,Marketing,West,Male,Master,Full-time,26,6,60500,37.5,48.5,4.5,3,2,Keyboard,Phone,9,60,0.08,496.8,296.74,200.06,35,3.8,5,No
2001,2026-02-05 19:12:23.047682564,IT,North,Female,High School,Full-time,40,18,90400,38.7,65.3,3.5,5,2,Mouse,Email,10,35,0.16,294.0,196.92,97.08,31,3.5,2,No
2002,2026-02-06 00:00:57.619206404,Operations,North,Female,Bachelor,Full-time,54,32,156300,39.4,86.7,3.5,2,0,Tablet,Phone,4,500,0.22,1560.0,1213.79,346.21,52,4.0,3,No
2003,2026-02-06 04:49:32.190730244,IT,Central,Female,High School,Full-time,27,8,75300,42.0,39.6,3.7,5,3,Mouse,Email,7,35,0.05,232.75,184.08,48.67,45,4.8,4,No
2004,2026-02-06 09:38:06.762254088,Finance,North,Female,Bachelor,Full-time,37,9,92600,34.1,86.3,3.4,6,5,Tablet,Mobile App,4,500,0.18,1640.0,1262.31,377.69,28,4.0,4,No
2005,2026-02-06 14:26:41.333777928,Marketing,North,Male,Master,Full-time,18,0,32200,39.9,76.3,,5,3,Mouse,Website,3,35,0.07,97.65,60.4,37.25,36,4.2,2,No
2006,2026-02-06 19:15:15.905301768,Finance,East,Male,Bachelor,Contract,38,10,74400,44.7,70.2,3.4,2,0,Keyboard,Website,10,60,0.2,480.0,293.74,186.26,54,3.5,8,Yes
2007,2026-02-07 00:03:50.476825612,Marketing,West,Female,Bachelor,Full-time,26,0,46500,38.4,65.2,4.5,3,3,Tablet,Mobile App,1,500,0.17,415.0,338.74,76.26,56,3.2,2,No
2008,2026-02-07 04:52:25.048349452,Finance,East,Male,Bachelor,Full-time,28,9,77700,49.1,78.2,3.1,6,4,Laptop,Phone,14,900,0.13,10962.0,7940.7,3021.3,22,4.5,6,No
2009,2026-02-07 09:40:59.619873292,IT,North,Male,,Part-time,24,2,64700,35.6,90.2,4.6,5,1,Tablet,Store,12,500,0.16,5040.0,3081.89,1958.11,54,4.1,5,No
2010,2026-02-07 14:29:34.191397136,IT,Central,Female,High School,Full-time,41,14,105300,37.5,75.4,3.1,1,4,Monitor,Phone,9,250,0.22,1755.0,1085.86,669.14,53,4.5,2,No
2011,2026-02-07 19:18:08.762920976,Sales,East,Female,Master,Full-time,43,24,106100,43.9,69.3,3.6,2,0,Laptop,Website,13,900,0.1,10530.0,6848.64,3681.36,40,2.8,5,No
2012,2026-02-08 00:06:43.334444816,Operations,East,Male,Bachelor,Full-time,34,7,64800,40.2,100.0,5.0,4,3,Monitor,Store,11,250,0.19,2227.5,1573.82,653.68,37,5.0,2,No
2013,2026-02-08 04:55:17.905968656,Finance,South,Female,Bachelor,Part-time,26,0,45400,38.9,73.1,4.0,5,3,Smartphone,Email,1,700,0.04,672.0,530.47,141.53,31,4.2,4,No
2014,2026-02-08 09:43:52.477492500,HR,North,Male,Bachelor,Full-time,48,21,108300,34.4,50.7,3.8,2,1,Mouse,Store,11,35,0.18,315.7,182.95,132.75,23,2.7,6,No
2015,2026-02-08 14:32:27.049016340,Sales,Central,Male,Master,Full-time,27,4,54100,37.1,76.3,4.0,7,5,Laptop,Phone,13,900,0.19,9477.0,5168.01,4308.99,42,4.7,3,No
2016,2026-02-08 19:21:01.620540180,Finance,East,Female,Bachelor,Full-time,18,0,57100,49.2,64.4,4.3,1,1,Mouse,Mobile App,1,35,0.11,31.15,19.99,11.16,36,3.7,5,No
2017,2026-02-09 00:09:36.192064024,Finance,East,Female,Bachelor,Contract,38,12,84800,41.6,67.4,2.8,1,1,Smartphone,Email,1,700,0.2,560.0,332.44,227.56,43,4.0,3,No
2018,2026-02-09 04:58:10.763587864,Sales,Central,Female,Bachelor,Full-time,24,0,25000,42.9,88.6,3.9,2,4,Headphones,Phone,14,120,0.14,1444.8,1000.97,443.83,44,3.7,4,No
2019,2026-02-09 09:46:45.335111704,IT,North,Male,Bachelor,Full-time,43,21,117500,36.9,83.4,3.7,3,0,Mouse,Email,5,35,,134.75,98.34,36.41,68,3.9,4,No
2020,2026-02-09 14:35:19.906635548,Finance,South,Female,Master,Full-time,31,9,100100,41.0,49.1,1.8,2,0,Smartphone,Store,7,700,0.03,4753.0,2914.64,1838.36,52,4.0,3,No
2021,2026-02-09 19:23:54.478159388,IT,East,Female,Bachelor,Full-time,39,16,93900,38.6,49.5,3.7,4,0,Mouse,Website,7,35,0.03,237.65,172.45,65.2,45,2.8,1,No
2022,2026-02-10 00:12:29.049683228,Sales,South,Female,Master,Full-time,47,29,156500,33.8,73.8,2.7,1,4,Smartphone,Phone,10,700,0.21,5530.0,3444.88,2085.12,18,4.6,6,No
2023,2026-02-10 05:01:03.621207072,IT,West,Female,Master,Part-time,23,0,64400,36.3,84.6,3.6,3,2,Monitor,Mobile App,1,250,0.21,197.5,140.32,57.18,43,4.1,8,No
2024,2026-02-10 09:49:38.192730912,Marketing,North,Male,PhD,Full-time,29,4,64700,37.4,42.8,4.3,2,3,Smartphone,Store,6,700,0.12,3696.0,2623.86,1072.14,57,4.3,4,No
2025,2026-02-10 14:38:12.764254752,HR,West,Female,Bachelor,Full-time,33,14,85700,50.5,84.7,2.8,1,4,Tablet,Phone,9,500,0.24,3420.0,2063.79,1356.21,33,4.6,3,No
2026,2026-02-10 19:26:47.335778596,Customer Support,West,Male,High School,Full-time,48,25,114900,49.4,100.0,3.4,5,0,Headphones,Mobile App,6,120,0.17,597.6,424.72,172.88,64,4.1,4,No
2027,2026-02-11 00:15:21.907302436,Finance,West,Female,Bachelor,Full-time,28,2,45300,31.6,87.4,3.2,3,4,Mouse,Phone,4,35,0.25,105.0,66.6,38.4,45,4.2,6,No
2028,2026-02-11 05:03:56.478826276,Operations,North,Female,High School,Full-time,29,9,58500,35.9,61.7,4.4,3,4,Smartphone,Store,10,700,0.13,6090.0,3781.5,2308.5,42,3.0,7,No
2029,2026-02-11 09:52:31.050350120,HR,North,Female,Master,Full-time,38,19,121300,39.1,80.3,3.1,2,5,Smartphone,Phone,9,700,0.05,5985.0,3631.62,2353.38,26,3.4,6,No
2030,2026-02-11 14:41:05.621873960,Customer Support,Central,Male,Master,Full-time,29,2,45400,40.1,75.0,3.7,1,2,Mouse,Email,13,35,0.11,404.95,252.56,152.39,56,4.1,5,No
2031,2026-02-11 19:29:40.193397800,IT,South,Female,Master,Full-time,35,13,93600,39.3,95.2,4.0,0,5,Headphones,Store,3,120,0.25,270.0,204.13,65.87,28,4.1,5,No
2032,2026-02-12 00:18:14.764921644,Finance,South,Female,Bachelor,Full-time,20,0,47900,49.2,86.8,4.1,4,1,Headphones,Phone,13,120,0.09,1419.6,842.61,576.99,31,4.3,4,No
2033,2026-02-12 05:06:49.336445484,IT,Central,Female,High School,Full-time,54,28,144800,37.6,60.3,2.7,2,5,Smartphone,Website,10,700,0.24,5320.0,3854.85,1465.15,18,5.0,2,No
2034,2026-02-12 09:55:23.907969324,Marketing,Central,Male,Bachelor,Full-time,22,0,25000,49.1,79.6,3.3,6,5,Laptop,Phone,4,900,0.2,2880.0,2275.74,604.26,49,3.9,3,No
2035,2026-02-12 14:43:58.479493168,Sales,West,Female,Master,Full-time,31,6,59200,44.8,61.3,4.8,5,0,Monitor,Email,4,250,0.11,890.0,556.36,333.64,45,4.3,3,No
2036,2026-02-12 19:32:33.051017008,Finance,Central,Female,Bachelor,Full-time,34,9,59200,39.7,85.5,3.5,1,4,Headphones,Mobile App,4,120,0.14,412.8,218.31,194.49,38,4.0,5,No
2037,2026-02-13 00:21:07.622540848,Customer Support,East,Male,High School,Full-time,51,27,145500,36.8,68.7,4.3,2,1,Headphones,Mobile App,6,120,0.15,612.0,322.76,289.24,47,3.8,1,No
2038,2026-02-13 05:09:42.194064688,Customer Support,South,Male,Bachelor,Part-time,22,0,29700,36.7,71.5,5.0,5,3,Keyboard,Mobile App,13,60,0.17,647.4,363.74,283.66,46,3.9,5,No
2039,2026-02-13 09:58:16.765588532,Marketing,Central,Male,PhD,Full-time,52,33,162400,49.7,74.2,3.4,4,3,Tablet,Website,11,500,0.02,5390.0,2980.74,2409.26,34,3.5,1,No
2040,2026-02-13 14:46:51.337112372,Marketing,East,Male,Master,Contract,41,14,87500,43.6,64.8,4.2,3,3,Headphones,Email,11,120,0.23,1016.4,756.63,259.77,29,3.9,5,No
2041,2026-02-13 19:35:25.908636212,Finance,East,Female,Master,Full-time,38,11,81700,41.5,73.4,4.3,1,4,Monitor,Store,7,250,0.15,1487.5,905.08,582.42,18,3.8,6,No
2042,2026-02-14 00:24:00.480160056,IT,East,Female,Master,Full-time,25,3,63900,29.0,78.0,2.4,6,4,Tablet,Mobile App,14,500,0.23,5390.0,3857.91,1532.09,36,3.9,6,No
2043,2026-02-14 05:12:35.051683896,Operations,East,Male,Bachelor,Full-time,39,15,101600,37.5,68.3,3.8,2,2,Tablet,Email,9,500,0.16,3780.0,2013.74,1766.26,22,2.8,2,No
2044,2026-02-14 10:01:09.623207736,Customer Support,West,Male,High School,Full-time,27,3,39400,38.2,74.9,4.7,3,0,Mouse,Phone,14,35,0.11,436.1,265.46,170.64,40,3.9,5,Yes
2045,2026-02-14 14:49:44.194731580,Customer Support,East,Male,Bachelor,Full-time,45,17,80000,41.1,62.3,2.2,1,1,Mouse,Website,11,35,0.14,331.1,195.43,135.67,36,3.4,5,No
2046,2026-02-14 19:38:18.766255420,Marketing,West,Male,Bachelor,Full-time,25,6,46700,39.3,56.0,3.4,1,5,Mouse,Email,3,35,0.21,82.95,50.02,32.93,33,4.0,7,No
2047,2026-02-15 00:26:53.337779260,HR,West,Female,Master,Full-time,33,9,75100,38.1,71.6,3.6,1,3,Mouse,Email,8,35,0.08,257.6,148.69,108.91,51,3.2,5,No
2048,2026-02-15 05:15:27.909303104,Marketing,East,Male,Bachelor,Contract,29,6,49500,41.6,85.2,3.4,3,1,Keyboard,Store,8,60,0.24,364.8,257.32,107.48,26,4.0,6,No
2049,2026-02-15 10:04:02.480826944,Operations,South,Male,High School,Full-time,25,1,34800,44.5,84.8,3.3,2,2,Headphones,Email,1,120,0.12,105.6,75.91,29.69,18,3.8,3,No
2050,2026-02-15 14:52:37.052350784,IT,East,Female,Bachelor,Full-time,41,13,117300,37.0,84.0,2.6,4,3,Mouse,Store,5,35,0.24,133.0,75.08,57.92,35,3.6,2,No
2051,2026-02-15 19:41:11.623874628,IT,East,Female,High School,Contract,39,14,82900,35.0,85.1,3.8,1,1,Smartphone,Website,13,700,0.22,7098.0,5269.16,1828.84,29,4.2,6,No
2052,2026-02-16 00:29:46.195398468,HR,East,Male,Bachelor,Full-time,45,24,106000,37.2,74.4,2.9,3,0,Laptop,Website,10,900,0.19,7290.0,4337.65,2952.35,39,4.3,6,No
2053,2026-02-16 05:18:20.766922308,Customer Support,South,Male,Bachelor,Contract,18,0,26300,35.2,64.9,2.9,3,0,Mouse,Phone,5,35,0.12,154.0,93.15,60.85,27,4.0,3,Yes
2054,2026-02-16 10:06:55.338446152,Marketing,North,Male,Bachelor,Full-time,44,19,86300,38.7,68.6,2.0,2,2,Headphones,Store,12,120,0.15,1224.0,940.82,283.18,43,4.4,2,No
2055,2026-02-16 14:55:29.909969992,IT,North,Female,Bachelor,Contract,57,32,171600,50.0,70.4,2.4,5,1,Mouse,Store,8,35,0.21,221.2,174.83,46.37,26,3.7,4,No
2056,2026-02-16 19:44:04.481493832,Operations,West,Female,Bachelor,Contract,30,10,62600,38.3,63.4,4.7,2,2,Keyboard,Mobile App,8,60,0.14,412.8,316.79,96.01,26,4.3,4,No
2057,2026-02-17 00:32:39.053017676,Finance,West,Female,Bachelor,Contract,51,31,142700,34.5,79.7,3.6,4,2,Monitor,Mobile App,12,250,0.18,2460.0,1388.25,1071.75,45,4.0,4,No
2058,2026-02-17 05:21:13.624541516,Sales,South,Male,Bachelor,Full-time,32,10,60000,37.8,64.0,4.1,8,2,Monitor,Phone,2,250,0.2,400.0,327.91,72.09,37,3.3,6,No
2059,2026-02-17 10:09:48.196065356,Sales,Central,Male,Master,Contract,22,2,35800,47.8,48.0,2.8,2,4,Headphones,Website,3,120,0.13,313.2,226.02,87.18,24,3.4,6,No
2060,2026-02-17 14:58:22.767589200,Sales,North,Female,High School,Full-time,31,9,63000,38.6,85.8,1.9,2,0,Smartphone,Mobile App,2,700,0.13,1218.0,819.96,398.04,27,4.8,4,No
2061,2026-02-17 19:46:57.339113040,Customer Support,West,Female,High School,Full-time,43,18,84200,36.0,78.6,3.0,2,4,Monitor,Email,1,250,0.05,237.5,191.53,45.97,34,5.0,2,No
2062,2026-02-18 00:35:31.910636880,Marketing,North,Female,Bachelor,Full-time,26,8,47800,31.3,49.6,2.0,3,5,Monitor,Website,2,250,0.06,470.0,359.65,110.35,24,4.5,3,No
2063,2026-02-18 05:24:06.482160720,HR,South,Male,High School,Full-time,29,10,61700,38.3,63.6,2.9,3,4,Laptop,Email,10,900,0.23,6930.0,5041.73,1888.27,35,,3,No
2064,2026-02-18 10:12:41.053684564,IT,South,Female,Bachelor,Full-time,39,20,121300,32.8,70.7,4.4,7,0,Headphones,Store,6,120,0.21,568.8,438.84,129.96,35,5.0,4,No
2065,2026-02-18 15:01:15.625208404,Finance,Central,Female,PhD,Full-time,34,13,101500,41.1,72.0,3.4,1,2,Smartphone,Website,12,700,0.0,8400.0,5339.38,3060.62,27,4.4,3,Yes
2066,2026-02-18 19:49:50.196732244,Operations,Central,Female,Master,Contract,39,13,95900,37.9,99.4,4.7,2,1,Headphones,Phone,1,120,0.22,93.6,67.89,25.71,46,4.2,4,No
2067,2026-02-19 00:38:24.768256088,Finance,South,Male,Bachelor,Full-time,36,17,117800,29.5,59.5,4.0,3,2,Monitor,Store,6,250,0.01,1485.0,857.1,627.9,26,5.0,4,No
2068,2026-02-19 05:26:59.339779928,Operations,West,Female,Bachelor,Contract,38,10,80300,48.3,58.7,4.4,5,2,Monitor,Store,1,250,0.11,222.5,181.65,40.85,53,3.4,3,No
2069,2026-02-19 10:15:33.911303768,Customer Support,North,Male,High School,Part-time,30,4,43900,50.7,88.5,3.3,4,4,Monitor,Email,2,250,0.02,490.0,341.38,148.62,35,4.5,5,No
2070,2026-02-19 15:04:08.482827612,Marketing,East,Male,Bachelor,Part-time,36,12,85300,41.3,69.6,2.4,2,1,Tablet,Store,8,500,0.24,3040.0,2323.38,716.62,30,3.4,8,No
2071,2026-02-19 19:52:43.054351452,Sales,Central,Male,Bachelor,Full-time,26,0,57000,47.7,87.3,2.7,5,0,Keyboard,Mobile App,14,60,0.24,638.4,409.98,228.42,44,3.6,4,No
2072,2026-02-20 00:41:17.625875292,Marketing,East,Female,PhD,Full-time,46,21,113500,41.1,68.5,4.5,6,3,Mouse,Website,6,35,0.15,178.5,133.44,45.06,38,5.0,3,No
2073,2026-02-20 05:29:52.197399136,Customer Support,West,Male,Bachelor,Full-time,28,10,73700,30.3,87.8,3.6,7,0,Keyboard,Mobile App,9,60,0.1,486.0,309.2,176.8,47,4.4,5,No
2074,2026-02-20 10:18:26.768922976,HR,Central,Female,Bachelor,Full-time,44,22,103000,38.7,68.4,2.4,0,1,Headphones,Email,1,120,0.13,104.4,72.77,31.63,18,5.0,2,No
2075,2026-02-20 15:07:01.340446816,HR,East,Male,PhD,Full-time,32,6,75200,36.8,70.4,4.0,2,0,Laptop,Email,5,900,0.19,3645.0,2746.29,898.71,44,4.4,4,No
2076,2026-02-20 19:55:35.911970660,Customer Support,West,Male,Master,Full-time,36,15,80600,32.5,58.5,2.3,3,4,Mouse,Website,7,35,0.06,230.3,127.8,102.5,32,4.3,3,No
2077,2026-02-21 00:44:10.483494500,Operations,North,Male,PhD,Full-time,30,11,100300,40.0,94.5,3.9,3,1,Laptop,Store,9,900,0.11,7209.0,4520.3,2688.7,38,3.6,2,No
2078,2026-02-21 05:32:45.055018340,IT,West,Female,Bachelor,Full-time,25,2,57500,36.3,62.2,3.3,3,3,Smartphone,Phone,14,700,0.18,8036.0,5492.45,2543.55,37,4.7,2,No
2079,2026-02-21 10:21:19.626542184,IT,Central,Female,Bachelor,Full-time,18,0,61500,40.9,55.4,4.1,5,3,Tablet,Email,11,500,0.1,4950.0,3069.99,1880.01,54,4.0,3,No
2080,2026-02-21 15:09:54.198066024,Operations,South,Female,Master,Full-time,25,5,60100,43.7,93.1,3.3,2,1,Headphones,Website,9,120,0.01,1069.2,655.15,414.05,18,4.1,2,No
2081,2026-02-21 19:58:28.769589864,HR,North,Female,Bachelor,Full-time,31,6,53300,48.5,80.6,4.1,3,0,Tablet,Phone,4,500,0.13,1740.0,1051.83,688.17,57,,7,No
2082,2026-02-22 00:47:03.341113704,HR,East,Male,High School,Full-time,36,16,83400,39.8,92.6,2.3,0,3,Headphones,Store,13,120,0.18,1279.2,752.6,526.6,46,3.9,5,Yes
2083,2026-02-22 05:35:37.912637544,HR,Central,Male,Master,Contract,43,24,148200,34.4,62.7,3.8,3,5,Laptop,Email,4,900,0.24,2736.0,2119.5,616.5,40,4.0,6,No
2084,2026-02-22 10:24:12.484161392,Marketing,South,Male,Bachelor,Full-time,30,7,66200,37.3,79.9,3.1,2,1,Laptop,Website,4,900,0.01,3564.0,2840.89,723.11,21,4.1,1,No
2085,2026-02-22 15:12:47.055685232,HR,West,Male,Master,Full-time,26,6,75100,37.9,90.2,3.8,5,1,Laptop,Website,3,900,0.13,2349.0,1714.89,634.11,18,4.0,3,Yes
2086,2026-02-22 20:01:21.627209072,Finance,South,Male,PhD,Full-time,21,3,77000,51.5,57.1,3.3,5,1,Headphones,Website,8,120,0.11,854.4,451.98,402.42,31,2.9,5,No
2087,2026-02-23 00:49:56.198732912,Sales,Central,Female,,Contract,38,18,114900,39.5,76.2,2.8,4,2,Monitor,Email,5,250,0.06,1175.0,888.15,286.85,46,4.4,7,No
2088,2026-02-23 05:38:30.770256752,HR,Central,Male,High School,Full-time,46,23,97200,42.5,66.1,3.4,2,0,Laptop,Phone,7,900,0.16,5292.0,3596.35,1695.65,38,3.9,2,No
2089,2026-02-23 10:27:05.341780592,Operations,South,Female,Master,Full-time,45,25,127500,45.4,66.9,,1,1,Tablet,Website,10,500,0.04,4800.0,3587.68,1212.32,45,1.7,1,No
2090,2026-02-23 15:15:39.913304440,Sales,West,Female,Master,Full-time,40,14,87400,46.9,61.3,3.0,2,1,Smartphone,Store,6,700,0.07,3906.0,2543.59,1362.41,20,2.9,4,No
2091,2026-02-23 20:04:14.484828280,Marketing,South,Female,PhD,Full-time,40,16,109500,41.0,77.5,3.7,1,2,Mouse,Website,14,35,0.2,392.0,208.69,183.31,39,3.7,3,No
2092,2026-02-24 00:52:49.056352120,Operations,Central,Male,Bachelor,Full-time,49,27,131600,38.3,68.9,3.0,4,4,Headphones,Phone,9,120,0.12,950.4,688.59,261.81,51,4.9,7,No
2093,2026-02-24 05:41:23.627875960,Sales,Central,Female,High School,Full-time,37,18,80500,37.5,60.0,1.9,2,2,Tablet,Email,14,500,0.25,5250.0,3429.5,1820.5,55,4.4,5,No
2094,2026-02-24 10:29:58.199399800,Operations,East,Female,Master,Full-time,40,14,94400,33.6,90.5,3.6,3,1,Keyboard,Website,3,60,0.1,162.0,126.72,35.28,23,3.5,3,Yes
2095,2026-02-24 15:18:32.770923640,Marketing,East,Female,Bachelor,Full-time,31,9,49400,44.4,72.7,5.0,4,0,Smartphone,Website,6,700,0.12,3696.0,2740.37,955.63,34,3.9,3,No
2096,2026-02-24 20:07:07.342447488,Finance,North,Female,Bachelor,Full-time,22,0,50000,53.7,51.6,2.4,4,2,Keyboard,Store,3,60,0.08,165.6,103.98,61.62,34,4.8,4,No
2097,2026-02-25 00:55:41.913971328,Marketing,Central,Male,Bachelor,Full-time,28,2,43900,46.8,63.1,4.3,3,1,Mouse,Store,2,35,0.06,65.8,48.51,17.29,30,3.6,1,No
2098,2026-02-25 05:44:16.485495168,Marketing,East,Male,Bachelor,Part-time,34,13,92700,40.1,52.8,1.6,4,5,Monitor,Website,3,250,0.23,577.5,386.09,191.41,49,3.2,4,No
2099,2026-02-25 10:32:51.057019008,Operations,South,Male,Master,Contract,35,9,78400,33.6,63.9,3.5,3,0,Laptop,Website,2,900,0.19,1458.0,845.4,612.6,72,4.6,3,No
2100,2026-02-25 15:21:25.628542848,Customer Support,West,Female,Bachelor,Contract,51,33,144300,37.2,76.6,2.4,1,2,Headphones,Store,2,120,0.08,220.8,142.63,78.17,25,4.8,5,No
2101,2026-02-25 20:10:00.200066688,IT,South,Female,Master,Full-time,35,12,82800,42.0,80.0,3.8,4,3,Tablet,Phone,10,500,0.18,4100.0,2405.75,1694.25,43,3.6,2,No
2102,2026-02-26 00:58:34.771590528,HR,West,Male,High School,Full-time,45,26,117400,38.3,83.0,3.1,4,0,Laptop,Mobile App,11,900,0.24,7524.0,3923.71,3600.29,42,4.3,5,No
2103,2026-02-26 05:47:09.343114376,HR,East,Male,Bachelor,Contract,30,5,45400,39.4,63.9,3.0,3,5,Tablet,Mobile App,7,500,0.02,3430.0,2037.55,1392.45,42,4.0,5,No
2104,2026-02-26 10:35:43.914638216,Finance,North,Female,Bachelor,Full-time,31,9,77800,41.9,67.4,2.6,2,1,Headphones,Website,10,120,0.07,1116.0,650.47,465.53,54,3.6,4,No
2105,2026-02-26 15:24:18.486162056,Finance,South,Female,Master,Full-time,22,2,53200,41.1,77.7,1.8,0,0,Keyboard,Store,3,60,0.05,171.0,89.14,81.86,42,4.8,7,No
2106,2026-02-26 20:12:53.057685896,HR,South,Male,Bachelor,Full-time,27,8,68400,51.6,83.2,3.3,3,0,Laptop,Email,8,900,0.22,5616.0,4241.08,1374.92,18,3.5,1,No
2107,2026-02-27 01:01:27.629209736,IT,South,Male,Bachelor,Full-time,39,14,109200,51.4,70.2,2.9,2,1,Mouse,Email,13,35,0.04,436.8,237.22,199.58,21,4.5,5,No
2108,2026-02-27 05:50:02.200733576,HR,West,Female,Master,Full-time,34,10,64300,38.5,80.3,3.2,2,3,Monitor,Mobile App,2,250,0.08,460.0,301.17,158.83,25,4.0,4,No
2109,2026-02-27 10:38:36.772257424,Customer Support,East,Male,Master,Full-time,42,16,96000,45.2,64.7,3.2,3,0,Mouse,Phone,11,35,0.14,331.1,213.68,117.42,29,3.9,4,No
2110,2026-02-27 15:27:11.343781264,IT,South,Male,Bachelor,Full-time,36,11,86100,33.0,44.1,2.8,6,1,Monitor,Mobile App,11,250,0.16,2310.0,1326.92,983.08,36,3.6,2,No
2111,2026-02-27 20:15:45.915305104,Finance,South,Female,Bachelor,Part-time,31,3,56300,44.7,83.8,3.6,0,0,Smartphone,Website,7,700,0.2,3920.0,3175.44,744.56,35,3.3,1,No
2112,2026-02-28 01:04:20.486828944,Sales,North,Male,Bachelor,Contract,53,32,155200,42.4,79.3,3.3,3,4,Tablet,Phone,3,500,0.1,1350.0,946.51,403.49,18,3.8,6,No
2113,2026-02-28 05:52:55.058352784,Operations,North,Male,Bachelor,Full-time,33,14,101300,35.5,70.7,4.2,2,3,Laptop,Email,9,900,0.13,7047.0,5384.29,1662.71,19,3.6,6,No
2114,2026-02-28 10:41:29.629876624,Customer Support,East,Female,High School,Full-time,44,25,105500,45.8,74.3,5.0,4,5,Laptop,Store,7,900,0.24,4788.0,3202.42,1585.58,18,4.1,8,No
2115,2026-02-28 15:30:04.201400472,Customer Support,East,Male,Master,Full-time,30,11,64400,34.9,87.0,3.7,5,4,Smartphone,Store,9,700,0.07,5859.0,4317.17,1541.83,19,3.2,8,No
2116,2026-02-28 20:18:38.772924312,Finance,Central,Female,Master,Contract,40,12,93700,39.3,71.9,4.4,1,0,Monitor,Website,2,250,0.06,470.0,381.14,88.86,50,3.9,1,No
2117,2026-03-01 01:07:13.344448152,Finance,North,Male,Bachelor,Full-time,42,19,113500,40.7,35.0,3.6,2,3,Keyboard,Mobile App,6,60,0.18,295.2,184.36,110.84,35,4.3,4,No
2118,2026-03-01 05:55:47.915971992,Marketing,Central,Male,Bachelor,Full-time,36,12,84500,31.6,45.6,3.9,2,1,Headphones,Website,5,120,0.19,486.0,326.24,159.76,27,3.5,5,Yes
2119,2026-03-01 10:44:22.487495832,Customer Support,West,Female,PhD,Full-time,18,0,43200,40.8,89.4,3.2,5,4,Mouse,Store,14,35,0.1,441.0,297.39,143.61,18,4.5,6,No
2120,2026-03-01 15:32:57.059019672,Marketing,Central,Male,Bachelor,Full-time,34,15,74300,35.5,79.7,3.4,2,3,Smartphone,Email,2,700,0.05,1330.0,1087.41,242.59,26,4.6,7,No
2121,2026-03-01 20:21:31.630543520,Marketing,South,Male,Master,Full-time,45,24,138000,37.9,86.8,2.9,4,3,Tablet,Store,4,500,0.19,1620.0,955.69,664.31,45,3.2,2,No
2122,2026-03-02 01:10:06.202067360,Operations,Central,Female,High School,Part-time,39,19,104100,39.5,91.3,4.6,1,0,Smartphone,Phone,4,700,0.17,2324.0,1679.3,644.7,44,3.5,3,Yes
2123,2026-03-02 05:58:40.773591200,Marketing,East,Female,Bachelor,Full-time,38,10,67600,31.5,90.6,4.3,1,5,Mouse,Store,8,35,0.22,218.4,122.62,95.78,35,3.1,7,No
2124,2026-03-02 10:47:15.345115040,IT,West,Male,Master,Full-time,18,0,35700,37.5,53.7,3.7,1,4,Mouse,Store,13,35,0.21,359.45,286.88,72.57,35,4.3,1,No
2125,2026-03-02 15:35:49.916638880,HR,South,Male,Bachelor,Full-time,28,6,50000,39.1,69.4,2.7,2,5,Tablet,Phone,7,500,0.05,3325.0,2317.91,1007.09,18,4.1,2,No
2126,2026-03-02 20:24:24.488162720,Sales,Central,Male,Bachelor,Full-time,38,14,92300,38.2,60.5,3.4,4,1,Tablet,Mobile App,13,500,0.21,5135.0,3994.12,1140.88,29,2.9,5,No
2127,2026-03-03 01:12:59.059686560,Finance,West,Female,Master,Full-time,38,12,95900,35.2,74.1,4.3,7,2,Laptop,Store,5,900,0.04,4320.0,3406.63,913.37,45,3.5,8,No
2128,2026-03-03 06:01:33.631210408,IT,West,Male,Master,Full-time,45,17,102100,33.2,54.4,5.0,4,0,Mouse,Website,9,35,0.22,245.7,168.83,76.87,30,,1,No
2129,2026-03-03 10:50:08.202734248,Sales,South,Male,Master,Full-time,33,14,98600,34.9,72.6,3.6,2,5,Headphones,Store,1,120,0.19,97.2,70.43,26.77,57,4.1,4,Yes
2130,2026-03-03 15:38:42.774258088,Customer Support,Central,Female,Bachelor,Full-time,38,13,77700,30.3,49.6,4.5,4,3,Headphones,Website,4,120,0.14,412.8,301.19,111.61,52,4.8,5,Yes
2131,2026-03-03 20:27:17.345781928,Customer Support,West,Female,Bachelor,Full-time,34,14,93400,35.8,67.5,3.6,3,4,Monitor,Phone,5,250,0.16,1050.0,691.05,358.95,33,3.2,7,Yes
2132,2026-03-04 01:15:51.917305768,Customer Support,West,Female,Master,Full-time,25,0,33700,46.1,91.0,4.5,5,2,Smartphone,Store,8,700,0.03,5432.0,3533.25,1898.75,35,4.0,5,No
2133,2026-03-04 06:04:26.488829608,IT,North,Female,PhD,Full-time,18,0,59400,32.3,63.1,1.8,5,5,Tablet,Phone,3,500,0.01,1485.0,855.15,629.85,65,3.3,1,No
2134,2026-03-04 10:53:01.060353456,IT,West,Male,Master,Contract,38,17,115500,44.5,63.0,2.8,2,3,Laptop,Phone,14,900,0.08,11592.0,7362.94,4229.06,48,4.1,1,No
2135,2026-03-04 15:41:35.631877296,Finance,North,Male,Master,Full-time,36,16,102200,33.3,73.6,3.8,3,4,Headphones,Mobile App,12,120,0.21,1137.6,929.68,207.92,39,3.9,7,No
2136,2026-03-04 20:30:10.203401136,HR,Central,Male,High School,Part-time,28,1,25600,42.5,74.4,2.5,3,4,Keyboard,Store,5,60,0.12,264.0,158.65,105.35,40,4.2,5,No
2137,2026-03-05 01:18:44.774924976,Marketing,Central,Female,Master,Part-time,19,0,59600,53.2,76.1,3.8,3,2,Laptop,Website,3,900,0.06,2538.0,1900.28,637.72,40,3.7,2,No
2138,2026-03-05 06:07:19.346448816,Customer Support,Central,Male,Master,Full-time,40,13,98300,43.0,61.7,3.5,2,3,Laptop,Website,13,900,0.21,9243.0,4970.92,4272.08,38,4.5,5,No
2139,2026-03-05 10:55:53.917972656,Operations,East,Male,Master,Full-time,32,6,57400,39.0,64.2,2.2,5,2,Headphones,Store,7,120,0.06,789.6,521.33,268.27,25,3.5,5,No
2140,2026-03-05 15:44:28.489496504,HR,Central,Male,Bachelor,Full-time,39,15,89500,39.2,72.9,2.1,2,1,Keyboard,Mobile App,10,60,0.2,480.0,258.01,221.99,33,3.3,1,No
2141,2026-03-05 20:33:03.061020344,Operations,West,Female,,Full-time,51,30,136200,44.4,84.8,3.8,2,0,Monitor,Mobile App,3,250,0.11,667.5,442.38,225.12,21,4.2,1,No
2142,2026-03-06 01:21:37.632544184,Finance,South,Male,High School,Part-time,18,0,53300,42.0,62.5,2.6,3,0,Headphones,Mobile App,7,120,0.12,739.2,390.49,348.71,47,5.0,5,No
2143,2026-03-06 06:10:12.204068024,Finance,North,Male,Bachelor,Full-time,28,1,53300,41.3,69.4,3.1,8,1,Keyboard,Website,14,60,0.07,781.2,549.96,231.24,36,2.9,8,No
2144,2026-03-06 10:58:46.775591864,Finance,East,Female,Master,Contract,32,11,97500,37.7,46.8,4.0,5,3,Laptop,Phone,2,900,0.23,1386.0,964.59,421.41,47,3.2,5,No
2145,2026-03-06 15:47:21.347115704,Sales,Central,Male,Master,Full-time,47,27,136200,41.7,66.3,3.4,3,2,Keyboard,Mobile App,7,60,0.02,411.6,312.55,99.05,23,4.2,1,No
2146,2026-03-06 20:35:55.918639552,Operations,Central,Female,Bachelor,Full-time,19,0,48600,31.0,74.6,3.2,2,0,Laptop,Website,9,900,0.04,7776.0,5404.21,2371.79,55,4.8,1,No
2147,2026-03-07 01:24:30.490163392,HR,South,Female,Master,Full-time,51,25,140100,37.0,83.3,2.3,3,1,Smartphone,Website,12,700,0.16,7056.0,5629.28,1426.72,54,4.2,5,No
2148,2026-03-07 06:13:05.061687232,HR,South,Male,Bachelor,Full-time,35,14,82500,48.9,61.8,4.7,1,4,Headphones,Phone,5,120,0.21,474.0,357.84,116.16,19,3.6,5,No
2149,2026-03-07 11:01:39.633211072,IT,East,Female,High School,Full-time,33,7,57200,44.4,74.2,4.1,3,5,Tablet,Store,12,500,0.02,5880.0,3291.61,2588.39,32,4.3,4,No
2150,2026-03-07 15:50:14.204734912,IT,North,Female,High School,Contract,32,5,64400,39.4,75.5,3.0,4,5,Headphones,Store,6,120,0.18,590.4,354.03,236.37,33,4.4,3,No
2151,2026-03-07 20:38:48.776258752,Customer Support,Central,Female,Master,Contract,30,8,66900,34.5,48.7,2.8,2,0,Smartphone,Mobile App,13,700,0.19,7371.0,3890.92,3480.08,21,3.5,6,No
2152,2026-03-08 01:27:23.347782592,IT,East,Male,Bachelor,Full-time,43,19,131200,50.1,55.7,3.1,3,0,Mouse,Mobile App,10,35,0.15,297.5,189.16,108.34,35,4.6,6,No
2153,2026-03-08 06:15:57.919306440,Finance,West,Female,High School,Full-time,24,2,45500,36.9,78.5,2.7,6,1,Mouse,Phone,11,35,0.12,338.8,227.97,110.83,45,4.0,5,No
2154,2026-03-08 11:04:32.490830280,HR,West,Male,Master,Full-time,37,19,109500,35.2,72.8,3.3,2,2,Mouse,Mobile App,3,35,0.08,96.6,77.65,18.95,32,2.8,2,No
2155,2026-03-08 15:53:07.062354120,Operations,East,Male,Bachelor,Full-time,31,12,87300,40.9,73.2,4.4,1,0,Headphones,Phone,13,120,0.09,1419.6,960.62,458.98,18,3.9,6,No
2156,2026-03-08 20:41:41.633877960,Finance,Central,Female,Master,Full-time,27,0,50000,37.3,59.9,4.3,4,2,Monitor,Website,10,250,0.17,2075.0,1565.19,509.81,47,3.6,3,No
2157,2026-03-09 01:30:16.205401800,Sales,East,Female,Master,Full-time,57,35,172700,29.9,53.2,4.3,1,5,Headphones,Mobile App,5,120,0.02,588.0,353.04,234.96,28,4.9,3,No
2158,2026-03-09 06:18:50.776925640,IT,Central,Male,Master,Full-time,38,15,102600,32.8,78.2,2.5,2,1,Smartphone,Website,13,700,0.15,7735.0,4377.6,3357.4,30,3.1,3,No
2159,2026-03-09 11:07:25.348449488,Finance,South,Female,Bachelor,Full-time,40,16,88900,39.0,74.2,2.7,4,4,Smartphone,Email,5,700,0.07,3255.0,2484.38,770.62,58,3.7,4,No
2160,2026-03-09 15:55:59.919973328,Finance,East,Male,Bachelor,Full-time,44,25,122300,34.4,46.8,4.3,1,0,Tablet,Phone,3,500,0.12,1320.0,784.38,535.62,43,4.2,5,No
2161,2026-03-09 20:44:34.491497168,Sales,Central,Male,Master,Full-time,21,0,41000,32.2,70.7,3.9,3,5,Keyboard,Email,8,60,0.14,412.8,322.56,90.24,28,5.0,1,No
2162,2026-03-10 01:33:09.063021008,Marketing,East,Female,Bachelor,Full-time,50,24,121100,32.7,95.2,3.2,3,2,Headphones,Mobile App,6,120,0.22,561.6,320.65,240.95,24,5.0,3,Yes
2163,2026-03-10 06:21:43.634544848,HR,East,Female,High School,Contract,18,0,34500,39.1,79.8,4.1,4,2,Headphones,Website,13,120,0.14,1341.6,1040.38,301.22,50,4.0,3,No
2164,2026-03-10 11:10:18.206068688,Operations,Central,Female,Bachelor,Full-time,27,8,70100,39.4,60.4,3.9,3,5,Laptop,Mobile App,3,900,0.06,2538.0,1908.21,629.79,49,4.2,6,No
2165,2026-03-10 15:58:52.777592536,Customer Support,Central,Female,High School,Full-time,30,11,66600,44.2,74.2,2.3,4,5,Smartphone,Email,1,700,0.02,686.0,482.51,203.49,32,4.4,2,No
2166,2026-03-10 20:47:27.349116376,Marketing,North,Female,PhD,Full-time,39,19,109900,34.0,69.3,1.7,3,3,Laptop,Mobile App,10,900,0.16,7560.0,5859.5,1700.5,23,3.3,3,No
2167,2026-03-11 01:36:01.920640216,IT,East,Female,Master,Full-time,36,18,124300,39.1,93.4,3.5,1,2,Laptop,Store,1,900,0.14,774.0,479.27,294.73,43,4.0,6,No
2168,2026-03-11 06:24:36.492164056,Finance,West,Female,High School,Full-time,32,6,45500,36.6,57.4,1.8,1,5,Headphones,Email,13,120,0.17,1294.8,737.79,557.01,45,4.9,4,No
2169,2026-03-11 11:13:11.063687896,Sales,East,Female,Bachelor,Full-time,34,7,51000,42.8,88.9,4.4,1,5,Monitor,Mobile App,11,250,0.11,2447.5,1388.01,1059.49,34,4.1,7,No
2170,2026-03-11 16:01:45.635211736,Sales,East,Female,PhD,Full-time,25,0,54400,40.1,56.5,3.9,1,5,Keyboard,Website,10,60,0.21,474.0,284.93,189.07,25,5.0,4,No
2171,2026-03-11 20:50:20.206735584,HR,Central,Female,Bachelor,Full-time,21,0,42200,41.7,76.3,3.2,4,2,Keyboard,Mobile App,12,60,0.23,554.4,362.5,191.9,38,3.7,8,No
2172,2026-03-12 01:38:54.778259424,Marketing,East,Male,Master,Part-time,41,19,115100,46.2,80.4,2.5,3,1,Smartphone,Website,2,700,0.01,1386.0,1084.97,301.03,44,3.9,8,No
2173,2026-03-12 06:27:29.349783264,Customer Support,East,Female,Bachelor,Contract,40,16,88100,41.0,87.0,2.8,2,2,Tablet,Store,10,500,0.19,4050.0,2214.79,1835.21,32,3.9,5,No
2174,2026-03-12 11:16:03.921307104,HR,West,Female,Master,Full-time,48,30,151000,45.5,82.0,1.1,3,3,Smartphone,Mobile App,5,700,0.01,3465.0,2753.19,711.81,41,3.1,5,No
2175,2026-03-12 16:04:38.492830944,Finance,Central,Female,Master,Part-time,27,7,64900,33.5,52.2,4.6,3,4,Monitor,Store,7,250,0.11,1557.5,1242.34,315.16,42,4.8,5,No
2176,2026-03-12 20:53:13.064354784,HR,East,Male,High School,Full-time,40,20,94900,32.7,72.0,3.7,5,3,Monitor,Email,1,250,0.12,220.0,162.4,57.6,52,3.8,6,No
2177,2026-03-13 01:41:47.635878624,Operations,South,Female,Bachelor,Full-time,31,12,75100,46.6,78.6,3.4,4,5,Keyboard,Website,1,60,0.17,49.8,39.35,10.45,33,4.2,4,No
2178,2026-03-13 06:30:22.207402472,Sales,North,Female,Bachelor,Full-time,45,20,98200,41.4,86.1,5.0,0,4,Mouse,Email,4,35,0.09,127.4,95.68,31.72,24,3.6,6,No
2179,2026-03-13 11:18:56.778926312,Sales,West,Female,Master,Full-time,43,21,114300,43.0,57.3,2.7,3,0,Laptop,Website,13,900,0.21,9243.0,6271.29,2971.71,37,5.0,5,Yes
2180,2026-03-13 16:07:31.350450152,IT,East,Female,High School,Full-time,36,18,104100,45.8,59.8,3.3,1,4,Laptop,Store,10,900,0.09,8190.0,5734.84,2455.16,58,4.9,7,No
2181,2026-03-13 20:56:05.921973992,IT,South,Female,Bachelor,Full-time,31,12,85800,36.2,53.0,2.9,2,4,Keyboard,Phone,6,60,0.09,327.6,232.09,95.51,18,4.0,1,No
2182,2026-03-14 01:44:40.493497832,Customer Support,East,Male,Bachelor,Contract,43,25,118200,36.9,72.0,5.0,5,5,Smartphone,Mobile App,9,700,0.06,5922.0,3304.88,2617.12,18,3.1,4,Yes
2183,2026-03-14 06:33:15.065021672,Finance,East,Female,Master,Full-time,40,17,83700,44.1,75.5,3.3,1,5,Monitor,Store,1,250,0.17,207.5,119.92,87.58,37,4.5,6,No
2184,2026-03-14 11:21:49.636545520,Operations,Central,Female,Master,Part-time,28,2,55500,38.3,76.6,3.6,0,3,Smartphone,Website,11,700,0.02,7546.0,5108.72,2437.28,33,4.8,2,No
2185,2026-03-14 16:10:24.208069360,Marketing,Central,Male,Bachelor,Part-time,22,0,32300,37.2,68.5,4.8,5,1,Tablet,Website,10,500,0.09,4550.0,2523.29,2026.71,35,3.4,5,No
2186,2026-03-14 20:58:58.779593200,HR,Central,Male,High School,Full-time,31,7,50800,33.7,70.5,4.4,2,1,Mouse,Website,5,35,0.07,162.75,131.75,31.0,35,3.9,5,No
2187,2026-03-15 01:47:33.351117040,Customer Support,South,Male,High School,Full-time,48,26,106500,44.5,70.6,2.2,0,4,Keyboard,Website,9,60,0.06,507.6,341.18,166.42,50,4.1,7,No
2188,2026-03-15 06:36:07.922640880,Finance,East,Female,Bachelor,Full-time,44,24,141000,37.3,69.0,3.2,4,3,Laptop,Mobile App,8,900,0.02,7056.0,4473.69,2582.31,37,4.8,3,No
2189,2026-03-15 11:24:42.494164720,IT,North,Female,Bachelor,Full-time,24,0,62400,44.4,48.1,3.4,6,1,Headphones,Email,7,120,0.05,798.0,452.68,345.32,48,3.9,4,No
2190,2026-03-15 16:13:17.065688568,HR,West,Male,Bachelor,Full-time,23,0,25000,42.5,59.6,3.6,3,1,Smartphone,Phone,13,700,0.11,8099.0,5223.53,2875.47,18,4.7,3,No
2191,2026-03-15 21:01:51.637212408,IT,Central,Female,PhD,Full-time,45,24,146900,47.0,79.0,3.8,2,3,Monitor,Mobile App,10,250,0.13,2175.0,1328.33,846.67,32,3.5,4,No
2192,2026-03-16 01:50:26.208736248,HR,Central,Female,Bachelor,Full-time,24,0,43400,31.5,66.2,2.8,4,4,Headphones,Website,2,120,0.07,223.2,121.95,101.25,28,3.3,7,Yes
2193,2026-03-16 06:39:00.780260088,Marketing,East,Female,Master,Full-time,39,17,99300,25.7,65.5,4.7,0,5,Tablet,Mobile App,9,500,0.16,3780.0,3062.18,717.82,18,5.0,4,No
2194,2026-03-16 11:27:35.351783928,Finance,East,Female,High School,Full-time,28,5,50000,48.8,88.5,3.9,7,0,Keyboard,Store,12,60,0.08,662.4,397.1,265.3,39,3.1,3,No
2195,2026-03-16 16:16:09.923307768,HR,South,Female,High School,Full-time,49,27,118500,45.1,86.0,4.0,2,3,Smartphone,Website,13,700,0.09,8281.0,6021.46,2259.54,37,3.5,4,No
2196,2026-03-16 21:04:44.494831616,Operations,South,Male,Bachelor,Contract,27,0,40800,34.9,62.5,4.6,4,5,Laptop,Phone,8,900,0.2,5760.0,3153.01,2606.99,32,4.5,3,Yes
2197,2026-03-17 01:53:19.066355456,Customer Support,Central,Male,Master,Full-time,44,16,119500,35.9,91.4,3.7,7,3,Smartphone,Website,13,700,0.14,7826.0,6213.46,1612.54,36,3.6,3,No
2198,2026-03-17 06:41:53.637879296,Sales,East,Male,Bachelor,Full-time,36,12,86500,40.2,69.5,3.3,4,3,Mouse,Phone,11,35,0.24,292.6,204.01,88.59,39,3.6,3,No
2199,2026-03-17 11:30:28.209403136,Operations,North,Female,Master,Contract,36,12,77000,39.0,82.4,3.2,3,4,Headphones,Phone,10,120,,1092.0,783.03,308.97,50,3.9,3,No
2200,2026-03-17 16:19:02.780926976,Operations,West,Male,Bachelor,Full-time,18,0,32300,36.7,71.6,3.3,0,4,Mouse,Email,10,35,0.21,276.5,208.63,67.87,46,2.5,2,No
2201,2026-03-17 21:07:37.352450816,Customer Support,East,Female,Bachelor,Full-time,18,0,30600,35.8,63.7,3.4,0,5,Tablet,Email,9,500,0.18,3690.0,2589.55,1100.45,42,4.8,4,No
2202,2026-03-18 01:56:11.923974664,Sales,East,Male,Master,Full-time,32,8,64300,37.6,82.4,2.0,1,3,Laptop,Mobile App,9,900,0.22,6318.0,3419.76,2898.24,66,4.1,2,Yes
2203,2026-03-18 06:44:46.495498504,Operations,South,Male,Bachelor,Contract,36,11,67100,42.5,60.3,3.0,3,1,Headphones,Mobile App,9,120,0.24,820.8,532.6,288.2,30,3.4,6,No
2204,2026-03-18 11:33:21.067022344,HR,West,Male,Bachelor,Full-time,24,3,52200,40.1,70.0,2.6,3,0,Tablet,Phone,3,500,0.0,1500.0,897.91,602.09,22,2.8,3,Yes
2205,2026-03-18 16:21:55.638546184,HR,Central,Male,High School,Full-time,24,1,29000,37.5,72.0,1.9,4,5,Mouse,Website,7,35,0.02,240.1,159.91,80.19,52,3.0,5,No
2206,2026-03-18 21:10:30.210070024,HR,East,Female,Master,Full-time,39,11,83800,36.7,67.0,3.6,6,2,Mouse,Store,12,35,0.17,348.6,223.56,125.04,60,2.9,5,No
2207,2026-03-19 01:59:04.781593864,Sales,Central,Male,Master,Full-time,39,12,102000,50.7,54.3,3.9,3,3,Headphones,Store,1,120,0.1,108.0,82.94,25.06,30,4.2,1,No
2208,2026-03-19 06:47:39.353117704,Operations,East,Male,High School,Full-time,33,13,73800,37.1,78.6,2.8,1,3,Laptop,Website,9,900,0.2,6480.0,3849.86,2630.14,55,4.2,3,No
2209,2026-03-19 11:36:13.924641552,Sales,Central,Male,Bachelor,Part-time,41,17,99000,42.6,84.0,3.3,5,4,Mouse,Website,14,35,0.0,490.0,284.39,205.61,32,4.4,7,No
2210,2026-03-19 16:24:48.496165392,HR,West,Female,Master,Full-time,23,0,32800,52.3,74.1,4.0,1,4,Keyboard,Email,9,60,0.2,432.0,348.81,83.19,45,4.5,2,No
2211,2026-03-19 21:13:23.067689232,Customer Support,South,Male,PhD,Full-time,31,11,92200,43.5,62.1,3.3,4,2,Tablet,Store,3,500,0.03,1455.0,1171.06,283.94,46,4.4,9,No
2212,2026-03-20 02:01:57.639213072,Operations,West,Male,Bachelor,Contract,49,21,123200,42.4,100.0,3.4,4,5,Headphones,Phone,5,120,0.07,558.0,456.47,101.53,30,5.0,5,No
2213,2026-03-20 06:50:32.210736912,Operations,North,Male,Master,Full-time,35,11,94700,46.2,69.0,3.3,3,4,Monitor,Mobile App,12,250,0.24,2280.0,1574.37,705.63,60,4.8,5,No
2214,2026-03-20 11:39:06.782260752,IT,South,Male,Bachelor,Full-time,35,7,72900,47.0,68.8,4.0,6,4,Monitor,Email,13,250,0.01,3217.5,1782.31,1435.19,62,4.7,4,Yes
2215,2026-03-20 16:27:41.353784600,IT,West,Male,High School,Full-time,55,27,132800,39.9,35.0,3.5,5,5,Laptop,Store,8,900,0.09,6552.0,5137.1,1414.9,26,4.2,6,No
2216,2026-03-20 21:16:15.925308440,Marketing,North,Female,High School,Contract,21,0,33100,33.4,55.9,3.2,5,1,Keyboard,Website,6,60,0.02,352.8,198.81,153.99,40,4.5,6,No
2217,2026-03-21 02:04:50.496832280,Finance,East,Male,Bachelor,Full-time,41,21,117000,39.2,87.1,3.1,3,0,Mouse,Store,10,35,0.21,276.5,156.69,119.81,49,3.7,4,No
2218,2026-03-21 06:53:25.068356120,IT,East,Female,Bachelor,Full-time,49,30,157200,42.9,100.0,2.8,5,1,Monitor,Phone,10,250,0.18,2050.0,1184.94,865.06,18,3.8,3,No
2219,2026-03-21 11:41:59.639879960,Sales,Central,Female,PhD,Contract,31,8,76300,38.3,88.7,4.0,2,3,Laptop,Email,9,900,0.2,6480.0,4639.85,1840.15,38,5.0,1,No
2220,2026-03-21 16:30:34.211403800,IT,South,Male,Bachelor,Full-time,42,21,117900,38.8,58.5,4.0,5,1,Tablet,Website,14,500,0.13,6090.0,3362.65,2727.35,18,3.6,6,No
2221,2026-03-21 21:19:08.782927648,Marketing,East,Male,Bachelor,Full-time,25,0,34000,48.1,78.2,3.5,1,5,Keyboard,Phone,13,60,0.09,709.8,534.82,174.98,46,3.6,4,No
2222,2026-03-22 02:07:43.354451488,Operations,South,Female,High School,Full-time,28,9,70500,43.9,66.9,4.3,4,2,Keyboard,Mobile App,3,60,0.0,180.0,96.75,83.25,39,3.7,2,No
2223,2026-03-22 06:56:17.925975328,Marketing,East,Male,Master,Full-time,37,16,106200,43.0,67.3,3.5,1,1,Smartphone,Email,12,700,0.07,7812.0,4321.08,3490.92,34,,3,No
2224,2026-03-22 11:44:52.497499168,Operations,Central,Male,Master,Full-time,41,22,118100,34.8,55.1,3.8,4,4,Laptop,Phone,7,900,0.13,5481.0,3564.55,1916.45,19,3.7,4,No
2225,2026-03-22 16:33:27.069023008,Customer Support,West,Female,Bachelor,Full-time,44,25,110100,38.8,78.8,3.0,4,2,Laptop,Phone,13,900,0.17,9711.0,6154.36,3556.64,31,4.2,2,No
2226,2026-03-22 21:22:01.640546848,Customer Support,Central,Male,Bachelor,Full-time,48,29,137800,41.9,55.5,4.5,3,2,Smartphone,Website,6,700,0.06,3948.0,3225.17,722.83,44,4.2,4,No
2227,2026-03-23 02:10:36.212070696,Operations,North,Female,High School,Full-time,33,15,92100,43.3,42.1,3.6,5,3,Mouse,Mobile App,14,35,0.03,475.3,385.02,90.28,38,,1,No
2228,2026-03-23 06:59:10.783594536,Finance,East,Female,Bachelor,Contract,45,24,125800,47.9,66.7,3.8,4,3,Laptop,Phone,5,900,0.05,4275.0,2466.27,1808.73,52,5.0,3,No
2229,2026-03-23 11:47:45.355118376,IT,North,Male,High School,Full-time,31,12,78600,43.3,38.7,3.6,4,4,Smartphone,Email,4,700,0.09,2548.0,2048.59,499.41,52,3.7,2,No
2230,2026-03-23 16:36:19.926642216,Sales,North,Male,Bachelor,Contract,42,16,88700,37.3,61.5,3.6,0,0,Mouse,Phone,5,35,0.04,168.0,122.25,45.75,51,4.0,4,No
2231,2026-03-23 21:24:54.498166056,Sales,South,Female,Master,Contract,36,10,93800,49.4,79.8,3.7,5,2,Mouse,Store,13,35,0.04,436.8,280.71,156.09,32,2.7,2,No
2232,2026-03-24 02:13:29.069689896,HR,East,Female,Bachelor,Full-time,38,10,72000,38.6,86.7,1.9,6,4,Headphones,Email,4,120,0.01,475.2,352.55,122.65,42,3.1,3,No
2233,2026-03-24 07:02:03.641213736,Operations,North,Male,Bachelor,Full-time,38,10,82100,44.6,80.3,3.8,4,3,Keyboard,Email,3,60,0.21,142.2,112.34,29.86,26,3.9,9,No
2234,2026-03-24 11:50:38.212737584,Sales,West,Female,Bachelor,Full-time,20,0,29800,37.1,69.0,2.9,4,3,Tablet,Phone,7,500,0.05,3325.0,1908.69,1416.31,23,4.3,6,No
2235,2026-03-24 16:39:12.784261424,Finance,North,Female,Bachelor,Part-time,24,1,57400,36.1,64.9,3.3,1,0,Keyboard,Website,6,60,,284.4,164.61,119.79,52,4.3,5,No
2236,2026-03-24 21:27:47.355785264,Operations,West,Male,Bachelor,Part-time,35,15,98600,33.2,60.0,3.0,2,2,Keyboard,Email,4,60,0.11,213.6,137.26,76.34,24,4.4,7,No
2237,2026-03-25 02:16:21.927309104,Finance,South,Male,High School,Full-time,19,0,37100,33.6,91.3,4.2,2,2,Headphones,Store,9,120,0.16,907.2,517.8,389.4,22,4.9,5,No
2238,2026-03-25 07:04:56.498832944,Sales,North,Female,Master,Contract,41,23,130000,37.6,55.6,2.9,5,4,Mouse,Website,1,35,0.02,34.3,21.54,12.76,39,5.0,1,No
2239,2026-03-25 11:53:31.070356784,Sales,Central,Male,,Full-time,42,16,104600,46.5,73.6,3.3,1,0,Mouse,Website,1,35,0.15,29.75,21.23,8.52,35,3.8,1,No
2240,2026-03-25 16:42:05.641880632,HR,South,Female,High School,Contract,37,16,76000,41.3,79.7,3.0,3,1,Laptop,Website,9,900,0.07,7533.0,5754.05,1778.95,36,3.4,1,No
2241,2026-03-25 21:30:40.213404472,Sales,West,Female,High School,Full-time,24,1,30800,31.1,46.2,2.9,3,4,Headphones,Email,7,120,0.02,823.2,502.63,320.57,66,4.5,4,Yes
2242,2026-03-26 02:19:14.784928312,Operations,South,Male,PhD,Contract,46,23,140200,44.2,40.6,2.9,2,2,Laptop,Website,2,900,0.23,1386.0,837.86,548.14,26,4.7,2,No
2243,2026-03-26 07:07:49.356452152,Customer Support,North,Female,Bachelor,Full-time,52,24,117200,40.0,79.7,2.5,6,4,Headphones,Phone,11,120,0.15,1122.0,845.9,276.1,44,4.1,3,No
2244,2026-03-26 11:56:23.927975992,Operations,East,Female,Master,Full-time,35,15,101200,47.6,53.1,3.0,4,4,Laptop,Website,10,900,0.06,8460.0,5366.24,3093.76,39,3.9,3,No
2245,2026-03-26 16:44:58.499499832,Operations,East,Female,Bachelor,Part-time,39,18,107200,37.5,76.0,3.7,4,4,Monitor,Store,5,250,0.1,1125.0,861.24,263.76,50,3.6,3,Yes
2246,2026-03-26 21:33:33.071023680,HR,West,Male,Bachelor,Full-time,36,8,67500,35.5,60.6,2.8,6,4,Smartphone,Mobile App,13,700,0.09,8281.0,6773.97,1507.03,29,4.0,4,No
2247,2026-03-27 02:22:07.642547520,HR,West,Male,Master,Full-time,39,12,81700,48.7,75.5,3.6,2,2,Keyboard,Store,4,60,0.18,196.8,160.18,36.62,35,4.5,3,No
2248,2026-03-27 07:10:42.214071360,Sales,East,Female,High School,Full-time,33,13,75800,45.0,77.2,3.9,3,0,Keyboard,Email,1,60,0.15,51.0,36.66,14.34,39,,3,No
2249,2026-03-27 11:59:16.785595200,Marketing,West,Female,Bachelor,Part-time,34,11,88500,31.5,85.1,3.4,1,0,Tablet,Website,12,500,0.0,6000.0,3795.38,2204.62,21,3.4,1,No
2250,2026-03-27 16:47:51.357119040,Marketing,South,Female,Bachelor,Full-time,42,24,120800,41.8,77.8,2.5,6,3,Smartphone,Website,13,700,0.05,8645.0,4665.25,3979.75,18,4.4,4,No
2251,2026-03-27 21:36:25.928642880,HR,Central,Male,Master,Contract,55,30,159200,31.5,74.9,2.1,5,5,Mouse,Phone,9,35,0.12,277.2,205.52,71.68,38,3.4,8,No
2252,2026-03-28 02:25:00.500166728,Sales,Central,Female,Bachelor,Full-time,21,0,49800,44.8,94.6,4.1,3,3,Tablet,Website,6,500,0.11,2670.0,2171.75,498.25,54,4.1,5,No
2253,2026-03-28 07:13:35.071690568,Marketing,South,Male,Bachelor,Full-time,33,7,53500,34.4,59.3,4.7,7,1,Monitor,Store,11,250,0.13,2392.5,1292.9,1099.6,34,4.1,9,No
2254,2026-03-28 12:02:09.643214408,Sales,Central,Female,Bachelor,Full-time,23,0,43600,33.7,72.7,4.6,4,0,Tablet,Email,13,500,0.18,5330.0,2781.46,2548.54,35,4.0,3,No
2255,2026-03-28 16:50:44.214738248,Sales,North,Female,Bachelor,Part-time,48,30,132300,46.9,83.8,3.7,5,4,Keyboard,Mobile App,14,60,0.17,697.2,536.52,160.68,52,3.6,3,No
2256,2026-03-28 21:39:18.786262088,Sales,South,Male,High School,Full-time,29,9,78100,42.1,37.4,3.7,3,5,Mouse,Website,12,35,0.09,382.2,210.47,171.73,36,5.0,4,No
2257,2026-03-29 02:27:53.357785928,IT,West,Male,Bachelor,Full-time,21,3,60200,43.7,91.8,3.3,5,3,Monitor,Mobile App,6,250,0.22,1170.0,637.05,532.95,47,4.3,4,No
2258,2026-03-29 07:16:27.929309768,Operations,South,Male,Bachelor,Full-time,40,18,102300,37.6,69.8,3.3,4,4,Keyboard,Website,4,60,,235.2,186.54,48.66,70,3.6,6,No
2259,2026-03-29 12:05:02.500833616,Sales,East,Female,Bachelor,Full-time,50,30,134200,39.6,77.6,2.9,3,1,Smartphone,Email,13,700,0.15,7735.0,4206.82,3528.18,31,4.2,1,No
2260,2026-03-29 16:53:37.072357456,IT,West,Female,Bachelor,Contract,40,21,116000,47.8,65.6,2.8,2,0,Laptop,Store,2,900,0.24,1368.0,758.15,609.85,36,5.0,3,No
2261,2026-03-29 21:42:11.643881296,HR,East,Male,Bachelor,Full-time,36,16,93000,41.6,77.7,2.0,5,2,Headphones,Email,8,120,0.14,825.6,570.38,255.22,43,4.1,7,No
2262,2026-03-30 02:30:46.215405136,Marketing,West,Male,Master,Contract,38,12,85800,51.7,75.5,4.1,5,1,Monitor,Mobile App,8,250,0.11,1780.0,1329.74,450.26,56,5.0,3,No
2263,2026-03-30 07:19:20.786928976,Operations,Central,Female,PhD,Full-time,47,19,118000,39.0,57.4,3.9,2,2,Mouse,Website,3,35,0.03,101.85,65.17,36.68,37,3.2,6,No
2264,2026-03-30 12:07:55.358452816,Customer Support,South,Female,Master,Full-time,26,1,51400,44.8,66.3,3.2,1,0,Tablet,Mobile App,7,500,0.2,2800.0,1809.29,990.71,47,3.4,5,No
2265,2026-03-30 16:56:29.929976664,Marketing,North,Male,Bachelor,Full-time,33,13,81500,45.5,78.5,4.5,1,2,Smartphone,Store,14,700,0.09,8918.0,6329.89,2588.11,42,2.5,4,No
2266,2026-03-30 21:45:04.501500504,Operations,West,Female,Master,Part-time,30,2,42900,41.0,91.1,5.0,3,0,Tablet,Email,7,500,0.18,2870.0,1927.57,942.43,37,5.0,5,No
2267,2026-03-31 02:33:39.073024344,Customer Support,West,Male,PhD,Full-time,23,4,70500,46.8,67.1,2.3,3,4,Monitor,Mobile App,14,250,0.05,3325.0,1747.58,1577.42,33,2.8,4,Yes
2268,2026-03-31 07:22:13.644548184,Marketing,East,Female,Bachelor,Full-time,31,9,57100,37.3,55.2,4.0,4,1,Smartphone,Mobile App,5,700,0.01,3465.0,1919.87,1545.13,31,4.1,1,No
2269,2026-03-31 12:10:48.216072024,Operations,Central,Male,Bachelor,Contract,44,26,111700,44.3,76.6,3.5,1,4,Mouse,Store,5,35,0.08,161.0,111.81,49.19,75,5.0,5,No
2270,2026-03-31 16:59:22.787595864,Marketing,East,Female,High School,Full-time,39,18,94900,34.8,68.1,4.8,4,0,Monitor,Website,8,250,0.07,1860.0,1410.06,449.94,20,4.7,3,No
2271,2026-03-31 21:47:57.359119712,Marketing,East,Female,Master,Part-time,40,15,86200,33.7,82.4,3.1,2,0,Mouse,Mobile App,4,35,0.22,109.2,81.78,27.42,21,4.3,1,Yes
2272,2026-04-01 02:36:31.930643552,Customer Support,Central,Female,Bachelor,Full-time,35,17,94100,40.2,62.3,4.3,3,4,Tablet,Store,1,500,0.22,390.0,289.39,100.61,41,4.9,5,No
2273,2026-04-01 07:25:06.502167392,Marketing,North,Male,High School,Full-time,39,17,97800,39.4,54.3,4.1,5,5,Keyboard,Website,1,60,0.13,52.2,39.22,12.98,40,3.5,5,Yes
2274,2026-04-01 12:13:41.073691232,Marketing,East,Male,Bachelor,Full-time,27,6,65900,34.5,92.4,4.4,1,4,Smartphone,Website,9,700,0.0,6300.0,3360.0,2940.0,43,4.4,6,No
2275,2026-04-01 17:02:15.645215072,Customer Support,East,Male,Master,Full-time,31,8,72500,43.8,65.8,2.9,3,4,Laptop,Email,4,900,0.06,3384.0,2668.39,715.61,28,3.9,3,Yes
2276,2026-04-01 21:50:50.216738912,HR,West,Female,Bachelor,Full-time,36,12,65100,47.8,60.2,3.2,1,1,Keyboard,Store,1,60,0.16,50.4,39.65,10.75,26,3.9,6,No
2277,2026-04-02 02:39:24.788262760,Sales,Central,Female,Master,Full-time,36,10,72500,38.4,63.1,3.9,1,1,Laptop,Website,13,900,0.03,11349.0,7712.52,3636.48,35,4.1,4,No
2278,2026-04-02 07:27:59.359786600,Finance,South,Male,Master,Part-time,37,19,116500,45.2,90.3,4.4,2,5,Tablet,Email,2,500,0.18,820.0,487.55,332.45,49,4.8,5,No
2279,2026-04-02 12:16:33.931310440,IT,North,Female,Bachelor,Full-time,33,5,65600,36.8,100.0,3.7,2,0,Smartphone,Phone,10,700,0.0,7000.0,4883.57,2116.43,26,5.0,5,No
2280,2026-04-02 17:05:08.502834280,Finance,North,Male,Bachelor,Full-time,31,4,48500,39.0,61.7,2.0,0,3,Keyboard,Store,7,60,,348.6,239.62,108.98,40,3.8,1,No
2281,2026-04-02 21:53:43.074358120,Finance,Central,Female,,Full-time,62,40,178800,39.8,69.5,4.4,4,4,Keyboard,Phone,2,60,0.21,94.8,55.64,39.16,32,3.2,5,No
2282,2026-04-03 02:42:17.645881960,Operations,West,Female,PhD,Full-time,42,19,128800,44.2,76.2,4.5,3,2,Monitor,Website,1,250,0.12,220.0,154.21,65.79,20,3.4,4,No
2283,2026-04-03 07:30:52.217405800,Sales,West,Female,Master,Contract,38,11,87000,39.6,47.8,3.1,4,2,Headphones,Store,10,120,0.21,948.0,719.71,228.29,23,5.0,3,No
2284,2026-04-03 12:19:26.788929648,Operations,Central,Male,Master,Full-time,32,8,70200,30.0,65.4,4.2,3,5,Tablet,Email,14,500,0.2,5600.0,4266.26,1333.74,49,5.0,4,No
2285,2026-04-03 17:08:01.360453488,Sales,West,Male,Bachelor,Full-time,30,6,67300,46.0,96.6,3.9,4,2,Mouse,Website,9,35,0.17,261.45,140.64,120.81,31,3.2,9,Yes
2286,2026-04-03 21:56:35.931977328,Customer Support,North,Male,Bachelor,Full-time,33,8,49100,40.6,67.8,2.8,3,5,Tablet,Store,14,500,0.11,6230.0,3608.1,2621.9,53,5.0,1,No
2287,2026-04-04 02:45:10.503501168,Customer Support,North,Female,High School,Full-time,37,10,70400,28.5,88.4,4.2,7,4,Mouse,Store,5,35,0.07,162.75,117.26,45.49,38,3.5,4,No
2288,2026-04-04 07:33:45.075025008,Sales,South,Female,Bachelor,Full-time,18,0,43200,47.1,71.1,3.5,4,3,Smartphone,Phone,14,700,0.22,7644.0,5946.65,1697.35,22,4.5,6,No
2289,2026-04-04 12:22:19.646548848,Marketing,Central,Female,Master,Contract,20,0,49700,47.4,44.3,2.4,3,5,Mouse,Website,13,35,0.16,382.2,258.51,123.69,44,3.5,2,No
2290,2026-04-04 17:10:54.218072696,HR,East,Female,Bachelor,Full-time,28,3,48200,34.6,84.9,4.2,2,3,Laptop,Email,4,900,0.2,2880.0,2108.9,771.1,28,5.0,5,No
2291,2026-04-04 21:59:28.789596536,Marketing,East,Male,High School,Full-time,36,11,63600,32.9,67.5,5.0,5,5,Mouse,Email,4,35,0.14,120.4,63.37,57.03,33,,5,No
2292,2026-04-05 02:48:03.361120376,HR,South,Male,High School,Full-time,32,9,66800,45.7,90.6,1.7,4,5,Mouse,Website,14,35,0.04,470.4,330.47,139.93,52,3.3,1,No
2293,2026-04-05 07:36:37.932644216,Operations,South,Female,Bachelor,Part-time,47,21,107800,45.7,74.6,3.7,2,1,Monitor,Website,11,250,0.24,2090.0,1689.92,400.08,23,3.7,3,No
2294,2026-04-05 12:25:12.504168056,HR,West,Male,High School,Full-time,21,1,35300,42.4,72.1,3.7,2,3,Keyboard,Mobile App,13,60,0.05,741.0,532.26,208.74,33,5.0,8,No
2295,2026-04-05 17:13:47.075691896,Operations,South,Female,Bachelor,Full-time,27,4,45400,37.8,78.1,2.6,5,2,Tablet,Phone,1,500,0.23,385.0,306.72,78.28,25,4.2,1,No
2296,2026-04-05 22:02:21.647215744,Customer Support,South,Female,Master,Full-time,48,26,127900,36.0,76.9,4.3,3,2,Tablet,Website,3,500,0.05,1425.0,982.97,442.03,24,3.3,3,No
2297,2026-04-06 02:50:56.218739584,Finance,East,Male,Bachelor,Full-time,35,10,76700,43.0,49.5,2.6,3,4,Smartphone,Website,13,700,0.09,8281.0,6401.33,1879.67,32,3.4,4,No
2298,2026-04-06 07:39:30.790263424,Customer Support,West,Male,Bachelor,Full-time,42,21,110100,36.8,85.8,3.6,1,1,Smartphone,Mobile App,1,700,0.11,623.0,347.17,275.83,28,2.8,4,No
2299,2026-04-06 12:28:05.361787264,Customer Support,South,Male,Bachelor,Contract,52,31,146600,36.8,71.6,2.9,3,5,Mouse,Mobile App,5,35,0.23,134.75,75.06,59.69,35,4.4,3,No
2300,2026-04-06 17:16:39.933311104,Finance,South,Female,Master,Full-time,28,1,68800,43.9,72.4,2.7,5,0,Headphones,Store,5,120,0.22,468.0,260.23,207.77,46,3.1,4,No
2301,2026-04-06 22:05:14.504834944,HR,West,Female,High School,Full-time,33,5,48800,44.9,77.4,3.8,4,5,Tablet,Email,9,500,0.21,3555.0,2369.96,1185.04,29,4.8,4,No
2302,2026-04-07 02:53:49.076358792,HR,Central,Female,Master,Full-time,32,5,51000,47.5,83.8,2.9,5,1,Smartphone,Phone,13,700,0.09,8281.0,5126.59,3154.41,20,4.6,5,No
2303,2026-04-07 07:42:23.647882632,Operations,West,Male,Bachelor,Contract,18,0,45200,30.9,85.7,4.5,0,0,Mouse,Store,8,35,0.0,280.0,206.01,73.99,46,3.9,6,No
2304,2026-04-07 12:30:58.219406472,Marketing,East,Male,Bachelor,Full-time,31,3,49500,37.5,80.7,3.5,2,5,Smartphone,Website,5,700,0.17,2905.0,2297.23,607.77,29,4.9,5,No
2305,2026-04-07 17:19:32.790930312,Operations,Central,Male,High School,Full-time,42,19,97800,38.3,49.3,4.2,2,1,Laptop,Mobile App,5,900,0.1,4050.0,2858.54,1191.46,60,4.6,4,No
2306,2026-04-07 22:08:07.362454152,Marketing,North,Male,High School,Full-time,39,11,65900,39.9,71.1,4.1,1,3,Laptop,Email,7,900,0.19,5103.0,2979.96,2123.04,33,4.1,1,No
2307,2026-04-08 02:56:41.933977992,Customer Support,West,Male,Master,Contract,40,19,100900,33.6,59.8,4.5,2,1,Smartphone,Store,12,700,0.2,6720.0,5371.05,1348.95,36,,4,Yes
2308,2026-04-08 07:45:16.505501832,Finance,East,Male,Bachelor,Full-time,31,12,79100,42.8,74.3,3.3,1,4,Laptop,Email,2,900,0.11,1602.0,1086.73,515.27,18,4.3,6,No
2309,2026-04-08 12:33:51.077025680,Customer Support,Central,Male,Bachelor,Full-time,28,9,53500,49.4,69.4,3.4,2,0,Smartphone,Mobile App,13,700,0.19,7371.0,5424.94,1946.06,24,4.3,1,No
2310,2026-04-08 17:22:25.648549520,Sales,West,Female,Bachelor,Full-time,45,25,133200,34.0,98.5,2.8,3,3,Mouse,Store,7,35,0.21,193.55,152.35,41.2,18,4.3,1,No
2311,2026-04-08 22:11:00.220073360,HR,South,Male,Master,Full-time,30,11,84400,40.9,54.3,3.6,6,3,Monitor,Store,1,250,0.23,192.5,157.26,35.24,42,4.1,7,No
2312,2026-04-09 02:59:34.791597200,Marketing,West,Male,Master,Part-time,37,19,110300,46.3,72.1,2.9,4,1,Headphones,Email,14,120,0.15,1428.0,959.36,468.64,37,4.2,1,No
2313,2026-04-09 07:48:09.363121040,Operations,North,Female,Bachelor,Part-time,35,10,67400,38.8,73.5,4.4,0,3,Mouse,Mobile App,5,35,0.19,141.75,108.07,33.68,46,4.2,4,No
2314,2026-04-09 12:36:43.934644880,Finance,West,Female,Bachelor,Full-time,47,25,140300,36.3,65.9,2.8,1,2,Monitor,Website,12,250,0.12,2640.0,1821.76,818.24,48,5.0,3,No
2315,2026-04-09 17:25:18.506168728,Marketing,Central,Male,Master,Full-time,43,16,86200,40.9,71.7,3.2,1,2,Monitor,Store,12,250,0.01,2970.0,1977.83,992.17,50,3.1,7,No
2316,2026-04-09 22:13:53.077692568,Operations,Central,Female,Master,Full-time,22,4,57800,43.7,99.8,3.9,2,2,Tablet,Website,6,500,0.04,2880.0,1962.18,917.82,35,3.3,5,No
2317,2026-04-10 03:02:27.649216408,HR,West,Male,Bachelor,Full-time,23,0,43800,33.7,76.7,3.9,1,1,Mouse,Mobile App,13,35,0.03,441.35,293.62,147.73,39,4.1,6,No
2318,2026-04-10 07:51:02.220740248,Customer Support,Central,Male,High School,Full-time,39,14,59100,45.2,91.7,2.6,2,0,Mouse,Store,11,35,0.04,369.6,238.88,130.72,45,3.5,4,No
2319,2026-04-10 12:39:36.792264088,HR,South,Male,Master,Full-time,33,12,85600,38.9,65.9,3.0,5,1,Smartphone,Store,14,700,0.0,9800.0,7223.74,2576.26,28,4.1,8,No
2320,2026-04-10 17:28:11.363787928,IT,West,Female,High School,Full-time,30,5,54600,36.7,82.0,3.3,3,4,Monitor,Website,10,250,0.21,1975.0,1174.93,800.07,27,3.2,3,No
2321,2026-04-10 22:16:45.935311776,Sales,South,Female,High School,Full-time,43,16,89100,32.3,61.5,3.4,0,3,Monitor,Phone,1,250,0.14,215.0,151.56,63.44,56,3.3,5,No
2322,2026-04-11 03:05:20.506835616,IT,South,Male,,Contract,36,12,93600,36.7,60.7,3.7,3,2,Monitor,Website,9,250,0.1,2025.0,1486.12,538.88,18,5.0,7,Yes
2323,2026-04-11 07:53:55.078359456,Finance,East,Female,Bachelor,Contract,34,6,69300,37.0,48.8,4.1,1,1,Smartphone,Website,9,700,0.1,5670.0,4465.85,1204.15,44,3.8,7,No
2324,2026-04-11 12:42:29.649883296,Marketing,West,Male,Master,Full-time,41,13,99600,34.0,58.1,3.4,1,1,Tablet,Phone,1,500,0.12,440.0,272.61,167.39,42,3.2,3,Yes
2325,2026-04-11 17:31:04.221407136,Finance,Central,Male,Bachelor,Full-time,31,7,90100,42.4,72.7,3.6,2,3,Mouse,Mobile App,4,35,0.02,137.2,106.77,30.43,25,3.9,1,No
2326,2026-04-11 22:19:38.792930976,Customer Support,South,Female,Master,Contract,48,30,144000,40.7,92.1,2.9,3,1,Monitor,Mobile App,8,250,0.07,1860.0,1494.67,365.33,30,4.7,3,No
2327,2026-04-12 03:08:13.364454824,Operations,East,Female,Bachelor,Full-time,27,4,58600,44.9,70.5,4.7,3,2,Laptop,Store,2,900,0.21,1422.0,1016.17,405.83,34,4.8,7,No
2328,2026-04-12 07:56:47.935978664,HR,West,Female,Master,Full-time,40,19,111600,43.6,75.0,3.8,4,3,Mouse,Email,13,35,0.19,368.55,276.94,91.61,41,3.0,2,No
2329,2026-04-12 12:45:22.507502504,IT,West,Male,Bachelor,Part-time,47,20,121700,36.8,86.9,3.3,2,0,Smartphone,Email,13,700,0.14,7826.0,5022.04,2803.96,42,3.5,5,No
2330,2026-04-12 17:33:57.079026344,IT,North,Female,High School,Full-time,22,0,56300,38.4,67.8,4.5,7,2,Tablet,Store,11,500,0.12,4840.0,3899.3,940.7,38,4.2,3,No
2331,2026-04-12 22:22:31.650550184,Customer Support,North,Female,Bachelor,Full-time,31,4,40800,36.3,59.3,3.8,4,4,Laptop,Email,13,900,0.06,10998.0,7932.4,3065.6,40,4.0,4,No
2332,2026-04-13 03:11:06.222074024,IT,South,Female,Master,Contract,44,16,107800,32.0,60.8,3.7,2,4,Smartphone,Website,8,700,0.12,4928.0,3021.1,1906.9,46,2.9,7,No
2333,2026-04-13 07:59:40.793597864,Customer Support,North,Male,High School,Full-time,44,25,113900,41.9,86.6,3.5,2,5,Keyboard,Website,10,60,0.15,510.0,327.05,182.95,45,3.0,5,No
2334,2026-04-13 12:48:15.365121712,Finance,South,Male,Bachelor,Full-time,32,5,51600,40.8,73.9,4.3,1,5,Mouse,Phone,13,35,0.18,373.1,263.16,109.94,56,3.3,8,No
2335,2026-04-13 17:36:49.936645552,HR,Central,Male,Bachelor,Full-time,27,3,45500,37.0,73.9,4.8,6,3,Keyboard,Phone,12,60,0.04,691.2,407.97,283.23,51,2.8,6,No
2336,2026-04-13 22:25:24.508169392,Marketing,South,Male,High School,Contract,43,17,96400,44.0,60.4,4.3,4,2,Smartphone,Store,14,700,0.2,7840.0,5850.01,1989.99,38,3.7,4,No
2337,2026-04-14 03:13:59.079693232,Operations,North,Male,Bachelor,Full-time,45,23,126000,38.3,89.5,3.5,3,5,Smartphone,Store,13,700,0.09,8281.0,4864.32,3416.68,46,4.8,4,No
2338,2026-04-14 08:02:33.651217072,Marketing,Central,Female,PhD,Contract,24,0,51300,46.2,96.0,4.6,4,2,Smartphone,Store,9,700,0.13,5481.0,3823.2,1657.8,43,3.5,5,No
2339,2026-04-14 12:51:08.222740912,Finance,North,Female,Bachelor,Full-time,23,1,56800,39.2,74.3,3.3,2,2,Monitor,Website,9,250,0.15,1912.5,1394.41,518.09,40,4.8,2,No
2340,2026-04-14 17:39:42.794264760,Operations,South,Male,Bachelor,Full-time,36,12,61300,33.5,83.9,2.8,4,4,Tablet,Email,14,500,0.12,6160.0,4792.01,1367.99,28,4.0,2,Yes
2341,2026-04-14 22:28:17.365788600,IT,East,Female,PhD,Full-time,40,16,141900,47.6,63.6,4.1,2,3,Monitor,Store,1,250,0.14,215.0,159.14,55.86,40,3.9,6,No
2342,2026-04-15 03:16:51.937312440,Sales,West,Male,Master,Contract,31,5,66600,41.8,88.6,4.7,3,4,Tablet,Store,9,500,0.03,4365.0,3315.86,1049.14,18,2.8,6,No
2343,2026-04-15 08:05:26.508836280,Finance,North,Male,Master,Full-time,40,20,116100,35.3,79.5,3.5,4,5,Headphones,Website,4,120,0.11,427.2,339.15,88.05,51,4.8,1,No
2344,2026-04-15 12:54:01.080360120,Finance,South,Male,High School,Contract,28,10,77200,38.0,56.0,4.8,8,1,Monitor,Website,12,250,0.07,2790.0,1951.13,838.87,42,4.1,6,No
2345,2026-04-15 17:42:35.651883960,HR,Central,Male,Bachelor,Full-time,18,0,33600,35.9,77.9,2.3,4,5,Keyboard,Website,12,60,0.02,705.6,546.05,159.55,36,2.9,4,No
2346,2026-04-15 22:31:10.223407808,Marketing,North,Male,Bachelor,Part-time,30,7,41700,45.0,77.8,3.4,0,0,Tablet,Email,8,500,0.05,3800.0,2240.33,1559.67,33,4.3,2,Yes
2347,2026-04-16 03:19:44.794931648,Finance,North,Male,Bachelor,Full-time,35,8,71400,29.6,74.4,2.8,4,4,Monitor,Store,13,250,0.15,2762.5,2111.71,650.79,46,3.6,3,No
2348,2026-04-16 08:08:19.366455488,Finance,West,Female,Master,Full-time,32,5,75700,41.4,78.6,2.8,2,3,Mouse,Mobile App,14,35,,465.5,273.02,192.48,60,4.0,6,No
2349,2026-04-16 12:56:53.937979328,IT,South,Female,,Full-time,24,0,56700,31.4,71.4,3.5,0,4,Smartphone,Mobile App,9,700,0.05,5985.0,4790.33,1194.67,43,4.2,5,No
2350,2026-04-16 17:45:28.509503168,IT,East,Female,High School,Full-time,18,0,45300,30.6,69.6,4.9,0,1,Tablet,Store,3,500,0.14,1290.0,798.5,491.5,61,4.9,5,No
2351,2026-04-16 22:34:03.081027008,Operations,Central,Female,Master,Full-time,29,2,60600,42.1,75.2,4.6,4,1,Tablet,Store,6,500,0.23,2310.0,1320.28,989.72,47,3.2,5,No
2352,2026-04-17 03:22:37.652550856,Customer Support,South,Female,Bachelor,Full-time,42,23,117400,33.9,67.5,4.6,0,1,Monitor,Store,3,250,0.2,600.0,338.67,261.33,28,4.4,2,No
2353,2026-04-17 08:11:12.224074696,Customer Support,Central,Female,Master,Full-time,45,17,101500,43.5,63.6,3.9,2,1,Headphones,Store,1,120,0.23,92.4,53.24,39.16,44,4.9,5,No
2354,2026-04-17 12:59:46.795598536,Sales,North,Male,Bachelor,Full-time,45,27,125300,44.8,86.4,3.3,3,0,Monitor,Email,10,250,0.15,2125.0,1390.31,734.69,43,5.0,3,No
2355,2026-04-17 17:48:21.367122376,Customer Support,West,Male,High School,Full-time,27,8,52900,37.8,64.5,3.8,2,2,Keyboard,Mobile App,6,60,0.1,324.0,219.23,104.77,28,4.7,8,No
2356,2026-04-17 22:36:55.938646216,HR,West,Male,Bachelor,Full-time,24,4,46700,42.4,69.9,2.4,1,5,Keyboard,Phone,5,60,0.18,246.0,195.36,50.64,33,4.3,3,Yes
2357,2026-04-18 03:25:30.510170056,Sales,East,Male,Bachelor,Contract,38,14,88600,47.4,65.8,4.7,2,1,Tablet,Mobile App,3,500,0.07,1395.0,884.85,510.15,33,4.2,8,No
2358,2026-04-18 08:14:05.081693896,Operations,West,Female,Bachelor,Full-time,40,21,118700,35.2,60.7,2.1,3,0,Tablet,Mobile App,14,500,0.02,6860.0,4014.78,2845.22,39,5.0,4,No
2359,2026-04-18 13:02:39.653217744,IT,North,Male,Bachelor,Part-time,38,16,98500,44.3,92.0,3.4,2,4,Monitor,Website,14,250,0.09,3185.0,2366.92,818.08,35,3.8,4,No
2360,2026-04-18 17:51:14.224741584,Customer Support,East,Female,Bachelor,Full-time,18,0,25000,36.1,53.3,3.5,4,1,Keyboard,Store,4,60,0.07,223.2,125.08,98.12,41,4.6,3,No
2361,2026-04-18 22:39:48.796265424,Marketing,South,Female,Bachelor,Full-time,26,2,56000,40.0,77.2,4.2,0,4,Keyboard,Store,2,60,0.17,99.6,78.45,21.15,43,5.0,1,No
2362,2026-04-19 03:28:23.367789264,IT,West,Female,Bachelor,Full-time,34,7,63800,36.9,70.3,3.9,6,4,Headphones,Store,12,120,0.14,1238.4,796.07,442.33,53,3.9,7,No
2363,2026-04-19 08:16:57.939313104,HR,East,Female,Bachelor,Full-time,38,13,84900,37.1,78.2,,4,3,Mouse,Website,10,35,,339.5,239.06,100.44,45,2.6,4,No
2364,2026-04-19 13:05:32.510836944,IT,North,Female,Bachelor,Full-time,41,16,106300,38.2,69.8,1.6,4,0,Headphones,Email,10,120,0.23,924.0,532.09,391.91,30,3.4,5,No
2365,2026-04-19 17:54:07.082360792,HR,Central,Female,Bachelor,Full-time,35,10,66900,37.0,78.4,,5,0,Laptop,Email,13,900,0.15,9945.0,5605.59,4339.41,63,4.2,7,No
2366,2026-04-19 22:42:41.653884632,HR,Central,Male,High School,Full-time,37,10,70500,39.3,75.7,3.0,3,1,Smartphone,Phone,14,700,0.11,8722.0,6625.68,2096.32,30,3.4,4,Yes
2367,2026-04-20 03:31:16.225408472,HR,North,Male,High School,Full-time,35,9,50600,45.8,79.7,3.6,2,1,Headphones,Email,4,120,0.23,369.6,239.84,129.76,33,3.8,4,No
2368,2026-04-20 08:19:50.796932312,Operations,North,Male,Bachelor,Contract,40,22,129700,33.1,94.7,3.4,5,1,Monitor,Email,4,250,0.02,980.0,799.7,180.3,45,3.8,4,No
2369,2026-04-20 13:08:25.368456152,HR,Central,Male,Bachelor,Full-time,37,19,125200,42.1,47.7,3.7,6,0,Mouse,Store,3,35,0.2,84.0,56.89,27.11,73,4.4,1,No
2370,2026-04-20 17:56:59.939979992,HR,East,Male,Bachelor,Full-time,35,8,74100,34.6,73.1,2.5,4,4,Monitor,Mobile App,6,250,0.09,1365.0,1056.09,308.91,43,3.3,1,No
2371,2026-04-20 22:45:34.511503840,Marketing,Central,Male,PhD,Full-time,32,13,91200,34.9,59.1,3.6,5,4,Smartphone,Email,1,700,0.17,581.0,472.93,108.07,30,3.6,1,No
2372,2026-04-21 03:34:09.083027680,Sales,North,Male,Bachelor,Part-time,35,7,40600,30.7,62.6,4.9,3,1,Laptop,Email,9,900,0.23,6237.0,3769.3,2467.7,18,5.0,6,No
2373,2026-04-21 08:22:43.654551520,Finance,West,Female,Bachelor,Full-time,38,15,99800,45.4,59.6,5.0,4,4,Mouse,Website,11,35,0.13,334.95,254.65,80.3,18,3.7,3,No
2374,2026-04-21 13:11:18.226075360,Sales,South,Female,PhD,Full-time,36,18,105400,38.8,68.2,4.6,1,1,Tablet,Phone,10,500,0.01,4950.0,2606.68,2343.32,38,4.5,6,No
2375,2026-04-21 17:59:52.797599200,HR,West,Male,Master,Full-time,37,15,90800,35.5,86.6,2.0,5,5,Keyboard,Website,3,60,0.01,178.2,129.0,49.2,45,4.0,3,No
2376,2026-04-21 22:48:27.369123040,Marketing,West,Male,Master,Full-time,46,24,140700,40.6,67.1,3.3,0,2,Headphones,Store,3,120,0.08,331.2,246.27,84.93,21,4.0,1,Yes
2377,2026-04-22 03:37:01.940646888,IT,North,Female,High School,Contract,36,15,110100,38.3,76.5,3.1,5,4,Monitor,Mobile App,12,250,0.2,2400.0,1591.7,808.3,41,4.5,6,No
2378,2026-04-22 08:25:36.512170728,Marketing,Central,Male,Bachelor,Full-time,28,0,51600,45.5,83.7,3.6,5,5,Laptop,Phone,3,900,0.07,2511.0,1427.83,1083.17,22,2.7,2,No
2379,2026-04-22 13:14:11.083694568,HR,East,Female,Master,Contract,42,20,112900,34.9,60.9,4.6,6,0,Keyboard,Website,7,60,,386.4,272.42,113.98,27,4.3,5,No
2380,2026-04-22 18:02:45.655218408,Marketing,West,Male,Master,Contract,22,4,65100,39.3,61.6,3.5,6,5,Headphones,Email,8,120,0.2,768.0,606.15,161.85,46,4.4,6,Yes
2381,2026-04-22 22:51:20.226742248,Customer Support,Central,Female,Bachelor,Full-time,24,0,25000,44.3,72.0,2.8,5,3,Keyboard,Email,2,60,0.03,116.4,93.05,23.35,29,4.6,4,No
2382,2026-04-23 03:39:54.798266088,Marketing,East,Female,High School,Full-time,37,9,49000,34.7,48.6,4.4,4,5,Headphones,Phone,1,120,0.21,94.8,70.52,24.28,54,3.7,5,No
2383,2026-04-23 08:28:29.369789928,HR,West,Male,PhD,Contract,39,16,105400,37.7,98.1,3.8,3,5,Tablet,Email,5,500,0.07,2325.0,1392.94,932.06,31,4.0,1,No
2384,2026-04-23 13:17:03.941313776,Operations,East,Male,Bachelor,Full-time,23,0,45600,33.6,72.1,4.1,0,5,Mouse,Website,8,35,0.01,277.2,216.52,60.68,51,2.3,10,No
2385,2026-04-23 18:05:38.512837616,Customer Support,Central,Female,Bachelor,Part-time,31,6,50200,35.7,79.3,4.3,1,0,Keyboard,Website,14,60,0.03,814.8,640.96,173.84,65,3.5,5,No
2386,2026-04-23 22:54:13.084361456,Marketing,South,Male,Bachelor,Contract,29,10,78200,32.2,69.5,3.2,4,0,Keyboard,Email,3,60,0.24,136.8,86.21,50.59,29,4.1,6,No
2387,2026-04-24 03:42:47.655885296,Finance,Central,Male,Bachelor,Part-time,30,6,53600,34.7,80.3,2.6,2,3,Keyboard,Email,6,60,0.11,320.4,184.2,136.2,68,5.0,6,No
2388,2026-04-24 08:31:22.227409136,Finance,North,Female,Bachelor,Part-time,42,19,110400,33.5,69.7,3.7,3,1,Mouse,Store,3,35,0.06,98.7,77.22,21.48,38,5.0,4,No
2389,2026-04-24 13:19:56.798932976,Marketing,East,Female,Bachelor,Contract,40,14,89900,36.7,79.3,3.2,4,4,Laptop,Mobile App,6,900,0.13,4698.0,3690.42,1007.58,30,3.8,4,No
2390,2026-04-24 18:08:31.370456824,Operations,South,Male,PhD,Full-time,34,9,93300,44.9,88.9,3.6,5,0,Headphones,Phone,12,120,0.17,1195.2,657.68,537.52,34,4.6,6,No
2391,2026-04-24 22:57:05.941980664,IT,East,Male,Bachelor,Full-time,29,1,47400,41.4,43.4,4.6,2,4,Tablet,Website,4,500,0.08,1840.0,1490.58,349.42,33,3.9,3,No
2392,2026-04-25 03:45:40.513504504,HR,East,Female,Bachelor,Full-time,22,1,38800,46.5,80.7,3.7,5,3,Keyboard,Phone,14,60,0.18,688.8,468.33,220.47,55,2.9,5,No
2393,2026-04-25 08:34:15.085028344,Finance,West,Female,Master,Part-time,47,21,109600,38.1,65.1,5.0,2,5,Smartphone,Store,11,700,0.06,7238.0,5921.55,1316.45,54,4.4,5,No
2394,2026-04-25 13:22:49.656552184,IT,North,Female,Bachelor,Contract,39,21,120600,35.5,57.6,3.7,5,3,Mouse,Website,7,35,0.03,237.65,155.3,82.35,54,5.0,3,No
2395,2026-04-25 18:11:24.228076024,Marketing,East,Male,Bachelor,Full-time,28,0,45700,39.4,53.2,3.3,5,4,Laptop,Store,11,900,0.14,8514.0,5789.39,2724.61,22,3.7,5,No
2396,2026-04-25 22:59:58.799599872,IT,Central,Female,Bachelor,Full-time,40,17,105100,37.0,73.3,2.5,3,4,Headphones,Store,10,120,0.04,1152.0,691.0,461.0,40,3.4,1,No
2397,2026-04-26 03:48:33.371123712,Customer Support,Central,Male,High School,Full-time,33,8,49300,42.1,75.7,3.7,4,3,Mouse,Email,1,35,0.24,26.6,21.01,5.59,19,4.0,6,Yes
2398,2026-04-26 08:37:07.942647552,Sales,West,Female,High School,Contract,31,3,49500,32.5,63.9,2.8,3,1,Tablet,Phone,1,500,0.0,500.0,326.56,173.44,50,3.9,7,No
2399,2026-04-26 13:25:42.514171392,Finance,North,Male,Master,Full-time,38,10,105600,39.6,55.6,3.9,6,4,Tablet,Phone,5,500,0.19,2025.0,1547.88,477.12,32,5.0,6,No
2400,2026-04-26 18:14:17.085695232,Marketing,North,Male,Master,Full-time,27,6,83600,47.5,73.5,3.4,1,2,Headphones,Email,9,120,0.07,1004.4,546.31,458.09,44,4.7,7,No
2401,2026-04-26 23:02:51.657219072,HR,Central,Female,Master,Contract,31,12,86400,35.4,72.9,3.4,0,5,Keyboard,Phone,5,60,0.21,237.0,179.28,57.72,32,4.1,2,No
2402,2026-04-27 03:51:26.228742920,Operations,South,Male,High School,Full-time,35,7,64400,37.8,79.8,3.6,5,2,Tablet,Email,4,500,0.02,1960.0,1307.46,652.54,18,2.0,4,No
2403,2026-04-27 08:40:00.800266760,Customer Support,West,Female,Bachelor,Contract,30,11,86200,31.4,80.9,3.7,4,4,Laptop,Website,8,900,0.24,5472.0,2854.32,2617.68,49,3.9,4,No
2404,2026-04-27 13:28:35.371790600,Marketing,West,Male,High School,Contract,40,13,78700,45.5,87.1,3.5,3,0,Mouse,Store,13,35,0.03,441.35,259.46,181.89,50,5.0,4,No
2405,2026-04-27 18:17:09.943314440,HR,Central,Male,Bachelor,Contract,51,33,154700,39.5,80.8,5.0,4,3,Laptop,Store,5,900,0.2,3600.0,2081.23,1518.77,40,4.1,3,No
2406,2026-04-27 23:05:44.514838280,Operations,Central,Male,High School,Full-time,27,5,47600,37.4,50.8,2.9,3,1,Keyboard,Phone,1,60,0.13,52.2,38.92,13.28,18,4.6,2,Yes
2407,2026-04-28 03:54:19.086362120,Operations,South,Female,Master,Full-time,19,0,66300,40.2,71.9,4.3,1,2,Laptop,Mobile App,7,900,0.11,5607.0,3718.34,1888.66,47,4.3,7,No
2408,2026-04-28 08:42:53.657885960,Marketing,South,Female,High School,Full-time,18,0,37500,39.6,85.0,4.5,6,2,Laptop,Store,11,900,0.07,9207.0,5228.8,3978.2,29,3.7,2,No
2409,2026-04-28 13:31:28.229409808,Customer Support,North,Male,,Full-time,33,12,67600,36.5,83.0,2.6,2,0,Monitor,Email,4,250,0.21,790.0,471.66,318.34,44,5.0,7,No
2410,2026-04-28 18:20:02.800933648,IT,West,Female,Bachelor,Full-time,28,6,63800,33.0,100.0,3.5,3,4,Laptop,Mobile App,10,900,0.05,8550.0,5738.96,2811.04,32,4.1,5,No
2411,2026-04-28 23:08:37.372457488,IT,West,Male,High School,Contract,36,14,75300,40.8,83.6,3.8,4,0,Headphones,Mobile App,5,120,0.18,492.0,258.74,233.26,33,3.5,4,No
2412,2026-04-29 03:57:11.943981328,Operations,Central,Female,Master,Full-time,35,9,62300,40.1,54.5,3.6,1,1,Mouse,Store,13,35,0.11,404.95,262.1,142.85,44,4.0,5,No
2413,2026-04-29 08:45:46.515505168,IT,North,Female,Master,Full-time,20,0,48500,38.1,51.5,3.6,4,4,Monitor,Store,6,250,0.25,1125.0,813.85,311.15,28,5.0,7,No
2414,2026-04-29 13:34:21.087029008,Sales,West,Male,High School,Full-time,18,0,40400,38.5,72.7,4.0,1,2,Mouse,Store,13,35,0.15,386.75,261.18,125.57,36,3.0,1,Yes
2415,2026-04-29 18:22:55.658552856,Operations,North,Male,Bachelor,Part-time,37,17,100400,45.4,74.0,1.8,8,2,Mouse,Email,7,35,0.03,237.65,166.22,71.43,44,4.2,5,No
2416,2026-04-29 23:11:30.230076696,Operations,North,Male,PhD,Contract,35,15,96200,41.5,64.9,3.4,2,3,Keyboard,Mobile App,11,60,0.1,594.0,367.08,226.92,64,4.1,4,No
2417,2026-04-30 04:00:04.801600536,HR,Central,Female,Master,Full-time,30,12,75700,33.4,82.0,3.2,3,1,Keyboard,Phone,2,60,0.02,117.6,67.61,49.99,37,2.9,4,No
2418,2026-04-30 08:48:39.373124376,IT,North,Male,PhD,Full-time,19,0,67500,46.4,39.3,2.9,4,2,Monitor,Email,14,250,0.07,3255.0,2483.31,771.69,48,4.5,6,No
2419,2026-04-30 13:37:13.944648216,Customer Support,South,Male,High School,Full-time,38,15,95600,43.4,66.0,4.2,3,0,Tablet,Website,1,500,0.09,455.0,360.22,94.78,24,4.2,3,No
2420,2026-04-30 18:25:48.516172056,Operations,South,Female,Bachelor,Full-time,45,24,112100,43.0,42.3,4.3,2,2,Smartphone,Store,12,700,0.21,6636.0,4467.5,2168.5,58,4.6,2,No
2421,2026-04-30 23:14:23.087695904,Customer Support,East,Female,High School,Full-time,37,9,63600,36.0,62.2,,2,0,Keyboard,Mobile App,3,60,0.21,142.2,86.96,55.24,28,4.8,1,No
2422,2026-05-01 04:02:57.659219744,Sales,Central,Male,Bachelor,Full-time,26,1,36500,44.3,67.5,4.2,5,0,Smartphone,Email,10,700,0.0,7000.0,4713.53,2286.47,36,4.0,2,No
2423,2026-05-01 08:51:32.230743584,HR,East,Male,Master,Full-time,34,15,90800,40.9,85.7,2.5,3,5,Keyboard,Website,12,60,0.13,626.4,490.91,135.49,44,3.6,5,No
2424,2026-05-01 13:40:06.802267424,Marketing,South,Female,High School,Full-time,22,0,25000,34.2,56.1,3.6,2,5,Keyboard,Email,1,60,0.06,56.4,41.03,15.37,29,3.0,5,No
2425,2026-05-01 18:28:41.373791264,Customer Support,East,Female,Bachelor,Part-time,44,25,126100,41.4,70.2,4.4,6,5,Mouse,Email,4,35,0.08,128.8,100.15,28.65,51,,6,No
2426,2026-05-01 23:17:15.945315104,Operations,Central,Female,Bachelor,Full-time,35,11,72100,44.8,65.2,1.5,2,4,Monitor,Phone,6,250,0.01,1485.0,918.49,566.51,30,4.0,3,Yes
2427,2026-05-02 04:05:50.516838952,Sales,Central,Female,Master,Contract,18,0,40800,42.8,70.4,4.8,3,4,Mouse,Phone,5,35,0.19,141.75,103.99,37.76,48,3.3,3,No
2428,2026-05-02 08:54:25.088362792,Finance,North,Male,High School,Contract,31,13,92400,31.0,67.0,2.5,4,2,Headphones,Email,13,120,0.24,1185.6,848.79,336.81,51,4.4,7,No
2429,2026-05-02 13:42:59.659886632,Sales,West,Male,Bachelor,Full-time,38,14,95300,42.0,68.7,2.8,2,2,Mouse,Website,11,35,0.05,365.75,252.91,112.84,45,3.4,6,No
2430,2026-05-02 18:31:34.231410472,Sales,North,Female,Bachelor,Full-time,31,7,54900,38.2,63.5,4.1,3,0,Smartphone,Mobile App,4,700,0.09,2548.0,1728.74,819.26,47,2.8,6,No
2431,2026-05-02 23:20:08.802934312,HR,Central,Male,High School,Contract,32,5,50200,30.6,76.8,5.0,3,4,Smartphone,Mobile App,7,700,0.05,4655.0,3190.04,1464.96,68,3.6,1,No
2432,2026-05-03 04:08:43.374458152,Marketing,South,Male,Bachelor,Contract,23,0,44200,43.2,86.3,2.8,4,2,Headphones,Store,13,120,0.23,1201.2,930.81,270.39,43,4.1,8,No
2433,2026-05-03 08:57:17.945982000,Finance,South,Male,Bachelor,Full-time,39,18,104300,43.4,72.5,2.9,4,4,Laptop,Store,11,900,0.0,9900.0,7868.5,2031.5,39,3.1,4,No
2434,2026-05-03 13:45:52.517505840,IT,North,Female,Master,Full-time,28,3,71500,39.8,98.1,4.5,8,1,Laptop,Mobile App,11,900,0.15,8415.0,4660.72,3754.28,42,3.4,4,No
2435,2026-05-03 18:34:27.089029680,IT,Central,Male,Bachelor,Full-time,18,0,45100,34.9,73.0,3.6,6,0,Headphones,Email,6,120,0.22,561.6,387.86,173.74,53,3.6,5,No
2436,2026-05-03 23:23:01.660553520,Customer Support,South,Female,Bachelor,Full-time,31,12,71900,47.0,82.5,3.3,6,5,Headphones,Email,3,120,0.05,342.0,272.07,69.93,66,3.7,4,No
2437,2026-05-04 04:11:36.232077360,Sales,Central,Male,PhD,Full-time,43,24,129600,42.7,62.1,3.7,3,4,Mouse,Phone,9,35,0.15,267.75,150.05,117.7,36,4.2,4,No
2438,2026-05-04 09:00:10.803601200,HR,South,Female,PhD,Full-time,31,12,109400,43.0,70.5,5.0,3,2,Headphones,Phone,5,120,0.01,594.0,382.45,211.55,27,4.4,4,No
2439,2026-05-04 13:48:45.375125040,HR,Central,Female,Master,Full-time,50,30,142600,44.6,68.0,4.1,7,0,Monitor,Store,13,250,0.2,2600.0,1421.48,1178.52,52,3.7,5,No
2440,2026-05-04 18:37:19.946648888,IT,East,Female,Bachelor,Full-time,38,15,93300,46.1,56.1,3.8,5,3,Laptop,Mobile App,10,900,0.07,8370.0,4637.34,3732.66,22,3.3,6,Yes
2441,2026-05-04 23:25:54.518172728,Customer Support,Central,Male,Bachelor,Contract,37,19,90100,41.6,62.0,4.0,1,0,Laptop,Email,1,900,0.25,675.0,534.08,140.92,41,4.1,6,No
2442,2026-05-05 04:14:29.089696568,Customer Support,Central,Male,Bachelor,Contract,33,5,51300,34.3,76.6,3.8,3,1,Tablet,Mobile App,13,500,,5005.0,3272.54,1732.46,42,4.4,2,Yes
2443,2026-05-05 09:03:03.661220408,Customer Support,North,Male,PhD,Contract,33,14,89800,36.6,88.7,4.2,1,0,Headphones,Website,6,120,0.18,590.4,429.0,161.4,37,5.0,3,Yes
2444,2026-05-05 13:51:38.232744248,Finance,East,Male,Master,Full-time,32,5,61100,37.4,79.3,3.0,6,5,Keyboard,Mobile App,5,60,0.12,264.0,148.28,115.72,37,4.8,6,No
2445,2026-05-05 18:40:12.804268088,Marketing,West,Male,Bachelor,Full-time,31,12,85200,46.1,76.4,3.4,3,5,Keyboard,Website,10,60,0.19,486.0,255.92,230.08,18,3.1,1,No
2446,2026-05-05 23:28:47.375791936,Finance,North,Female,High School,Part-time,39,21,115500,41.1,60.8,3.5,1,4,Headphones,Phone,8,120,0.03,931.2,732.99,198.21,28,3.9,4,No
2447,2026-05-06 04:17:21.947315776,Operations,West,Male,High School,Full-time,26,6,41900,36.6,78.3,2.8,5,4,Monitor,Phone,4,250,0.08,920.0,636.97,283.03,49,4.3,2,No
2448,2026-05-06 09:05:56.518839616,Operations,South,Male,Bachelor,Full-time,24,0,44500,39.0,63.8,2.6,5,2,Keyboard,Store,12,60,0.01,712.8,374.93,337.87,18,3.4,5,No
2449,2026-05-06 13:54:31.090363456,Marketing,West,Male,Bachelor,Full-time,24,0,36300,46.6,56.8,4.6,0,2,Tablet,Mobile App,1,500,0.16,420.0,343.43,76.57,37,3.8,2,No
2450,2026-05-06 18:43:05.661887296,IT,Central,Male,Bachelor,Contract,52,34,177200,43.1,60.3,4.1,3,0,Smartphone,Mobile App,11,700,0.2,6160.0,4112.77,2047.23,34,4.5,3,No
2451,2026-05-06 23:31:40.233411136,Marketing,West,Female,Bachelor,Full-time,39,15,101300,45.2,70.4,4.9,5,5,Headphones,Website,2,120,0.24,182.4,120.89,61.51,18,4.2,3,No
2452,2026-05-07 04:20:14.804934984,HR,North,Female,Bachelor,Full-time,37,15,73000,34.4,65.0,3.9,0,0,Monitor,Phone,8,250,0.17,1660.0,1172.42,487.58,58,4.0,4,No
2453,2026-05-07 09:08:49.376458824,Operations,North,Female,Bachelor,Full-time,24,0,44900,39.0,75.7,3.8,4,5,Monitor,Website,10,250,0.18,2050.0,1070.86,979.14,26,3.5,6,No
2454,2026-05-07 13:57:23.947982664,Sales,West,Female,High School,Contract,40,21,120200,36.8,67.1,3.3,7,0,Mouse,Phone,8,35,0.22,218.4,150.86,67.54,45,3.0,6,No
2455,2026-05-07 18:45:58.519506504,Sales,North,Male,Bachelor,Full-time,33,15,91400,47.5,75.6,4.3,3,4,Monitor,Website,13,250,0.23,2502.5,1773.89,728.61,32,3.8,4,No
2456,2026-05-07 23:34:33.091030344,IT,North,Female,Master,Full-time,36,10,96200,39.3,68.0,2.5,1,4,Keyboard,Phone,14,60,0.12,739.2,450.24,288.96,28,3.9,2,Yes
2457,2026-05-08 04:23:07.662554184,HR,West,Male,Bachelor,Full-time,25,0,37000,37.1,71.4,3.7,1,3,Smartphone,Website,5,700,0.03,3395.0,2505.7,889.3,35,3.0,9,No
2458,2026-05-08 09:11:42.234078032,Finance,East,Female,Bachelor,Full-time,35,8,79800,30.0,59.2,4.2,4,3,Keyboard,Phone,6,60,0.12,316.8,200.61,116.19,34,4.0,4,No
2459,2026-05-08 14:00:16.805601872,HR,East,Female,Bachelor,Full-time,30,7,63000,47.1,90.7,3.4,1,3,Headphones,Website,2,120,0.14,206.4,151.77,54.63,36,4.3,5,No
2460,2026-05-08 18:48:51.377125712,Sales,South,Male,Bachelor,Full-time,27,5,36300,47.3,50.8,3.9,5,2,Smartphone,Mobile App,11,700,0.16,6468.0,3642.44,2825.56,29,3.5,4,No
2461,2026-05-08 23:37:25.948649552,Sales,North,Male,Bachelor,Contract,41,16,91900,29.7,100.0,4.8,2,4,Headphones,Store,12,120,0.25,1080.0,857.64,222.36,26,4.3,5,Yes
2462,2026-05-09 04:26:00.520173392,Operations,West,Female,Bachelor,Part-time,20,0,36300,41.1,78.2,3.3,4,0,Monitor,Website,9,250,0.23,1732.5,1358.0,374.5,50,4.2,2,No
2463,2026-05-09 09:14:35.091697232,HR,North,Male,Bachelor,Full-time,39,17,100900,44.7,51.7,3.8,2,0,Tablet,Store,6,500,0.1,2700.0,1526.01,1173.99,38,,5,No
2464,2026-05-09 14:03:09.663221072,HR,Central,Male,Master,Full-time,40,16,108600,42.4,73.3,4.3,2,3,Laptop,Mobile App,12,900,0.03,10476.0,8396.89,2079.11,37,3.7,8,No
2465,2026-05-09 18:51:44.234744920,Sales,North,Male,Master,Full-time,26,8,70000,37.8,74.9,3.2,2,2,Smartphone,Mobile App,9,700,0.05,5985.0,4113.69,1871.31,27,3.8,1,Yes
2466,2026-05-09 23:40:18.806268760,Finance,North,Female,Bachelor,Contract,27,6,53000,35.3,91.4,2.6,1,2,Mouse,Phone,11,35,0.04,369.6,269.99,99.61,57,3.4,4,No
2467,2026-05-10 04:28:53.377792600,IT,East,Female,Master,Full-time,32,13,103300,45.8,54.5,4.1,1,3,Laptop,Store,10,900,0.09,8190.0,6323.4,1866.6,37,4.2,2,No
2468,2026-05-10 09:17:27.949316440,Customer Support,West,Female,Bachelor,Full-time,37,10,61000,43.9,54.5,3.6,1,0,Monitor,Email,3,250,0.22,585.0,318.87,266.13,18,3.4,6,No
2469,2026-05-10 14:06:02.520840280,IT,North,Female,High School,Full-time,33,13,83000,43.2,76.5,3.5,2,2,Monitor,Phone,6,250,0.11,1335.0,762.0,573.0,41,3.5,6,No
2470,2026-05-10 18:54:37.092364120,HR,East,Male,Bachelor,Full-time,38,20,126400,45.9,74.5,3.6,5,5,Laptop,Store,10,900,0.14,7740.0,4699.09,3040.91,29,4.3,4,No
2471,2026-05-10 23:43:11.663887968,IT,South,Male,Bachelor,Full-time,50,22,118900,50.9,91.1,2.6,2,5,Mouse,Website,5,35,0.04,168.0,111.41,56.59,49,3.8,4,No
2472,2026-05-11 04:31:46.235411808,Sales,East,Male,High School,Full-time,29,1,25000,38.4,59.0,3.3,2,1,Smartphone,Website,9,700,0.12,5544.0,3458.44,2085.56,50,4.0,2,No
2473,2026-05-11 09:20:20.806935648,Sales,East,Male,Bachelor,Full-time,19,0,42400,38.4,58.0,4.1,4,5,Smartphone,Mobile App,13,700,0.22,7098.0,4768.11,2329.89,49,2.8,1,No
2474,2026-05-11 14:08:55.378459488,HR,East,Female,Master,Contract,41,23,128900,38.0,96.3,3.5,4,3,Laptop,Email,10,900,0.19,7290.0,4197.4,3092.6,32,3.6,3,No
2475,2026-05-11 18:57:29.949983328,HR,North,Male,Bachelor,Contract,49,24,126900,35.4,71.4,3.1,7,0,Headphones,Website,1,120,0.02,117.6,85.22,32.38,37,5.0,4,No
2476,2026-05-11 23:46:04.521507168,Customer Support,North,Female,Bachelor,Full-time,38,17,100100,46.0,62.3,2.9,3,1,Keyboard,Store,9,60,0.22,421.2,226.07,195.13,41,2.8,4,No
2477,2026-05-12 04:34:39.093031016,Customer Support,South,Female,Bachelor,Full-time,24,4,48300,46.7,81.2,3.7,4,4,Tablet,Store,5,500,0.07,2325.0,1461.11,863.89,49,5.0,1,No
2478,2026-05-12 09:23:13.664554856,Operations,Central,Female,Bachelor,Full-time,33,15,91900,45.3,45.3,4.2,4,0,Headphones,Website,1,120,0.17,99.6,57.14,42.46,26,4.2,1,No
2479,2026-05-12 14:11:48.236078696,HR,Central,Male,High School,Full-time,24,5,56000,48.3,76.9,4.3,6,1,Smartphone,Store,10,700,0.04,6720.0,4965.95,1754.05,39,3.6,1,No
2480,2026-05-12 19:00:22.807602536,Finance,Central,Male,PhD,Full-time,40,20,144500,40.5,63.8,3.1,0,4,Keyboard,Store,8,60,0.17,398.4,312.78,85.62,60,3.9,4,No
2481,2026-05-12 23:48:57.379126376,IT,South,Female,Bachelor,Full-time,22,2,43700,41.9,65.5,4.8,5,2,Tablet,Mobile App,7,500,0.01,3465.0,1883.7,1581.3,32,4.9,5,No
2482,2026-05-13 04:37:31.950650216,HR,Central,Female,Master,Contract,31,8,64500,43.3,88.8,3.6,7,0,Tablet,Email,14,500,0.15,5950.0,4495.29,1454.71,38,2.4,2,No
2483,2026-05-13 09:26:06.522174064,Marketing,Central,Male,High School,Full-time,25,0,36700,37.9,77.6,2.2,3,0,Tablet,Mobile App,6,500,0.16,2520.0,1987.57,532.43,69,5.0,3,No
2484,2026-05-13 14:14:41.093697904,Operations,East,Female,Master,Full-time,35,10,82300,34.6,57.3,3.6,4,2,Monitor,Email,2,250,0.06,470.0,381.73,88.27,35,4.2,3,No
2485,2026-05-13 19:03:15.665221744,Marketing,North,Male,Master,Full-time,31,8,54900,40.7,72.7,2.7,6,0,Tablet,Store,5,500,0.23,1925.0,1335.6,589.4,20,4.7,8,No
2486,2026-05-13 23:51:50.236745584,Sales,North,Female,Master,Full-time,36,17,98300,37.7,73.5,3.8,0,3,Mouse,Email,3,35,0.01,103.95,64.26,39.69,37,2.8,3,No
2487,2026-05-14 04:40:24.808269424,Customer Support,East,Female,Master,Part-time,34,15,95200,50.8,68.6,3.7,2,1,Laptop,Store,2,900,0.22,1404.0,865.7,538.3,58,3.8,3,No
2488,2026-05-14 09:28:59.379793264,IT,East,Male,High School,Contract,25,1,46600,32.6,59.5,2.3,4,4,Smartphone,Store,14,700,0.1,8820.0,5589.15,3230.85,51,2.4,2,No
2489,2026-05-14 14:17:33.951317104,HR,East,Male,Bachelor,Full-time,40,22,108800,39.7,74.9,4.7,7,4,Mouse,Mobile App,10,35,0.18,287.0,201.99,85.01,26,4.8,1,No
2490,2026-05-14 19:06:08.522840952,Marketing,North,Female,Bachelor,Contract,34,16,113100,41.4,81.1,3.0,3,1,Laptop,Mobile App,1,900,0.16,756.0,504.3,251.7,43,3.3,5,No
2491,2026-05-14 23:54:43.094364792,IT,Central,Female,Bachelor,Full-time,25,1,51300,35.9,77.9,2.0,4,3,Headphones,Phone,9,120,0.04,1036.8,742.44,294.36,36,3.3,3,No
2492,2026-05-15 04:43:17.665888632,Sales,East,Male,Master,Part-time,54,28,144100,37.7,62.7,4.5,4,0,Headphones,Website,2,120,0.08,220.8,117.42,103.38,48,2.6,3,Yes
2493,2026-05-15 09:31:52.237412472,Customer Support,South,Female,Bachelor,Full-time,38,16,90200,40.3,69.9,4.0,3,2,Laptop,Phone,13,900,0.13,10179.0,5616.41,4562.59,31,4.3,4,No
2494,2026-05-15 14:20:26.808936312,Finance,East,Female,High School,Full-time,33,5,57400,34.2,43.3,3.3,0,2,Mouse,Phone,11,35,0.21,304.15,247.26,56.89,44,4.1,1,No
2495,2026-05-15 19:09:01.380460152,Operations,West,Female,Bachelor,Full-time,47,29,139800,42.0,92.8,3.5,6,0,Laptop,Email,1,900,0.24,684.0,559.93,124.07,61,3.5,8,No
2496,2026-05-15 23:57:35.951984000,IT,East,Female,Master,Full-time,51,29,137800,47.9,64.2,3.4,2,5,Tablet,Store,14,500,0.01,6930.0,5155.9,1774.1,18,4.2,1,No
2497,2026-05-16 04:46:10.523507840,IT,North,Female,PhD,Contract,33,5,73600,38.1,65.2,2.2,5,4,Monitor,Store,7,250,0.09,1592.5,950.59,641.91,45,3.5,8,No
2498,2026-05-16 09:34:45.095031680,Finance,East,Female,Bachelor,Full-time,37,19,106700,43.8,54.9,2.4,4,1,Smartphone,Store,9,700,0.17,5229.0,4214.65,1014.35,54,2.8,4,No
2499,2026-05-16 14:23:19.666555520,IT,West,Male,Bachelor,Full-time,25,0,55300,48.5,83.2,4.3,0,1,Headphones,Website,6,120,0.13,626.4,365.89,260.51,19,3.7,3,No
2500,2026-05-16 19:11:54.238079360,Sales,South,Female,Bachelor,Contract,33,7,58800,45.0,85.4,3.8,3,4,Smartphone,Email,8,700,0.24,4256.0,3147.01,1108.99,29,5.0,5,No
2501,2026-05-17 00:00:28.809603200,Sales,Central,Male,Bachelor,Full-time,32,11,68000,36.4,64.6,4.2,4,1,Monitor,Email,11,250,,2750.0,1525.09,1224.91,33,4.7,3,No
2502,2026-05-17 04:49:03.381127048,Finance,East,Female,High School,Full-time,36,10,81500,32.3,57.2,4.5,1,4,Tablet,Store,7,500,0.11,3115.0,2226.2,888.8,29,4.3,6,Yes
2503,2026-05-17 09:37:37.952650888,Operations,West,Female,Master,Contract,37,18,120200,38.4,72.3,1.0,8,3,Tablet,Phone,9,500,0.17,3735.0,2793.24,941.76,28,4.2,5,No
2504,2026-05-17 14:26:12.524174728,HR,West,Male,Bachelor,Contract,39,15,73700,40.3,67.7,3.2,5,0,Headphones,Website,7,120,0.05,798.0,620.76,177.24,34,3.7,5,No
2505,2026-05-17 19:14:47.095698568,Marketing,South,Male,Bachelor,Full-time,36,17,96400,29.7,81.7,2.6,7,4,Headphones,Phone,13,120,0.18,1279.2,946.98,332.22,48,4.5,6,No
2506,2026-05-18 00:03:21.667222408,HR,North,Male,High School,Full-time,23,2,25000,40.1,70.3,3.4,4,3,Tablet,Mobile App,6,500,0.02,2940.0,2343.31,596.69,56,4.4,4,No
2507,2026-05-18 04:51:56.238746248,IT,East,Male,Master,Contract,26,3,62700,35.9,69.4,2.0,2,4,Keyboard,Email,1,60,0.11,53.4,36.11,17.29,54,3.9,6,No
2508,2026-05-18 09:40:30.810270096,Marketing,West,Male,Master,Full-time,29,10,95000,39.4,80.7,4.0,0,3,Smartphone,Email,9,700,0.17,5229.0,3781.76,1447.24,50,4.1,5,No
2509,2026-05-18 14:29:05.381793936,Finance,South,Female,Bachelor,Full-time,31,12,85800,38.4,51.5,4.0,1,3,Monitor,Phone,10,250,0.07,2325.0,1466.76,858.24,60,2.9,7,No
2510,2026-05-18 19:17:39.953317776,Finance,Central,Male,Master,Full-time,43,24,121600,39.0,68.0,5.0,2,3,Smartphone,Website,5,700,0.02,3430.0,1794.29,1635.71,62,3.7,3,No
2511,2026-05-19 00:06:14.524841616,Operations,West,Male,Bachelor,Full-time,24,4,39800,43.8,74.5,3.4,1,0,Monitor,Email,13,250,0.24,2470.0,1845.11,624.89,40,3.2,7,No
2512,2026-05-19 04:54:49.096365456,Marketing,South,Male,Bachelor,Full-time,31,9,59100,35.0,66.4,4.0,3,4,Keyboard,Phone,2,60,0.23,92.4,72.16,20.24,55,3.2,2,No
2513,2026-05-19 09:43:23.667889296,Sales,North,Female,Bachelor,Part-time,43,17,90500,30.9,75.6,4.3,2,5,Mouse,Website,14,35,0.23,377.3,215.88,161.42,43,4.3,1,No
2514,2026-05-19 14:31:58.239413136,Marketing,North,Female,Master,Full-time,31,8,54000,44.1,74.9,4.9,4,4,Monitor,Phone,12,250,0.24,2280.0,1205.19,1074.81,35,3.1,1,No
2515,2026-05-19 19:20:32.810936984,IT,West,Female,Bachelor,Contract,38,12,93000,43.2,83.4,2.6,0,4,Smartphone,Website,11,700,0.05,7315.0,4164.8,3150.2,37,4.5,3,No
2516,2026-05-20 00:09:07.382460824,Sales,West,Male,Master,Full-time,33,6,69900,42.7,68.4,4.2,3,3,Laptop,Store,8,900,0.04,6912.0,5450.71,1461.29,50,4.7,5,No
2517,2026-05-20 04:57:41.953984664,Customer Support,East,Female,Bachelor,Full-time,36,14,78800,35.6,45.6,3.8,4,1,Tablet,Website,13,500,0.01,6435.0,3916.68,2518.32,56,4.0,4,No
2518,2026-05-20 09:46:16.525508504,Customer Support,South,Female,Master,Full-time,32,4,72400,43.1,51.9,2.2,1,1,Tablet,Mobile App,4,500,0.22,1560.0,920.57,639.43,45,3.6,6,Yes
2519,2026-05-20 14:34:51.097032344,Customer Support,West,Female,Master,Part-time,40,17,95600,33.6,78.0,3.9,6,4,Keyboard,Store,14,60,0.19,680.4,356.79,323.61,33,4.7,2,No
2520,2026-05-20 19:23:25.668556184,Finance,East,Female,Bachelor,Full-time,20,0,53800,38.5,74.4,4.1,2,1,Monitor,Phone,3,250,0.16,630.0,383.74,246.26,32,4.4,7,No
2521,2026-05-21 00:12:00.240080032,Marketing,East,Male,Master,Full-time,31,6,51500,47.6,69.1,2.2,4,5,Mouse,Store,13,35,0.23,350.35,257.4,92.95,18,4.8,7,No
2522,2026-05-21 05:00:34.811603872,Customer Support,West,Male,Bachelor,Contract,37,17,95200,43.0,70.0,3.4,1,1,Monitor,Store,1,250,0.14,215.0,173.66,41.34,42,3.2,6,No
2523,2026-05-21 09:49:09.383127712,HR,North,Male,PhD,Contract,39,20,126100,39.6,63.6,3.6,2,1,Tablet,Phone,5,500,0.03,2425.0,1488.52,936.48,42,3.8,7,No
2524,2026-05-21 14:37:43.954651552,Operations,South,Male,Master,Full-time,47,27,133100,39.3,63.6,3.5,2,3,Headphones,Phone,3,120,0.04,345.6,204.67,140.93,25,3.8,1,No
2525,2026-05-21 19:26:18.526175392,HR,South,Male,High School,Full-time,30,4,45500,34.5,64.9,4.0,1,4,Laptop,Mobile App,4,900,0.03,3492.0,2746.18,745.82,44,4.1,5,No
2526,2026-05-22 00:14:53.097699232,Customer Support,North,Male,Master,Full-time,47,24,117500,48.1,68.4,3.0,3,5,Keyboard,Phone,9,60,0.08,496.8,385.39,111.41,43,4.4,5,No
2527,2026-05-22 05:03:27.669223080,Operations,West,Male,Bachelor,Full-time,28,1,38700,45.1,73.6,2.6,3,5,Headphones,Email,11,120,0.09,1201.2,742.88,458.32,20,4.1,6,No
2528,2026-05-22 09:52:02.240746920,IT,South,Male,PhD,Contract,46,25,150000,44.0,71.0,3.9,2,4,Smartphone,Email,14,700,0.2,7840.0,4238.63,3601.37,34,4.9,6,No
2529,2026-05-22 14:40:36.812270760,HR,West,Female,Master,Full-time,41,14,78400,39.5,67.7,4.8,3,5,Mouse,Mobile App,7,35,0.05,232.75,190.3,42.45,55,3.7,5,No
2530,2026-05-22 19:29:11.383794600,Marketing,West,Female,High School,Full-time,26,6,56700,38.2,81.0,4.7,2,2,Headphones,Website,11,120,0.18,1082.4,783.89,298.51,30,3.3,5,No
2531,2026-05-23 00:17:45.955318440,Marketing,East,Male,Bachelor,Full-time,37,18,104300,36.2,83.3,5.0,4,2,Smartphone,Website,5,700,0.12,3080.0,2457.76,622.24,38,3.5,6,No
2532,2026-05-23 05:06:20.526842280,HR,North,Male,Bachelor,Full-time,34,13,77100,47.2,89.4,3.2,4,1,Headphones,Email,8,120,0.25,720.0,448.24,271.76,40,3.4,3,No
2533,2026-05-23 09:54:55.098366128,Customer Support,West,Female,Master,Full-time,40,14,91200,30.9,69.5,3.4,1,4,Mouse,Phone,6,35,,170.1,121.5,48.6,38,3.7,5,No
2534,2026-05-23 14:43:29.669889968,Marketing,Central,Female,Master,Contract,32,11,73200,42.8,65.2,1.8,4,1,Headphones,Mobile App,10,120,0.24,912.0,658.78,253.22,46,3.8,3,No
2535,2026-05-23 19:32:04.241413808,IT,North,Female,Bachelor,Full-time,31,9,68200,32.1,71.2,3.0,4,3,Keyboard,Website,2,60,0.09,109.2,85.38,23.82,49,3.8,4,No
2536,2026-05-24 00:20:38.812937648,Sales,South,Male,Master,Full-time,46,21,113900,39.0,64.9,2.2,2,4,Tablet,Website,7,500,0.03,3395.0,2776.83,618.17,53,4.2,1,No
2537,2026-05-24 05:09:13.384461488,Customer Support,East,Female,Bachelor,Full-time,33,14,88200,39.9,71.8,3.2,2,5,Monitor,Store,1,250,0.13,217.5,120.19,97.31,34,3.7,2,No
2538,2026-05-24 09:57:47.955985328,IT,South,Male,High School,Full-time,41,13,87800,33.6,77.3,4.6,3,3,Headphones,Email,3,120,,349.2,247.7,101.5,44,4.7,3,No
2539,2026-05-24 14:46:22.527509168,Operations,South,Female,Bachelor,Full-time,32,12,76100,35.7,73.4,4.4,7,3,Keyboard,Phone,12,60,0.12,633.6,393.42,240.18,48,2.6,3,No
2540,2026-05-24 19:34:57.099033016,IT,North,Female,Bachelor,Contract,49,26,142000,43.6,69.9,3.2,3,4,Monitor,Mobile App,1,250,0.07,232.5,177.51,54.99,37,2.4,3,No
2541,2026-05-25 00:23:31.670556856,Customer Support,South,Male,High School,Full-time,28,4,33800,47.4,80.3,3.0,6,1,Smartphone,Website,14,700,0.12,8624.0,6435.61,2188.39,29,4.7,2,No
2542,2026-05-25 05:12:06.242080696,Operations,West,Female,High School,Full-time,28,7,46500,41.6,93.8,2.9,5,2,Monitor,Store,1,250,0.24,190.0,149.67,40.33,40,4.6,3,No
2543,2026-05-25 10:00:40.813604536,Customer Support,South,Male,High School,Full-time,48,30,129800,36.6,62.8,4.2,8,1,Smartphone,Email,5,700,0.07,3255.0,2028.23,1226.77,31,4.9,6,No
2544,2026-05-25 14:49:15.385128376,Marketing,East,Female,Master,Full-time,30,6,56300,35.2,76.3,3.2,1,2,Headphones,Email,6,120,0.25,540.0,310.69,229.31,30,4.4,3,No
2545,2026-05-25 19:37:49.956652216,Sales,East,Male,Bachelor,Full-time,48,22,103300,36.3,69.5,3.7,1,0,Keyboard,Mobile App,12,60,0.06,676.8,356.36,320.44,41,4.0,7,No
2546,2026-05-26 00:26:24.528176064,Customer Support,Central,Male,Bachelor,Full-time,42,24,125100,39.9,61.0,4.0,2,2,Tablet,Website,3,500,0.05,1425.0,850.23,574.77,36,3.8,6,No
2547,2026-05-26 05:14:59.099699904,Customer Support,East,Male,Bachelor,Full-time,33,15,105300,41.3,62.6,4.1,8,4,Headphones,Mobile App,14,120,0.14,1444.8,910.44,534.36,40,2.9,3,No
2548,2026-05-26 10:03:33.671223744,Marketing,South,Female,Bachelor,Full-time,18,0,25000,46.1,66.7,1.3,3,2,Smartphone,Mobile App,3,700,0.21,1659.0,1333.54,325.46,19,4.1,5,No
2549,2026-05-26 14:52:08.242747584,Finance,East,Male,Bachelor,Full-time,34,7,63800,39.6,92.5,3.9,4,0,Mouse,Store,3,35,0.19,85.05,56.76,28.29,36,3.0,1,No
2550,2026-05-26 19:40:42.814271424,Marketing,North,Female,Bachelor,Full-time,35,11,76100,36.7,84.4,3.6,4,5,Monitor,Email,1,250,0.18,205.0,140.82,64.18,18,5.0,2,Yes
2551,2026-05-27 00:29:17.385795264,Operations,East,Female,Bachelor,Full-time,45,17,82000,34.4,60.4,2.1,1,5,Headphones,Phone,5,120,0.07,558.0,437.49,120.51,25,3.3,4,No
2552,2026-05-27 05:17:51.957319112,Marketing,West,Male,Master,Full-time,48,22,118000,39.0,79.1,4.6,2,2,Smartphone,Email,1,700,0.01,693.0,544.37,148.63,37,3.9,5,No
2553,2026-05-27 10:06:26.528842952,Marketing,North,Male,Bachelor,Part-time,28,8,62600,31.8,59.4,3.7,3,1,Monitor,Email,10,250,0.04,2400.0,1628.1,771.9,53,5.0,7,No
2554,2026-05-27 14:55:01.100366792,Sales,Central,Female,Bachelor,Part-time,41,16,97300,37.0,63.9,2.3,8,2,Smartphone,Store,10,700,0.09,6370.0,3529.69,2840.31,44,3.7,4,No
2555,2026-05-27 19:43:35.671890632,Marketing,West,Female,Bachelor,Contract,41,15,81500,33.7,89.1,3.0,2,4,Keyboard,Phone,3,60,0.24,136.8,82.24,54.56,39,3.7,4,No
2556,2026-05-28 00:32:10.243414472,Customer Support,South,Male,High School,Full-time,44,24,106900,38.7,97.8,3.3,4,4,Laptop,Website,13,900,0.23,9009.0,5919.51,3089.49,33,2.2,4,No
2557,2026-05-28 05:20:44.814938312,Sales,South,Female,Master,Full-time,38,18,115700,42.3,47.4,5.0,2,3,Headphones,Phone,6,120,0.05,684.0,509.82,174.18,35,3.1,8,No
2558,2026-05-28 10:09:19.386462160,HR,South,Male,Master,Full-time,18,0,45800,41.9,72.4,2.8,3,1,Tablet,Website,11,500,0.18,4510.0,3308.11,1201.89,54,4.4,7,No
2559,2026-05-28 14:57:53.957986000,Finance,West,Male,Bachelor,Full-time,33,14,98600,43.4,77.3,2.9,4,1,Headphones,Phone,6,120,0.14,619.2,441.37,177.83,25,5.0,5,No
2560,2026-05-28 19:46:28.529509840,Sales,West,Male,Bachelor,Full-time,24,0,25000,35.4,68.4,3.6,3,2,Monitor,Mobile App,3,250,0.01,742.5,582.17,160.33,29,3.4,6,No
2561,2026-05-29 00:35:03.101033680,Operations,West,Female,Master,Full-time,32,12,81000,47.1,73.8,5.0,4,2,Keyboard,Phone,9,60,0.09,491.4,373.85,117.55,51,4.1,5,No
2562,2026-05-29 05:23:37.672557520,HR,North,Female,Bachelor,Part-time,43,19,115100,43.3,66.7,3.3,5,4,Smartphone,Store,8,700,0.12,4928.0,4014.52,913.48,34,5.0,6,Yes
2563,2026-05-29 10:12:12.244081360,Sales,North,Female,Bachelor,Full-time,37,15,88700,43.1,80.2,3.1,0,3,Mouse,Website,11,35,0.17,319.55,251.41,68.14,61,4.4,6,No
2564,2026-05-29 15:00:46.815605200,Sales,South,Female,Bachelor,Contract,44,17,95400,45.6,67.6,3.6,2,0,Tablet,Email,3,500,0.07,1395.0,807.28,587.72,46,4.7,3,No
2565,2026-05-29 19:49:21.387129048,Finance,East,Male,Master,Full-time,37,12,91300,40.9,79.3,3.2,1,2,Keyboard,Store,5,60,0.23,231.0,124.11,106.89,52,3.5,4,No
2566,2026-05-30 00:37:55.958652888,Customer Support,South,Female,Master,Full-time,22,0,54100,39.4,84.8,,2,1,Headphones,Website,5,120,0.11,534.0,344.08,189.92,18,5.0,4,No
2567,2026-05-30 05:26:30.530176728,Operations,Central,Male,Bachelor,Contract,18,0,31300,46.7,83.0,4.3,3,5,Mouse,Website,14,35,0.06,460.6,324.84,135.76,51,3.5,4,No
2568,2026-05-30 10:15:05.101700568,IT,North,Male,Bachelor,Full-time,35,9,85500,35.8,69.6,3.1,0,2,Keyboard,Email,5,60,0.08,276.0,196.77,79.23,28,3.4,3,No
2569,2026-05-30 15:03:39.673224408,IT,West,Female,Bachelor,Contract,32,8,78400,38.9,42.7,3.2,7,3,Laptop,Mobile App,3,900,0.19,2187.0,1312.76,874.24,47,5.0,5,No
2570,2026-05-30 19:52:14.244748248,Sales,North,Female,Master,Full-time,25,3,42200,45.8,78.4,4.3,6,1,Tablet,Store,5,500,0.16,2100.0,1633.73,466.27,34,3.6,3,No
2571,2026-05-31 00:40:48.816272096,Marketing,West,Female,High School,Full-time,19,0,28300,39.0,53.2,2.4,8,5,Monitor,Email,5,250,0.19,1012.5,626.51,385.99,41,4.0,3,Yes
2572,2026-05-31 05:29:23.387795936,Operations,Central,Male,Master,Full-time,27,0,37500,37.1,78.0,3.2,8,5,Keyboard,Email,4,60,0.07,223.2,177.61,45.59,25,5.0,4,No
2573,2026-05-31 10:17:57.959319776,HR,Central,Female,,Full-time,32,5,41000,35.3,77.0,2.2,2,3,Keyboard,Mobile App,4,60,0.08,220.8,146.05,74.75,18,3.4,5,No
2574,2026-05-31 15:06:32.530843616,Marketing,North,Male,Master,Full-time,40,14,102800,41.2,69.3,3.1,2,1,Laptop,Store,2,900,0.1,1620.0,847.45,772.55,40,3.8,6,Yes
2575,2026-05-31 19:55:07.102367456,Marketing,West,Male,Bachelor,Full-time,36,14,74000,37.9,72.9,3.2,3,2,Headphones,Email,9,120,0.05,1026.0,583.4,442.6,34,3.6,5,No
2576,2026-06-01 00:43:41.673891296,Operations,Central,Female,Bachelor,Full-time,48,24,128700,42.4,90.9,3.2,4,3,Smartphone,Mobile App,7,700,0.17,4067.0,2239.68,1827.32,27,3.8,6,No
2577,2026-06-01 05:32:16.245415144,Customer Support,South,Female,Master,Part-time,25,0,32200,48.2,88.8,3.2,2,4,Smartphone,Store,1,700,,644.0,343.39,300.61,18,4.0,8,No
2578,2026-06-01 10:20:50.816938984,Sales,South,Female,Master,Contract,42,16,112200,45.4,67.4,3.7,4,1,Tablet,Phone,5,500,0.08,2300.0,1688.67,611.33,18,4.9,3,No
2579,2026-06-01 15:09:25.388462824,Sales,West,Male,Bachelor,Full-time,34,16,89200,28.4,47.4,2.6,0,3,Tablet,Website,2,500,0.07,930.0,537.26,392.74,44,5.0,5,No
2580,2026-06-01 19:57:59.959986664,Sales,North,Male,Bachelor,Full-time,40,19,106500,43.6,92.4,3.8,4,3,Monitor,Mobile App,10,250,0.11,2225.0,1716.78,508.22,35,4.1,6,No
2581,2026-06-02 00:46:34.531510504,Sales,Central,Female,Bachelor,Full-time,30,12,73900,43.9,51.5,3.1,1,0,Keyboard,Website,6,60,0.19,291.6,174.77,116.83,31,3.5,5,No
2582,2026-06-02 05:35:09.103034344,IT,North,Female,High School,Part-time,44,19,90000,38.5,73.2,4.1,1,0,Mouse,Phone,7,35,0.21,193.55,102.52,91.03,41,4.5,6,No
2583,2026-06-02 10:23:43.674558192,Sales,South,Male,Master,Contract,37,17,88500,46.2,71.0,3.5,2,5,Keyboard,Email,12,60,0.2,576.0,441.33,134.67,50,4.0,4,No
2584,2026-06-02 15:12:18.246082032,IT,Central,Female,Bachelor,Full-time,28,9,62400,41.5,77.7,3.0,3,2,Smartphone,Email,2,700,0.16,1176.0,775.98,400.02,41,4.0,5,No
2585,2026-06-02 20:00:52.817605872,IT,North,Female,Master,Full-time,34,13,102800,30.3,88.9,2.5,0,4,Monitor,Store,11,250,0.07,2557.5,1789.87,767.63,33,3.3,1,No
2586,2026-06-03 00:49:27.389129712,Customer Support,East,Male,Bachelor,Full-time,32,4,46700,40.7,72.8,3.7,2,4,Keyboard,Mobile App,6,60,0.18,295.2,183.28,111.92,64,2.9,4,No
2587,2026-06-03 05:38:01.960653552,Sales,West,Male,PhD,Full-time,38,18,122400,38.6,65.4,3.3,4,3,Laptop,Mobile App,13,900,0.01,11583.0,6183.15,5399.85,30,4.0,5,No
2588,2026-06-03 10:26:36.532177392,Finance,West,Female,High School,Full-time,23,0,31900,36.9,75.7,4.7,5,3,Smartphone,Store,3,700,0.2,1680.0,1060.17,619.83,21,3.3,6,No
2589,2026-06-03 15:15:11.103701232,HR,East,Male,High School,Full-time,34,12,52500,41.8,54.3,4.7,5,5,Keyboard,Website,9,60,0.2,432.0,291.81,140.19,39,3.6,2,No
2590,2026-06-03 20:03:45.675225080,Marketing,South,Female,High School,Full-time,38,13,88200,43.3,63.1,3.1,2,3,Keyboard,Email,4,60,0.17,199.2,104.28,94.92,35,,4,No
2591,2026-06-04 00:52:20.246748920,IT,Central,Male,Master,Full-time,34,7,88400,43.3,69.2,,3,1,Smartphone,Email,3,700,,2058.0,1424.73,633.27,49,4.0,2,Yes
2592,2026-06-04 05:40:54.818272760,Operations,West,Male,Bachelor,Contract,46,21,114900,43.5,79.1,4.2,2,2,Mouse,Mobile App,13,35,0.25,341.25,268.88,72.37,32,4.8,3,No
2593,2026-06-04 10:29:29.389796600,Operations,East,Male,High School,Full-time,41,13,88500,34.2,90.0,3.1,4,2,Smartphone,Mobile App,11,700,0.19,6237.0,3650.84,2586.16,36,4.2,5,No
2594,2026-06-04 15:18:03.961320440,HR,East,Male,Master,Full-time,34,10,76100,34.7,86.1,3.2,3,0,Laptop,Store,3,900,0.18,2214.0,1766.84,447.16,28,4.4,6,No
2595,2026-06-04 20:06:38.532844280,Operations,South,Female,Master,Contract,36,11,85900,41.3,84.0,4.5,6,5,Laptop,Phone,2,900,0.02,1764.0,968.93,795.07,48,3.6,6,No
2596,2026-06-05 00:55:13.104368128,Finance,South,Male,Master,Contract,37,15,96200,45.4,86.2,3.8,3,3,Keyboard,Website,12,60,0.1,648.0,497.42,150.58,40,4.8,4,No
2597,2026-06-05 05:43:47.675891968,Operations,North,Female,Bachelor,Full-time,38,11,66900,41.8,79.7,4.2,1,3,Tablet,Phone,9,500,0.02,4410.0,3404.95,1005.05,35,4.2,3,No
2598,2026-06-05 10:32:22.247415808,Marketing,West,Male,Bachelor,Full-time,18,0,25000,29.5,73.0,4.4,4,1,Mouse,Phone,8,35,0.09,254.8,152.2,102.6,36,3.8,4,No
2599,2026-06-05 15:20:56.818939648,Marketing,North,Female,Master,Full-time,31,3,46700,42.7,59.0,3.4,1,3,Keyboard,Mobile App,5,60,0.14,258.0,208.3,49.7,38,4.2,9,No
2600,2026-06-05 20:09:31.390463488,IT,East,Male,Bachelor,Full-time,21,0,72000,32.2,72.4,4.0,4,3,Smartphone,Mobile App,14,700,0.22,7644.0,4930.22,2713.78,21,3.5,1,No
2601,2026-06-06 00:58:05.961987328,Sales,Central,Male,High School,Full-time,46,23,98800,43.4,50.6,3.6,3,2,Keyboard,Mobile App,14,60,0.07,781.2,439.33,341.87,52,3.8,2,No
2602,2026-06-06 05:46:40.533511176,Customer Support,Central,Female,Bachelor,Full-time,33,8,52600,37.2,65.2,3.9,0,3,Monitor,Phone,13,250,0.16,2730.0,1904.21,825.79,51,4.0,4,No
2603,2026-06-06 10:35:15.105035016,Finance,South,Male,PhD,Full-time,32,14,110000,41.5,72.8,3.6,2,5,Monitor,Website,9,250,0.04,2160.0,1769.01,390.99,38,3.6,5,No
2604,2026-06-06 15:23:49.676558856,IT,Central,Female,High School,Full-time,42,19,131100,50.5,72.8,4.6,2,1,Tablet,Mobile App,13,500,0.09,5915.0,4671.59,1243.41,37,5.0,6,No
2605,2026-06-06 20:12:24.248082696,Finance,Central,Female,Master,Full-time,38,15,93100,38.2,63.8,2.5,4,1,Mouse,Email,2,35,0.24,53.2,32.11,21.09,26,3.7,5,No
2606,2026-06-07 01:00:58.819606536,Sales,Central,Male,Bachelor,Full-time,24,0,31300,36.2,49.6,,4,4,Headphones,Website,6,120,0.19,583.2,404.21,178.99,59,5.0,1,No
2607,2026-06-07 05:49:33.391130376,Operations,East,Male,Master,Full-time,33,11,89500,37.8,64.7,3.4,3,4,Monitor,Email,7,250,0.14,1505.0,834.69,670.31,56,4.0,4,No
2608,2026-06-07 10:38:07.962654224,Operations,Central,Female,Master,Full-time,31,10,85500,32.5,68.7,,2,0,Headphones,Website,6,120,,676.8,445.71,231.09,43,3.8,1,No
2609,2026-06-07 15:26:42.534178064,Customer Support,Central,Male,Bachelor,Full-time,18,0,26700,35.0,74.5,2.5,1,1,Laptop,Mobile App,3,900,0.09,2457.0,1663.19,793.81,48,3.6,5,No
2610,2026-06-07 20:15:17.105701904,Sales,Central,Male,Bachelor,Part-time,28,0,29500,45.3,81.0,2.9,2,5,Monitor,Store,10,250,0.04,2400.0,1475.0,925.0,53,4.3,5,No
2611,2026-06-08 01:03:51.677225744,IT,North,Female,Master,Full-time,32,5,76500,30.1,68.0,3.5,2,1,Monitor,Mobile App,14,250,0.09,3185.0,2118.84,1066.16,50,4.6,4,No
2612,2026-06-08 05:52:26.248749584,Customer Support,East,Male,Bachelor,Full-time,33,5,47800,36.9,67.0,3.1,5,5,Mouse,Phone,10,35,0.04,336.0,267.45,68.55,28,2.2,2,No
2613,2026-06-08 10:41:00.820273424,Sales,South,Male,Master,Contract,21,0,46600,41.2,63.7,2.1,2,5,Tablet,Phone,10,500,0.2,4000.0,2680.17,1319.83,34,4.0,2,Yes
2614,2026-06-08 15:29:35.391797264,HR,North,Male,Master,Part-time,44,21,114000,38.0,71.1,3.2,6,2,Headphones,Website,9,120,0.02,1058.4,814.22,244.18,44,2.6,1,No
2615,2026-06-08 20:18:09.963321112,Marketing,West,Male,Bachelor,Full-time,33,13,84700,46.7,84.1,2.5,5,4,Smartphone,Phone,14,700,0.05,9310.0,5727.67,3582.33,40,4.7,4,Yes
2616,2026-06-09 01:06:44.534844952,Customer Support,East,Male,Bachelor,Full-time,34,14,86100,39.2,58.4,4.0,2,5,Monitor,Mobile App,12,250,0.17,2490.0,2020.44,469.56,47,4.7,10,Yes
2617,2026-06-09 05:55:19.106368792,Customer Support,East,Female,Bachelor,Full-time,38,15,68000,38.3,46.5,3.7,0,0,Monitor,Email,8,250,0.23,1540.0,843.98,696.02,46,4.0,4,No
2618,2026-06-09 10:43:53.677892632,IT,West,Male,Master,Full-time,27,3,61300,40.7,74.7,4.2,6,2,Mouse,Mobile App,8,35,0.24,212.8,148.04,64.76,41,,3,No
2619,2026-06-09 15:32:28.249416472,Finance,West,Male,High School,Full-time,38,13,86500,41.4,87.3,3.7,1,5,Mouse,Website,8,35,0.21,221.2,167.44,53.76,18,3.0,4,No
2620,2026-06-09 20:21:02.820940312,HR,West,Female,PhD,Full-time,31,9,90800,40.0,76.0,2.6,0,2,Tablet,Phone,9,500,0.05,4275.0,3267.01,1007.99,52,3.6,2,No
2621,2026-06-10 01:09:37.392464160,IT,South,Male,PhD,Contract,26,0,62000,39.6,59.1,1.0,0,4,Headphones,Email,1,120,0.07,111.6,64.67,46.93,48,3.6,2,No
2622,2026-06-10 05:58:11.963988000,Sales,Central,Female,High School,Full-time,39,16,71400,30.2,70.6,4.4,4,2,Laptop,Store,8,900,0.22,5616.0,3597.01,2018.99,63,3.7,3,Yes
2623,2026-06-10 10:46:46.535511840,Sales,East,Female,High School,Full-time,47,29,144700,34.3,72.7,3.2,4,4,Smartphone,Email,2,700,,1092.0,772.33,319.67,32,4.6,6,No
2624,2026-06-10 15:35:21.107035680,Sales,Central,Male,Bachelor,Full-time,41,18,107700,42.9,81.3,1.7,4,1,Tablet,Email,4,500,0.16,1680.0,1032.8,647.2,18,4.9,5,No
2625,2026-06-10 20:23:55.678559520,Sales,Central,Male,PhD,Contract,42,16,110900,45.0,60.7,4.8,4,1,Laptop,Mobile App,1,900,0.08,828.0,594.08,233.92,36,4.4,4,No
2626,2026-06-11 01:12:30.250083360,Finance,West,Female,Bachelor,Full-time,29,2,45800,46.4,92.5,4.0,5,4,Keyboard,Store,12,60,0.06,676.8,428.84,247.96,43,3.8,5,No
2627,2026-06-11 06:01:04.821607208,HR,South,Male,Bachelor,Full-time,20,0,40400,32.8,66.6,4.7,2,5,Monitor,Website,6,250,0.21,1185.0,740.93,444.07,33,3.5,7,No
2628,2026-06-11 10:49:39.393131048,Operations,North,Female,Master,Full-time,47,20,110900,35.8,63.4,3.8,0,3,Headphones,Website,10,120,,1140.0,629.76,510.24,54,4.1,5,No
2629,2026-06-11 15:38:13.964654888,Marketing,South,Male,High School,Full-time,52,34,157900,47.5,75.7,4.0,4,3,Tablet,Email,1,500,0.17,415.0,220.69,194.31,30,4.2,2,No
2630,2026-06-11 20:26:48.536178728,Finance,Central,Male,Bachelor,Full-time,48,20,129200,38.1,53.9,3.1,2,0,Monitor,Email,12,250,0.24,2280.0,1756.93,523.07,37,3.8,1,Yes
2631,2026-06-12 01:15:23.107702568,Finance,South,Female,Bachelor,Part-time,31,5,56100,43.1,98.7,4.1,1,3,Headphones,Phone,5,120,0.18,492.0,328.1,163.9,35,3.5,1,No
2632,2026-06-12 06:03:57.679226408,Operations,West,Female,Bachelor,Full-time,24,3,55500,56.8,78.1,5.0,3,0,Headphones,Store,9,120,0.06,1015.2,699.33,315.87,71,4.4,6,Yes
2633,2026-06-12 10:52:32.250750256,Operations,North,Female,High School,Full-time,24,5,44600,45.2,68.4,4.2,2,4,Headphones,Email,1,120,0.07,111.6,70.49,41.11,27,4.5,2,No
2634,2026-06-12 15:41:06.822274096,Marketing,West,Female,Bachelor,Full-time,19,1,48700,38.9,59.2,3.2,4,5,Monitor,Phone,9,250,0.02,2205.0,1237.05,967.95,45,3.1,6,No
2635,2026-06-12 20:29:41.393797936,Marketing,North,Female,Master,Contract,33,13,86300,39.3,69.5,2.5,4,4,Tablet,Store,4,500,0.17,1660.0,1087.09,572.91,24,3.7,3,No
2636,2026-06-13 01:18:15.965321776,Operations,Central,Female,Bachelor,Full-time,48,24,135000,42.6,84.6,4.4,3,4,Smartphone,Website,3,700,0.13,1827.0,1075.53,751.47,42,4.5,5,No
2637,2026-06-13 06:06:50.536845616,Sales,North,Female,Master,Part-time,33,5,59000,30.4,67.0,3.5,3,0,Mouse,Phone,8,35,0.05,266.0,205.17,60.83,27,4.7,5,No
2638,2026-06-13 10:55:25.108369456,Finance,North,Female,High School,Full-time,37,10,64900,42.2,62.2,3.6,6,2,Monitor,Store,6,250,0.06,1410.0,1150.61,259.39,51,4.0,2,No
2639,2026-06-13 15:43:59.679893296,IT,North,Female,Bachelor,Full-time,46,27,139500,38.6,81.2,1.9,1,0,Headphones,Phone,7,120,0.0,840.0,660.85,179.15,49,4.3,6,No
2640,2026-06-13 20:32:34.251417144,Marketing,South,Female,High School,Part-time,30,4,43000,39.6,58.4,1.9,4,5,Tablet,Email,9,500,0.24,3420.0,2320.41,1099.59,41,4.2,3,No
2641,2026-06-14 01:21:08.822940984,Marketing,South,Male,Bachelor,Full-time,52,24,122100,40.5,75.0,3.6,2,5,Smartphone,Mobile App,5,700,0.21,2765.0,1958.84,806.16,21,4.7,3,No
2642,2026-06-14 06:09:43.394464824,Operations,Central,Male,Bachelor,Full-time,52,33,150500,47.8,77.4,2.8,3,2,Keyboard,Website,13,60,0.1,702.0,564.71,137.29,37,3.2,6,Yes
2643,2026-06-14 10:58:17.965988664,HR,North,Female,Bachelor,Full-time,33,11,75700,41.3,77.0,3.7,4,1,Laptop,Email,2,900,0.24,1368.0,932.44,435.56,34,4.2,5,No
2644,2026-06-14 15:46:52.537512504,IT,East,Male,High School,Full-time,29,4,59400,41.2,77.6,4.3,2,1,Headphones,Email,3,120,0.17,298.8,212.62,86.18,48,3.4,5,No
2645,2026-06-14 20:35:27.109036344,IT,Central,Female,Bachelor,Full-time,40,13,89700,43.6,59.6,3.0,2,2,Keyboard,Store,3,60,0.19,145.8,103.34,42.46,27,4.8,2,No
2646,2026-06-15 01:24:01.680560192,Marketing,North,Male,Bachelor,Full-time,31,6,60000,40.4,69.6,3.7,3,5,Mouse,Phone,4,35,0.17,116.2,85.11,31.09,52,3.3,3,No
2647,2026-06-15 06:12:36.252084032,Sales,North,Male,Bachelor,Full-time,24,4,45700,43.3,68.7,,1,2,Smartphone,Website,10,700,0.19,5670.0,4037.52,1632.48,50,4.3,5,No
2648,2026-06-15 11:01:10.823607872,HR,South,Male,High School,Full-time,46,27,142500,39.4,73.8,5.0,3,3,Smartphone,Email,7,700,0.04,4704.0,3392.58,1311.42,22,3.4,9,No
2649,2026-06-15 15:49:45.395131712,IT,Central,Male,Master,Full-time,45,19,124200,45.8,48.6,3.1,3,2,Headphones,Store,12,120,0.14,1238.4,913.65,324.75,35,4.5,8,Yes
2650,2026-06-15 20:38:19.966655552,Marketing,North,Male,Bachelor,Full-time,35,15,94000,46.4,53.8,2.9,7,2,Smartphone,Website,10,700,0.21,5530.0,4217.9,1312.1,37,4.3,3,No
2651,2026-06-16 01:26:54.538179392,IT,North,Female,Bachelor,Full-time,23,0,46200,43.4,100.0,3.1,3,4,Keyboard,Phone,6,60,0.0,360.0,230.73,129.27,50,4.2,3,No
2652,2026-06-16 06:15:29.109703240,Customer Support,Central,Male,,Full-time,23,4,47500,28.5,81.4,4.4,3,0,Headphones,Email,3,120,,349.2,259.72,89.48,30,5.0,7,Yes
2653,2026-06-16 11:04:03.681227080,HR,East,Male,Bachelor,Part-time,35,15,95000,40.9,69.2,3.1,6,2,Monitor,Email,14,250,0.06,3290.0,1809.7,1480.3,40,3.5,5,No
2654,2026-06-16 15:52:38.252750920,HR,Central,Female,High School,Full-time,30,12,75000,30.4,73.0,4.1,4,4,Tablet,Email,7,500,0.07,3255.0,2548.2,706.8,51,4.6,3,No
2655,2026-06-16 20:41:12.824274760,Customer Support,Central,Male,Bachelor,Full-time,31,3,25000,41.9,98.2,3.5,4,2,Keyboard,Website,4,60,0.05,228.0,138.4,89.6,41,4.8,4,No
2656,2026-06-17 01:29:47.395798600,Finance,East,Male,PhD,Full-time,43,20,147300,48.0,47.6,3.5,4,3,Tablet,Website,10,500,0.16,4200.0,2692.36,1507.64,18,4.6,2,No
2657,2026-06-17 06:18:21.967322440,Customer Support,Central,Male,Bachelor,Full-time,41,17,99100,45.7,73.5,,2,2,Monitor,Website,11,250,0.07,2557.5,1946.47,611.03,32,3.5,6,No
2658,2026-06-17 11:06:56.538846288,Operations,North,Male,Master,Full-time,46,25,129100,38.7,67.6,2.1,4,2,Monitor,Website,11,250,0.04,2640.0,1877.29,762.71,49,3.8,7,No
2659,2026-06-17 15:55:31.110370128,Operations,Central,Male,Master,Full-time,25,7,75000,39.2,88.2,3.6,3,4,Tablet,Store,8,500,0.23,3080.0,1886.77,1193.23,47,3.6,7,No
2660,2026-06-17 20:44:05.681893968,Marketing,East,Male,Bachelor,Full-time,31,11,78300,30.8,79.5,4.1,0,2,Keyboard,Mobile App,7,60,0.17,348.6,204.84,143.76,18,3.8,6,No
2661,2026-06-18 01:32:40.253417808,HR,West,Male,Bachelor,Full-time,41,15,92000,40.1,100.0,3.8,2,4,Tablet,Store,7,500,,3290.0,2656.06,633.94,40,3.4,3,No
2662,2026-06-18 06:21:14.824941648,Finance,Central,Female,Bachelor,Full-time,38,16,91200,39.0,82.6,2.3,4,0,Tablet,Email,9,500,0.09,4095.0,2237.23,1857.77,49,3.7,6,No
2663,2026-06-18 11:09:49.396465488,Finance,South,Female,Bachelor,Full-time,48,25,131100,33.7,66.2,2.6,2,4,Laptop,Store,8,900,0.19,5832.0,3040.22,2791.78,44,5.0,7,No
2664,2026-06-18 15:58:23.967989328,IT,North,Female,Bachelor,Full-time,38,17,110200,35.1,68.9,3.7,3,5,Keyboard,Phone,12,60,0.2,576.0,415.8,160.2,46,3.8,6,No
2665,2026-06-18 20:46:58.539513176,IT,North,Male,,Full-time,51,33,181600,34.0,80.9,1.6,5,0,Laptop,Website,1,900,0.04,864.0,608.55,255.45,63,4.1,6,No
2666,2026-06-19 01:35:33.111037016,Customer Support,South,Male,Bachelor,Full-time,39,17,93400,50.7,90.9,3.1,2,5,Headphones,Phone,7,120,0.23,646.8,479.46,167.34,37,3.5,4,Yes
2667,2026-06-19 06:24:07.682560856,Finance,South,Female,High School,Contract,44,22,118900,40.6,62.8,2.5,0,2,Smartphone,Phone,3,700,0.2,1680.0,1242.34,437.66,42,4.0,2,No
2668,2026-06-19 11:12:42.254084696,Customer Support,Central,Female,Master,Full-time,31,9,63300,43.8,75.3,3.7,7,0,Tablet,Email,12,500,0.21,4740.0,3692.35,1047.65,27,4.6,8,No
2669,2026-06-19 16:01:16.825608536,Customer Support,South,Female,Master,Full-time,34,11,79100,44.6,46.5,3.4,2,1,Headphones,Website,4,120,0.04,460.8,367.09,93.71,30,4.3,4,No
2670,2026-06-19 20:49:51.397132376,IT,West,Male,PhD,Contract,42,14,121800,48.1,68.2,3.8,4,5,Keyboard,Phone,6,60,0.04,345.6,260.07,85.53,34,5.0,6,No
2671,2026-06-20 01:38:25.968656224,HR,East,Female,Bachelor,Full-time,49,30,133800,47.9,94.4,2.8,2,1,Tablet,Email,5,500,0.08,2300.0,1356.28,943.72,48,3.2,9,No
2672,2026-06-20 06:27:00.540180064,Customer Support,South,Male,High School,Contract,41,23,105000,44.7,91.7,3.7,1,4,Smartphone,Website,8,700,0.02,5488.0,3616.86,1871.14,29,3.5,6,No
2673,2026-06-20 11:15:35.111703904,Sales,South,Female,High School,Full-time,33,14,72300,32.4,81.7,3.5,3,3,Headphones,Mobile App,2,120,0.02,235.2,167.58,67.62,53,3.7,6,No
2674,2026-06-20 16:04:09.683227744,HR,West,Female,Master,Full-time,46,19,96300,44.8,95.1,2.8,1,2,Mouse,Email,5,35,0.04,168.0,114.54,53.46,25,5.0,2,No
2675,2026-06-20 20:52:44.254751584,Finance,North,Male,High School,Full-time,18,0,30300,38.0,68.6,4.4,1,5,Monitor,Store,5,250,0.18,1025.0,581.86,443.14,46,4.2,3,Yes
2676,2026-06-21 01:41:18.826275424,Finance,North,Male,Master,Full-time,21,0,55100,33.7,71.1,4.1,5,1,Tablet,Website,3,500,0.01,1485.0,1034.72,450.28,45,3.0,7,No
2677,2026-06-21 06:29:53.397799272,Customer Support,Central,Male,Bachelor,Contract,40,18,93800,38.1,68.4,3.0,7,3,Smartphone,Phone,14,700,0.02,9604.0,7548.35,2055.65,41,4.8,3,No
2678,2026-06-21 11:18:27.969323112,HR,West,Male,Master,Part-time,34,11,72800,40.8,80.5,2.9,2,4,Monitor,Phone,10,250,0.24,1900.0,1226.55,673.45,50,4.1,1,No
2679,2026-06-21 16:07:02.540846952,IT,East,Male,Master,Full-time,39,12,116600,27.2,100.0,4.2,0,0,Laptop,Store,13,900,0.02,11466.0,8263.32,3202.68,29,4.6,1,No
2680,2026-06-21 20:55:37.112370792,IT,East,Male,Master,Full-time,35,11,87200,42.0,76.8,2.2,1,2,Headphones,Store,5,120,0.13,522.0,367.9,154.1,32,5.0,4,Yes
2681,2026-06-22 01:44:11.683894632,Operations,West,Female,Bachelor,Contract,39,13,89100,45.7,57.2,,2,5,Laptop,Phone,4,900,0.16,3024.0,1914.53,1109.47,26,3.3,4,No
2682,2026-06-22 06:32:46.255418472,Finance,East,Male,Bachelor,Part-time,27,3,56500,40.4,57.7,3.9,2,0,Smartphone,Website,11,700,0.24,5852.0,4035.43,1816.57,38,5.0,6,No
2683,2026-06-22 11:21:20.826942320,Marketing,North,Male,High School,Full-time,39,20,103200,34.6,60.7,5.0,4,2,Tablet,Email,5,500,0.22,1950.0,1136.97,813.03,37,3.9,2,No
2684,2026-06-22 16:09:55.398466160,Operations,East,Male,Bachelor,Part-time,43,20,91500,43.0,61.4,3.0,3,1,Monitor,Store,10,250,0.11,2225.0,1521.53,703.47,48,3.7,7,No
2685,2026-06-22 20:58:29.969990000,IT,East,Female,Bachelor,Contract,45,19,125900,39.9,60.3,3.1,2,3,Monitor,Store,9,250,0.24,1710.0,1299.0,411.0,43,4.1,2,No
2686,2026-06-23 01:47:04.541513840,HR,West,Female,Master,Full-time,52,28,142900,48.7,74.8,3.3,2,4,Headphones,Store,7,120,0.11,747.6,558.97,188.63,46,,2,No
2687,2026-06-23 06:35:39.113037680,IT,West,Male,High School,Full-time,36,17,110800,28.5,53.5,3.1,2,2,Tablet,Mobile App,1,500,0.17,415.0,260.37,154.63,36,4.0,4,No
2688,2026-06-23 11:24:13.684561520,HR,East,Male,Master,Contract,36,16,108200,27.1,78.4,3.2,3,1,Mouse,Website,3,35,0.06,98.7,54.64,44.06,43,3.8,4,No
2689,2026-06-23 16:12:48.256085360,Operations,South,Male,High School,Full-time,20,0,48400,39.5,84.8,3.0,2,5,Mouse,Website,9,35,0.16,264.6,201.09,63.51,60,3.3,5,No
2690,2026-06-23 21:01:22.827609208,Finance,West,Male,Bachelor,Full-time,29,1,37500,37.7,63.9,3.6,2,4,Headphones,Website,4,120,0.13,417.6,250.36,167.24,22,3.5,2,Yes
2691,2026-06-24 01:49:57.399133048,IT,Central,Male,High School,Full-time,32,6,57500,41.3,76.5,4.1,2,2,Tablet,Website,4,500,0.15,1700.0,911.05,788.95,18,4.8,5,No
2692,2026-06-24 06:38:31.970656888,Customer Support,Central,Male,Master,Contract,43,22,111800,42.1,80.7,3.6,1,1,Headphones,Website,10,120,,996.0,650.94,345.06,46,3.9,1,No
2693,2026-06-24 11:27:06.542180728,HR,North,Female,High School,Full-time,29,3,32700,47.6,83.4,3.4,2,4,Tablet,Phone,6,500,0.04,2880.0,2136.5,743.5,28,3.3,1,No
2694,2026-06-24 16:15:41.113704568,Finance,East,Male,Master,Full-time,41,22,138900,38.8,73.4,3.0,0,0,Smartphone,Store,3,700,0.08,1932.0,1473.24,458.76,21,4.3,8,No
2695,2026-06-24 21:04:15.685228408,Marketing,South,Male,Bachelor,Full-time,34,6,48000,42.2,59.7,2.6,2,3,Smartphone,Phone,3,700,0.18,1722.0,1402.85,319.15,44,4.5,6,Yes
2696,2026-06-25 01:52:50.256752256,HR,North,Male,PhD,Full-time,32,10,83600,33.4,73.4,2.5,1,3,Laptop,Mobile App,9,900,0.04,7776.0,4485.37,3290.63,26,4.0,4,No
2697,2026-06-25 06:41:24.828276096,Operations,East,Male,Bachelor,Contract,36,8,51300,52.3,70.0,2.3,5,5,Headphones,Email,13,120,0.09,1419.6,863.31,556.29,56,3.1,1,No
2698,2026-06-25 11:29:59.399799936,Marketing,West,Female,Bachelor,Contract,30,11,81100,45.5,73.8,4.0,4,5,Tablet,Store,5,500,0.17,2075.0,1458.41,616.59,40,2.2,3,No
2699,2026-06-25 16:18:33.971323776,Marketing,Central,Male,Master,Full-time,30,2,48900,44.4,59.1,3.0,3,0,Mouse,Mobile App,14,35,0.23,377.3,288.03,89.27,36,3.4,5,No
2700,2026-06-25 21:07:08.542847616,Sales,South,Female,Master,Full-time,19,1,55400,36.0,52.3,3.8,5,3,Tablet,Phone,7,500,0.02,3430.0,2024.46,1405.54,28,4.7,3,No
2701,2026-06-26 01:55:43.114371456,IT,Central,Male,Bachelor,Full-time,32,10,89300,46.8,45.8,2.9,0,3,Smartphone,Email,5,700,0.13,3045.0,1957.86,1087.14,41,4.7,7,No
2702,2026-06-26 06:44:17.685895304,HR,West,Male,Master,Full-time,30,11,65700,45.1,49.2,3.4,3,2,Tablet,Mobile App,6,500,0.02,2940.0,1889.01,1050.99,19,3.4,5,No
2703,2026-06-26 11:32:52.257419144,Marketing,East,Male,High School,Part-time,29,5,50200,43.2,48.3,3.2,2,1,Headphones,Email,8,120,0.09,873.6,656.84,216.76,18,3.8,2,Yes
2704,2026-06-26 16:21:26.828942984,Sales,West,Female,Master,Part-time,38,13,79700,39.5,85.3,4.8,4,0,Laptop,Mobile App,8,900,0.04,6912.0,4093.84,2818.16,19,4.5,1,No
2705,2026-06-26 21:10:01.400466824,Operations,West,Female,Bachelor,Full-time,40,21,112800,34.7,75.3,3.1,2,5,Laptop,Phone,2,900,0.16,1512.0,1225.67,286.33,52,3.9,6,No
2706,2026-06-27 01:58:35.971990664,Finance,Central,Male,High School,Full-time,36,12,74700,39.7,72.5,4.2,3,1,Laptop,Email,11,900,0.19,8019.0,5397.9,2621.1,27,4.7,6,No
2707,2026-06-27 06:47:10.543514504,Customer Support,South,Male,Bachelor,Full-time,43,22,126500,36.1,67.5,2.4,3,3,Laptop,Mobile App,9,900,0.06,7614.0,4603.58,3010.42,21,3.9,6,No
2708,2026-06-27 11:35:45.115038352,Customer Support,West,Male,Master,Full-time,39,21,137500,41.9,47.1,4.6,3,1,Smartphone,Phone,10,700,0.18,5740.0,3474.34,2265.66,37,4.3,7,No
2709,2026-06-27 16:24:19.686562192,HR,Central,Male,PhD,Full-time,31,3,60300,34.5,77.0,4.2,4,4,Keyboard,Store,12,60,0.11,640.8,336.73,304.07,65,3.8,5,No
2710,2026-06-27 21:12:54.258086032,Marketing,South,Male,Bachelor,Full-time,30,10,71900,36.4,74.9,3.0,3,0,Headphones,Phone,12,120,0.07,1339.2,974.58,364.62,51,3.5,4,No
2711,2026-06-28 02:01:28.829609872,Customer Support,East,Male,Master,Full-time,37,9,50900,29.6,72.6,3.0,3,0,Monitor,Phone,12,250,0.13,2610.0,1964.77,645.23,28,4.8,6,No
2712,2026-06-28 06:50:03.401133712,IT,East,Male,Bachelor,Full-time,39,21,106700,42.7,62.0,4.5,4,0,Headphones,Store,14,120,0.09,1528.8,809.85,718.95,28,2.9,6,No
2713,2026-06-28 11:38:37.972657552,Customer Support,North,Female,Master,Contract,47,25,131000,42.2,63.0,4.2,5,2,Keyboard,Phone,6,60,0.06,338.4,235.45,102.95,28,3.6,5,No
2714,2026-06-28 16:27:12.544181400,Customer Support,Central,Female,High School,Full-time,45,20,97700,37.5,78.8,3.3,1,1,Laptop,Store,7,900,0.19,5103.0,3850.22,1252.78,27,3.9,4,No
2715,2026-06-28 21:15:47.115705240,Customer Support,South,Male,Bachelor,Part-time,29,11,75300,27.8,62.0,2.8,5,1,Keyboard,Store,3,60,0.2,144.0,91.13,52.87,45,4.6,6,No
2716,2026-06-29 02:04:21.687229080,Sales,West,Male,High School,Full-time,33,7,49300,31.6,85.8,4.4,1,5,Mouse,Store,4,35,0.2,112.0,72.78,39.22,34,3.4,4,No
2717,2026-06-29 06:52:56.258752920,Marketing,East,Male,Bachelor,Full-time,40,20,108700,40.5,92.8,3.1,5,2,Mouse,Mobile App,6,35,,189.0,118.78,70.22,25,4.1,3,No
2718,2026-06-29 11:41:30.830276760,IT,South,Male,Bachelor,Full-time,44,22,102200,45.0,86.5,3.8,4,0,Smartphone,Email,7,700,0.04,4704.0,2891.53,1812.47,22,3.0,4,No
2719,2026-06-29 16:30:05.401800600,Marketing,Central,Male,Master,Full-time,42,16,93500,35.0,73.2,3.0,0,2,Headphones,Mobile App,6,120,0.21,568.8,379.58,189.22,66,4.3,3,No
2720,2026-06-29 21:18:39.973324440,HR,North,Male,Bachelor,Full-time,33,11,77700,46.0,70.8,3.3,3,2,Headphones,Store,5,120,0.08,552.0,314.55,237.45,47,5.0,4,No
2721,2026-06-30 02:07:14.544848288,HR,East,Female,PhD,Full-time,23,0,67300,48.4,73.3,5.0,2,3,Monitor,Email,14,250,0.19,2835.0,1849.0,986.0,28,2.6,2,No
2722,2026-06-30 06:55:49.116372128,HR,South,Female,Master,Part-time,25,0,40900,42.3,80.8,3.4,3,0,Smartphone,Email,12,700,0.2,6720.0,5393.12,1326.88,53,3.5,6,Yes
2723,2026-06-30 11:44:23.687895968,Operations,South,Female,High School,Contract,36,11,76800,45.2,90.9,4.7,4,5,Monitor,Store,2,250,0.19,405.0,213.93,191.07,24,4.6,4,No
2724,2026-06-30 16:32:58.259419808,Customer Support,South,Male,Bachelor,Full-time,37,13,72500,34.4,79.2,2.3,3,4,Mouse,Email,12,35,0.1,378.0,215.24,162.76,36,5.0,5,No
2725,2026-06-30 21:21:32.830943648,Operations,Central,Female,Master,Full-time,24,0,49000,31.1,49.9,2.1,5,5,Laptop,Email,7,900,0.23,4851.0,3654.31,1196.69,35,4.4,5,No
2726,2026-07-01 02:10:07.402467488,Sales,Central,Male,PhD,Full-time,34,16,105600,49.3,59.9,4.0,3,3,Keyboard,Mobile App,5,60,0.17,249.0,139.34,109.66,40,3.5,2,No
2727,2026-07-01 06:58:41.973991336,HR,Central,Female,PhD,Full-time,40,19,136100,35.0,70.0,2.9,2,0,Monitor,Email,12,250,0.14,2580.0,1551.57,1028.43,27,3.9,7,No
2728,2026-07-01 11:47:16.545515176,IT,West,Male,Master,Full-time,24,0,52000,45.8,84.8,3.5,4,0,Tablet,Store,9,500,0.17,3735.0,2451.85,1283.15,40,3.1,4,No
2729,2026-07-01 16:35:51.117039016,Marketing,South,Female,Bachelor,Contract,44,17,94000,42.1,100.0,1.8,4,0,Monitor,Website,13,250,0.01,3217.5,2583.49,634.01,18,4.6,3,No
2730,2026-07-01 21:24:25.688562856,Customer Support,East,Male,,Full-time,31,6,68000,48.8,72.9,1.9,5,1,Laptop,Website,11,900,0.1,8910.0,5123.7,3786.3,33,4.7,4,No
2731,2026-07-02 02:13:00.260086696,Finance,Central,Female,Bachelor,Contract,45,24,131500,43.9,80.7,3.5,4,0,Laptop,Website,4,900,0.22,2808.0,2237.77,570.23,54,5.0,4,No
2732,2026-07-02 07:01:34.831610536,IT,Central,Female,Bachelor,Full-time,29,11,83200,34.1,51.9,3.1,8,0,Headphones,Store,14,120,0.04,1612.8,1186.31,426.49,50,3.8,9,No
2733,2026-07-02 11:50:09.403134384,Customer Support,South,Female,Master,Full-time,25,0,43700,38.3,62.9,3.2,2,4,Keyboard,Website,10,60,0.1,540.0,389.53,150.47,30,3.4,5,No
2734,2026-07-02 16:38:43.974658224,Operations,Central,Male,Master,Full-time,30,9,67000,43.5,76.6,4.8,2,0,Laptop,Mobile App,12,900,0.1,9720.0,7164.25,2555.75,20,5.0,3,No
2735,2026-07-02 21:27:18.546182064,Operations,West,Male,PhD,Full-time,33,13,102500,37.3,45.3,3.9,4,2,Smartphone,Store,2,700,0.09,1274.0,674.42,599.58,18,5.0,8,Yes
2736,2026-07-03 02:15:53.117705904,IT,West,Male,Bachelor,Contract,31,8,80900,45.2,75.2,5.0,0,0,Monitor,Store,7,250,0.14,1505.0,827.25,677.75,45,3.3,1,No
2737,2026-07-03 07:04:27.689229744,Operations,Central,Male,Master,Part-time,32,4,55200,40.5,67.1,3.6,7,0,Monitor,Store,7,250,0.25,1312.5,814.34,498.16,41,,3,No
2738,2026-07-03 11:53:02.260753584,HR,South,Male,Master,Full-time,37,15,91200,45.3,72.6,,5,5,Mouse,Email,1,35,0.06,32.9,17.84,15.06,43,4.6,3,No
2739,2026-07-03 16:41:36.832277432,Sales,South,Female,Bachelor,Contract,32,10,66300,45.6,62.7,4.3,5,0,Laptop,Email,11,900,0.18,8118.0,6626.54,1491.46,58,3.8,4,No
2740,2026-07-03 21:30:11.403801272,Marketing,South,Male,Bachelor,Full-time,33,14,72100,41.6,78.8,3.1,3,1,Tablet,Email,14,500,0.19,5670.0,3935.68,1734.32,40,4.0,5,No
2741,2026-07-04 02:18:45.975325112,Sales,North,Male,Bachelor,Full-time,19,0,40700,39.3,85.8,3.4,3,3,Headphones,Phone,13,120,0.15,1326.0,883.39,442.61,41,3.0,5,No
2742,2026-07-04 07:07:20.546848952,Customer Support,Central,Male,Bachelor,Contract,38,10,63700,37.3,81.7,3.2,2,1,Keyboard,Mobile App,5,60,0.02,294.0,222.16,71.84,21,3.2,5,No
2743,2026-07-04 11:55:55.118372792,Marketing,South,Female,Bachelor,Full-time,33,10,76000,34.3,81.3,4.4,3,4,Tablet,Store,3,500,0.14,1290.0,1048.88,241.12,57,3.9,5,No
2744,2026-07-04 16:44:29.689896632,Marketing,West,Female,Bachelor,Full-time,48,29,135900,48.6,79.4,3.7,4,5,Headphones,Store,9,120,0.24,820.8,662.01,158.79,36,3.5,4,No
2745,2026-07-04 21:33:04.261420472,Sales,East,Female,Master,Full-time,26,5,67000,40.4,71.8,2.8,5,5,Monitor,Email,9,250,0.09,2047.5,1551.84,495.66,28,3.2,7,No
2746,2026-07-05 02:21:38.832944320,IT,East,Male,High School,Full-time,18,0,27600,38.8,66.3,2.5,1,4,Tablet,Store,7,500,0.16,2940.0,1861.47,1078.53,40,3.8,1,No
2747,2026-07-05 07:10:13.404468160,Marketing,South,Male,Bachelor,Full-time,40,14,74700,38.8,84.0,2.5,3,2,Headphones,Store,12,120,0.24,1094.4,590.74,503.66,62,3.4,1,No
2748,2026-07-05 11:58:47.975992000,Sales,East,Female,Bachelor,Full-time,37,17,88900,39.7,60.5,2.8,2,2,Monitor,Website,9,250,0.2,1800.0,989.12,810.88,64,4.0,5,Yes
2749,2026-07-05 16:47:22.547515840,Marketing,East,Male,Bachelor,Full-time,25,0,46800,37.6,78.5,2.7,4,4,Monitor,Store,12,250,0.17,2490.0,1295.66,1194.34,26,4.7,3,No
2750,2026-07-05 21:35:57.119039680,Finance,North,Male,PhD,Full-time,20,0,63600,37.1,78.2,2.5,2,3,Monitor,Phone,2,250,0.24,380.0,197.82,182.18,52,3.8,7,No
2751,2026-07-06 02:24:31.690563520,IT,West,Male,Bachelor,Full-time,48,25,133100,33.2,58.4,4.4,3,5,Monitor,Email,11,250,0.04,2640.0,2114.45,525.55,42,3.7,6,Yes
2752,2026-07-06 07:13:06.262087368,HR,West,Male,Bachelor,Contract,47,29,132200,40.2,59.7,2.3,2,3,Smartphone,Mobile App,10,700,0.19,5670.0,4525.26,1144.74,50,4.8,5,No
2753,2026-07-06 12:01:40.833611208,Marketing,North,Male,Master,Full-time,18,0,48400,46.5,78.6,3.8,0,4,Monitor,Mobile App,8,250,0.1,1800.0,1296.48,503.52,41,4.5,3,No
2754,2026-07-06 16:50:15.405135048,Finance,North,Female,High School,Full-time,30,3,43200,36.4,74.7,5.0,5,0,Mouse,Website,10,35,0.09,318.5,235.05,83.45,45,4.6,5,No
2755,2026-07-06 21:38:49.976658888,HR,East,Female,Master,Full-time,49,29,150100,42.8,76.7,3.6,2,1,Tablet,Mobile App,10,500,0.13,4350.0,2931.74,1418.26,54,2.2,3,No
2756,2026-07-07 02:27:24.548182728,HR,Central,Female,Bachelor,Full-time,30,5,50600,42.9,69.2,3.6,2,1,Headphones,Mobile App,10,120,0.01,1188.0,702.53,485.47,18,3.7,4,No
2757,2026-07-07 07:15:59.119706568,Customer Support,East,Male,High School,Full-time,30,8,67600,42.0,91.9,3.7,2,0,Mouse,Email,13,35,0.08,418.6,332.5,86.1,42,3.6,3,No
2758,2026-07-07 12:04:33.691230416,Marketing,North,Female,Master,Part-time,31,6,55500,49.4,79.7,2.3,3,3,Smartphone,Email,1,700,0.04,672.0,405.42,266.58,24,3.4,5,Yes
2759,2026-07-07 16:53:08.262754256,Sales,West,Male,High School,Full-time,24,5,48300,43.0,89.5,3.8,2,1,Mouse,Phone,3,35,,101.85,75.56,26.29,32,4.7,3,No
2760,2026-07-07 21:41:42.834278096,Marketing,East,Female,Bachelor,Full-time,19,0,27700,40.3,68.6,3.8,3,1,Laptop,Website,8,900,0.08,6624.0,3932.21,2691.79,38,3.6,6,No
2761,2026-07-08 02:30:17.405801936,Finance,Central,Male,High School,Part-time,43,17,112200,41.7,85.0,3.5,3,2,Laptop,Mobile App,11,900,0.2,7920.0,6185.87,1734.13,26,3.0,5,No
2762,2026-07-08 07:18:51.977325776,HR,East,Male,High School,Full-time,18,0,30200,44.2,67.9,2.1,3,3,Laptop,Phone,8,900,0.05,6840.0,4893.14,1946.86,31,4.2,3,No
2763,2026-07-08 12:07:26.548849616,Marketing,South,Female,Master,Full-time,36,16,89900,48.7,67.7,5.0,4,4,Keyboard,Website,14,60,0.13,730.8,520.92,209.88,21,4.0,3,No
2764,2026-07-08 16:56:01.120373464,Sales,East,Female,Master,Full-time,42,18,98900,38.8,56.1,3.7,3,4,Laptop,Mobile App,10,900,0.19,7290.0,4003.74,3286.26,31,3.4,1,No
2765,2026-07-08 21:44:35.691897304,Customer Support,North,Female,High School,Full-time,21,0,32600,40.9,77.9,2.5,4,0,Headphones,Mobile App,8,120,0.06,902.4,582.81,319.59,44,4.7,1,Yes
2766,2026-07-09 02:33:10.263421144,Marketing,West,Male,Bachelor,Full-time,26,8,47600,55.3,58.7,2.7,3,1,Mouse,Email,11,35,0.23,296.45,200.84,95.61,48,4.4,6,No
2767,2026-07-09 07:21:44.834944984,IT,West,Female,Master,Full-time,45,25,140900,39.8,64.0,2.9,2,4,Headphones,Store,12,120,0.22,1123.2,683.14,440.06,29,4.4,3,No
2768,2026-07-09 12:10:19.406468824,Customer Support,North,Female,Master,Full-time,39,17,91800,39.5,54.4,4.8,5,0,Tablet,Website,11,500,0.06,5170.0,4054.79,1115.21,54,4.3,2,No
2769,2026-07-09 16:58:53.977992664,Sales,South,Female,Bachelor,Full-time,28,5,53100,35.8,47.3,3.4,2,2,Laptop,Mobile App,7,900,0.25,4725.0,3644.4,1080.6,45,4.8,5,No
2770,2026-07-09 21:47:28.549516504,Finance,North,Female,Master,Part-time,45,25,138400,40.4,70.9,3.4,5,3,Smartphone,Website,2,700,0.17,1162.0,776.32,385.68,55,3.9,3,No
2771,2026-07-10 02:36:03.121040352,HR,East,Male,Bachelor,Full-time,45,24,118100,39.6,62.7,3.1,1,1,Keyboard,Phone,3,60,0.07,167.4,104.12,63.28,18,3.1,4,No
2772,2026-07-10 07:24:37.692564192,Marketing,North,Male,Master,Full-time,36,14,89600,42.0,76.3,4.3,3,1,Tablet,Phone,9,500,0.17,3735.0,2840.33,894.67,42,3.9,1,No
2773,2026-07-10 12:13:12.264088032,Sales,North,Male,PhD,Full-time,26,6,76500,41.4,71.3,4.4,4,0,Smartphone,Store,2,700,0.17,1162.0,672.88,489.12,45,2.8,5,Yes
2774,2026-07-10 17:01:46.835611872,Customer Support,South,Female,Bachelor,Full-time,30,9,80200,30.1,85.6,2.3,6,1,Keyboard,Mobile App,13,60,0.15,663.0,358.98,304.02,18,3.3,4,No
2775,2026-07-10 21:50:21.407135712,IT,East,Female,High School,Full-time,37,15,107000,33.5,97.0,3.4,5,3,Tablet,Email,7,500,0.18,2870.0,1531.76,1338.24,67,5.0,5,No
2776,2026-07-11 02:38:55.978659552,Sales,Central,Female,Bachelor,Full-time,32,13,79500,39.2,86.9,3.3,6,4,Mouse,Mobile App,1,35,0.07,32.55,17.3,15.25,30,3.2,3,No
2777,2026-07-11 07:27:30.550183400,Operations,Central,Male,High School,Part-time,42,15,92000,37.9,72.4,2.7,3,0,Headphones,Website,3,120,0.24,273.6,182.4,91.2,45,3.2,4,No
2778,2026-07-11 12:16:05.121707240,IT,West,Female,Bachelor,Full-time,20,0,54100,34.8,80.7,3.0,2,3,Monitor,Phone,13,250,0.21,2567.5,1531.76,1035.74,49,4.5,1,No
2779,2026-07-11 17:04:39.693231080,Customer Support,North,Male,Master,Full-time,21,0,36600,30.8,89.1,3.3,2,1,Headphones,Website,14,120,0.19,1360.8,989.45,371.35,39,4.6,9,No
2780,2026-07-11 21:53:14.264754920,Finance,West,Female,Bachelor,Full-time,36,11,81200,48.1,65.5,2.7,5,4,Laptop,Store,1,900,0.01,891.0,638.11,252.89,55,2.8,5,No
2781,2026-07-12 02:41:48.836278760,HR,South,Male,Bachelor,Part-time,30,7,64300,48.0,83.6,3.7,3,3,Smartphone,Phone,6,700,0.15,3570.0,2436.9,1133.1,62,4.2,7,No
2782,2026-07-12 07:30:23.407802600,Customer Support,Central,Male,Bachelor,Contract,28,1,29900,43.8,89.0,3.7,0,4,Monitor,Email,4,250,0.18,820.0,513.2,306.8,25,3.6,3,No
2783,2026-07-12 12:18:57.979326448,Finance,North,Female,High School,Contract,18,0,35800,37.1,73.1,,3,4,Keyboard,Phone,1,60,0.21,47.4,36.74,10.66,39,4.2,2,No
2784,2026-07-12 17:07:32.550850288,Marketing,South,Female,Bachelor,Full-time,34,14,83200,47.3,78.1,3.1,2,0,Mouse,Mobile App,5,35,0.24,133.0,97.48,35.52,49,3.8,3,No
2785,2026-07-12 21:56:07.122374128,Sales,South,Male,Bachelor,Part-time,34,6,55600,36.4,98.6,1.8,3,1,Mouse,Mobile App,14,35,0.23,377.3,226.93,150.37,18,3.0,4,No
2786,2026-07-13 02:44:41.693897968,Operations,North,Male,High School,Contract,40,21,103700,42.2,63.9,2.9,1,2,Keyboard,Phone,4,60,0.1,216.0,144.83,71.17,51,3.7,4,No
2787,2026-07-13 07:33:16.265421808,IT,South,Female,PhD,Full-time,35,11,107500,36.0,68.5,2.7,1,2,Laptop,Store,14,900,0.22,9828.0,5571.31,4256.69,58,4.4,8,No
2788,2026-07-13 12:21:50.836945648,IT,North,Male,Bachelor,Full-time,33,8,76200,40.1,79.2,3.4,3,2,Keyboard,Mobile App,11,60,0.0,660.0,408.3,251.7,53,5.0,2,Yes
2789,2026-07-13 17:10:25.408469496,Sales,North,Female,PhD,Full-time,45,18,122800,42.4,60.5,4.0,2,3,Tablet,Mobile App,10,500,,4550.0,3727.1,822.9,43,4.3,3,No
2790,2026-07-13 21:58:59.979993336,Operations,East,Female,High School,Contract,22,4,69700,32.5,71.0,5.0,1,2,Smartphone,Email,14,700,0.03,9506.0,5581.48,3924.52,56,3.7,5,No
2791,2026-07-14 02:47:34.551517176,Sales,West,Male,Master,Contract,39,16,95200,37.9,56.2,2.8,0,5,Smartphone,Phone,11,700,0.22,6006.0,4381.32,1624.68,42,3.2,1,No
2792,2026-07-14 07:36:09.123041016,Marketing,South,Male,Bachelor,Full-time,19,0,38000,41.3,47.4,3.6,2,5,Laptop,Mobile App,10,900,0.23,6930.0,4099.27,2830.73,22,3.9,4,No
2793,2026-07-14 12:24:43.694564856,Finance,South,Female,Master,Contract,26,0,54600,33.7,75.1,3.6,11,1,Monitor,Store,2,250,0.06,470.0,376.68,93.32,32,3.7,4,No
2794,2026-07-14 17:13:18.266088696,Customer Support,East,Male,Bachelor,Full-time,23,3,53300,35.3,54.7,4.7,3,2,Keyboard,Website,13,60,0.09,709.8,435.14,274.66,35,4.2,5,No
2795,2026-07-14 22:01:52.837612536,IT,East,Male,PhD,Full-time,41,22,145900,41.3,60.0,3.7,3,4,Laptop,Phone,7,900,0.25,4725.0,2948.43,1776.57,37,4.0,5,No
2796,2026-07-15 02:50:27.409136384,Marketing,East,Female,Bachelor,Contract,33,11,64700,37.3,85.3,3.2,3,5,Smartphone,Email,12,700,0.14,7224.0,5043.49,2180.51,37,4.3,8,No
2797,2026-07-15 07:39:01.980660224,Finance,Central,Male,Master,Contract,34,7,68500,33.9,74.2,3.5,4,4,Monitor,Mobile App,8,250,0.12,1760.0,1225.72,534.28,34,3.7,2,No
2798,2026-07-15 12:27:36.552184064,Marketing,Central,Male,Master,Full-time,24,6,65300,40.1,71.5,3.8,4,4,Keyboard,Store,4,60,0.13,208.8,144.85,63.95,41,5.0,3,No
2799,2026-07-15 17:16:11.123707904,Operations,Central,Male,Master,Contract,31,8,66800,42.2,67.2,4.1,3,2,Mouse,Phone,9,35,0.17,261.45,180.92,80.53,56,4.4,5,No
2800,2026-07-15 22:04:45.695231744,IT,North,Male,Bachelor,Full-time,27,1,38200,51.2,92.0,4.9,5,1,Keyboard,Store,3,60,0.24,136.8,83.95,52.85,41,3.5,4,No
2801,2026-07-16 02:53:20.266755584,Customer Support,South,Female,Bachelor,Full-time,37,10,60700,40.4,100.0,4.8,3,1,Headphones,Store,13,120,0.09,1419.6,923.2,496.4,46,4.7,5,Yes
2802,2026-07-16 07:41:54.838279432,Sales,West,Male,Master,Contract,25,0,36800,40.1,79.9,2.9,3,2,Keyboard,Email,6,60,0.04,345.6,241.24,104.36,18,3.2,1,No
2803,2026-07-16 12:30:29.409803272,Sales,North,Male,Bachelor,Contract,46,22,104900,38.6,37.8,2.3,4,1,Headphones,Phone,11,120,0.05,1254.0,904.61,349.39,40,,8,No
2804,2026-07-16 17:19:03.981327112,Finance,South,Male,Bachelor,Full-time,19,0,65700,45.7,71.6,2.5,5,5,Monitor,Mobile App,14,250,0.01,3465.0,2064.93,1400.07,51,3.4,5,No
2805,2026-07-16 22:07:38.552850952,Customer Support,South,Male,High School,Full-time,27,3,41300,41.6,58.3,3.7,4,2,Keyboard,Email,14,60,0.14,722.4,527.67,194.73,53,4.9,1,No
2806,2026-07-17 02:56:13.124374792,HR,East,Female,Bachelor,Full-time,49,24,120000,44.2,66.2,4.4,6,1,Monitor,Mobile App,7,250,0.23,1347.5,1073.93,273.57,52,3.9,5,No
2807,2026-07-17 07:44:47.695898632,Operations,East,Female,Master,Part-time,30,3,63800,41.1,78.3,3.3,0,0,Monitor,Website,7,250,0.18,1435.0,1072.49,362.51,42,3.6,2,No
2808,2026-07-17 12:33:22.267422480,Finance,North,Female,Bachelor,Part-time,22,3,69700,44.6,73.4,2.7,5,0,Smartphone,Store,6,700,0.25,3150.0,1717.6,1432.4,43,4.1,6,No
2809,2026-07-17 17:21:56.838946320,HR,East,Male,Bachelor,Contract,36,13,84000,41.9,54.2,,4,1,Laptop,Website,9,900,0.23,6237.0,4121.02,2115.98,30,4.4,1,No
2810,2026-07-17 22:10:31.410470160,Marketing,South,Female,Bachelor,Full-time,30,8,73200,33.0,63.0,4.8,4,4,Monitor,Store,1,250,0.12,220.0,143.13,76.87,48,5.0,6,No
2811,2026-07-18 02:59:05.981994000,Operations,East,Female,Bachelor,Part-time,26,4,47500,38.6,86.9,3.1,3,5,Monitor,Email,13,250,0.12,2860.0,1775.92,1084.08,30,3.0,2,No
2812,2026-07-18 07:47:40.553517840,Marketing,Central,Male,Master,Contract,24,4,48800,38.7,92.7,2.3,2,0,Smartphone,Mobile App,9,700,0.16,5292.0,3531.86,1760.14,46,4.9,2,No
2813,2026-07-18 12:36:15.125041680,Customer Support,East,Male,Bachelor,Full-time,59,39,177700,42.2,89.7,3.5,2,5,Smartphone,Mobile App,13,700,0.03,8827.0,5754.23,3072.77,38,,4,No
2814,2026-07-18 17:24:49.696565528,IT,South,Female,,Full-time,32,9,87500,40.8,54.4,3.5,2,3,Keyboard,Email,9,60,0.15,459.0,239.53,219.47,38,4.6,3,No
2815,2026-07-18 22:13:24.268089368,Operations,North,Female,Bachelor,Full-time,18,0,45200,46.7,67.4,,6,5,Smartphone,Phone,4,700,0.12,2464.0,1456.14,1007.86,50,4.8,3,No
2816,2026-07-19 03:01:58.839613208,HR,West,Male,PhD,Part-time,47,20,123100,42.0,62.5,2.5,2,2,Keyboard,Website,13,60,0.16,655.2,382.73,272.47,45,,1,No
2817,2026-07-19 07:50:33.411137048,IT,East,Male,High School,Full-time,39,15,88500,42.4,80.7,4.4,0,3,Mouse,Website,12,35,0.14,361.2,225.67,135.53,41,4.4,3,No
2818,2026-07-19 12:39:07.982660888,Sales,South,Male,High School,Part-time,27,9,59200,34.9,68.2,4.6,4,1,Smartphone,Mobile App,12,700,0.08,7728.0,4423.02,3304.98,32,3.3,6,No
2819,2026-07-19 17:27:42.554184728,HR,West,Female,Bachelor,Full-time,26,6,66400,40.8,58.8,3.6,2,1,Laptop,Mobile App,5,900,0.15,3825.0,2066.8,1758.2,57,4.5,8,No
2820,2026-07-19 22:16:17.125708568,Finance,West,Male,Bachelor,Full-time,40,22,114700,38.9,91.2,4.0,7,4,Monitor,Mobile App,3,250,0.09,682.5,395.16,287.34,42,3.3,6,No
2821,2026-07-20 03:04:51.697232416,Sales,Central,Female,High School,Part-time,32,5,51200,29.7,64.5,4.1,4,0,Laptop,Email,7,900,0.05,5985.0,4645.89,1339.11,47,3.3,5,No
2822,2026-07-20 07:53:26.268756256,Sales,West,Female,Master,Full-time,18,0,37100,33.4,85.1,3.0,3,5,Headphones,Phone,2,120,0.17,199.2,151.22,47.98,39,3.7,1,No
2823,2026-07-20 12:42:00.840280096,Finance,South,Female,Bachelor,Full-time,50,28,139300,43.6,64.1,2.4,6,0,Smartphone,Website,8,700,0.08,5152.0,3362.34,1789.66,30,3.7,4,No
2824,2026-07-20 17:30:35.411803936,Operations,South,Male,Bachelor,Full-time,30,4,42300,43.3,82.2,3.0,8,5,Monitor,Store,9,250,0.22,1755.0,1374.77,380.23,42,4.2,3,No
2825,2026-07-20 22:19:09.983327776,Sales,East,Female,Bachelor,Full-time,47,27,130800,37.1,67.8,,4,3,Laptop,Email,6,900,0.05,5130.0,3025.67,2104.33,31,3.5,1,No
2826,2026-07-21 03:07:44.554851616,Customer Support,East,Female,Master,Part-time,46,19,102200,37.2,58.5,3.9,3,0,Smartphone,Website,9,700,0.15,5355.0,3723.13,1631.87,43,4.2,1,Yes
2827,2026-07-21 07:56:19.126375464,HR,East,Female,High School,Full-time,25,0,25000,34.3,87.0,4.8,1,1,Smartphone,Phone,6,700,0.14,3612.0,2033.11,1578.89,18,3.0,5,No
2828,2026-07-21 12:44:53.697899304,IT,West,Female,High School,Full-time,43,17,108400,44.9,62.8,2.8,1,4,Mouse,Email,3,35,0.05,99.75,76.81,22.94,33,4.0,3,No
2829,2026-07-21 17:33:28.269423144,Sales,West,Male,Bachelor,Full-time,28,10,77500,36.0,73.4,3.1,3,2,Mouse,Website,10,35,0.11,311.5,174.18,137.32,38,3.8,1,No
2830,2026-07-21 22:22:02.840946984,HR,Central,Female,Bachelor,Full-time,18,0,35500,37.1,55.1,3.3,4,3,Monitor,Email,3,250,0.17,622.5,329.65,292.85,27,4.7,3,No
2831,2026-07-22 03:10:37.412470824,Marketing,East,Male,Master,Full-time,30,4,46900,45.1,54.1,5.0,2,5,Headphones,Website,2,120,0.08,220.8,132.93,87.87,42,4.8,5,No
2832,2026-07-22 07:59:11.983994664,HR,North,Male,Bachelor,Contract,38,16,81000,45.0,92.0,3.1,2,3,Mouse,Website,5,35,0.03,169.75,134.15,35.6,33,3.9,3,No
2833,2026-07-22 12:47:46.555518512,IT,Central,Female,High School,Full-time,30,2,71000,39.1,73.8,4.4,1,2,Mouse,Phone,13,35,0.15,386.75,216.13,170.62,38,2.6,2,Yes
2834,2026-07-22 17:36:21.127042352,HR,North,Female,Bachelor,Full-time,31,4,25400,40.1,70.6,3.5,2,1,Headphones,Store,14,120,0.06,1579.2,977.84,601.36,31,3.0,2,No
2835,2026-07-22 22:24:55.698566192,Finance,West,Male,Bachelor,Part-time,44,25,120700,42.4,66.5,1.0,0,3,Laptop,Phone,4,900,0.17,2988.0,1837.39,1150.61,50,4.8,6,Yes
2836,2026-07-23 03:13:30.270090032,IT,Central,Male,Bachelor,Full-time,35,13,112800,38.0,61.9,3.1,1,0,Mouse,Website,12,35,0.21,331.8,252.33,79.47,45,3.9,1,No
2837,2026-07-23 08:02:04.841613872,Operations,Central,Male,Master,Full-time,26,8,95200,39.5,79.6,4.2,3,0,Keyboard,Email,6,60,0.03,349.2,225.74,123.46,42,5.0,3,No
2838,2026-07-23 12:50:39.413137712,Marketing,South,Male,High School,Full-time,40,14,95300,39.0,90.5,3.1,3,0,Tablet,Phone,5,500,0.11,2225.0,1565.22,659.78,39,4.6,4,No
2839,2026-07-23 17:39:13.984661560,Finance,West,Female,High School,Contract,36,9,74300,43.4,82.6,3.9,4,4,Tablet,Store,6,500,0.11,2670.0,1712.31,957.69,68,4.2,2,Yes
2840,2026-07-23 22:27:48.556185400,Operations,West,Female,High School,Full-time,18,0,27300,47.1,79.9,4.9,1,2,Mouse,Website,4,35,0.16,117.6,80.61,36.99,36,4.1,2,No
2841,2026-07-24 03:16:23.127709240,HR,Central,Female,Master,Full-time,38,12,68900,45.7,67.9,3.9,3,1,Laptop,Phone,14,900,0.08,11592.0,6244.98,5347.02,30,3.2,6,No
2842,2026-07-24 08:04:57.699233080,IT,West,Female,Master,Part-time,38,15,111200,45.1,80.3,3.0,3,0,Smartphone,Phone,13,700,0.1,8190.0,5177.79,3012.21,24,3.6,6,No
2843,2026-07-24 12:53:32.270756920,Marketing,Central,Male,PhD,Contract,34,6,67100,34.5,97.3,4.1,3,0,Laptop,Phone,3,900,0.0,2700.0,2096.64,603.36,49,4.3,4,No
2844,2026-07-24 17:42:06.842280760,Finance,South,Male,Bachelor,Full-time,42,16,112100,46.5,68.5,3.9,2,4,Monitor,Phone,1,250,0.03,242.5,176.38,66.12,58,,3,No
2845,2026-07-24 22:30:41.413804600,Operations,Central,Female,Bachelor,Full-time,28,8,49300,36.6,76.7,4.3,5,0,Keyboard,Email,5,60,0.14,258.0,210.15,47.85,28,4.3,4,No
2846,2026-07-25 03:19:15.985328448,Operations,West,Female,Bachelor,Full-time,37,16,95800,31.1,89.7,3.4,5,5,Laptop,Store,6,900,0.05,5130.0,3880.21,1249.79,35,4.7,5,No
2847,2026-07-25 08:07:50.556852288,Marketing,West,Female,Bachelor,Full-time,20,0,44400,35.8,97.4,2.9,3,4,Headphones,Store,5,120,0.04,576.0,377.54,198.46,34,3.9,4,No
2848,2026-07-25 12:56:25.128376128,Customer Support,Central,Male,Bachelor,Full-time,38,17,101600,39.5,73.8,3.9,5,5,Keyboard,Website,5,60,0.08,276.0,199.52,76.48,37,3.7,5,No
2849,2026-07-25 17:44:59.699899968,HR,Central,Female,Bachelor,Full-time,52,34,161500,29.8,83.0,4.0,3,2,Tablet,Mobile App,12,500,0.04,5760.0,4335.98,1424.02,18,3.4,3,No
2850,2026-07-25 22:33:34.271423808,Marketing,Central,Male,High School,Full-time,25,1,37600,43.6,68.7,3.1,6,3,Keyboard,Email,6,60,0.01,356.4,214.16,142.24,48,4.6,1,No
2851,2026-07-26 03:22:08.842947648,Operations,East,Male,High School,Full-time,27,5,51600,44.2,76.2,2.3,3,0,Headphones,Website,4,120,0.07,446.4,240.17,206.23,52,4.5,4,No
2852,2026-07-26 08:10:43.414471496,Sales,West,Male,Master,Full-time,28,3,62700,38.1,68.8,3.1,8,0,Mouse,Website,14,35,0.04,470.4,301.88,168.52,18,5.0,5,No
2853,2026-07-26 12:59:17.985995336,Finance,West,Male,Bachelor,Contract,35,9,77600,34.2,87.3,2.6,4,2,Headphones,Phone,12,120,0.2,1152.0,649.04,502.96,59,4.1,4,No
2854,2026-07-26 17:47:52.557519176,Marketing,East,Female,Master,Full-time,24,2,53400,44.6,93.8,3.3,3,3,Headphones,Mobile App,4,120,0.02,470.4,283.73,186.67,57,3.9,5,No
2855,2026-07-26 22:36:27.129043016,Customer Support,Central,Male,Bachelor,Full-time,38,13,78800,35.4,56.3,4.1,0,4,Mouse,Mobile App,11,35,0.19,311.85,250.74,61.11,18,4.3,3,No
2856,2026-07-27 03:25:01.700566856,Operations,South,Male,Master,Part-time,42,24,125500,31.9,70.6,1.9,2,3,Mouse,Email,13,35,0.1,409.5,317.0,92.5,18,3.8,4,No
2857,2026-07-27 08:13:36.272090696,HR,Central,Female,Bachelor,Full-time,39,21,96400,39.7,65.0,3.7,3,0,Mouse,Mobile App,8,35,0.17,232.4,162.15,70.25,36,3.4,4,No
2858,2026-07-27 13:02:10.843614544,Operations,Central,Female,High School,Full-time,18,0,25000,40.1,67.9,3.8,3,2,Mouse,Website,11,35,0.01,381.15,244.08,137.07,54,4.1,8,No
2859,2026-07-27 17:50:45.415138384,HR,East,Male,PhD,Part-time,43,20,118600,41.6,68.9,2.8,4,5,Mouse,Mobile App,8,35,0.23,215.6,129.21,86.39,41,4.3,6,No
2860,2026-07-27 22:39:19.986662224,Marketing,West,Female,Bachelor,Full-time,42,20,104900,43.8,60.7,3.8,4,1,Headphones,Mobile App,12,120,0.19,1166.4,806.49,359.91,38,4.4,5,No
2861,2026-07-28 03:27:54.558186064,HR,Central,Female,Bachelor,Full-time,41,19,92800,44.4,75.6,4.4,4,2,Monitor,Store,3,250,0.04,720.0,489.56,230.44,45,4.3,4,No
2862,2026-07-28 08:16:29.129709904,IT,West,Male,Master,Contract,37,11,84100,33.7,56.9,3.8,4,4,Monitor,Website,7,250,0.05,1662.5,1253.91,408.59,28,4.7,1,No
2863,2026-07-28 13:05:03.701233744,IT,North,Female,,Full-time,36,18,107700,29.8,83.5,5.0,3,4,Laptop,Mobile App,5,900,0.16,3780.0,3017.97,762.03,53,4.4,6,No
2864,2026-07-28 17:53:38.272757592,IT,West,Male,Master,Part-time,43,18,126100,42.3,75.8,3.6,2,0,Monitor,Mobile App,5,250,0.23,962.5,595.48,367.02,37,4.2,6,No
2865,2026-07-28 22:42:12.844281432,Customer Support,South,Male,Master,Part-time,51,32,132900,40.2,58.2,4.3,2,2,Tablet,Phone,12,500,0.11,5340.0,3107.29,2232.71,18,3.1,5,No
2866,2026-07-29 03:30:47.415805272,Customer Support,South,Female,Bachelor,Full-time,25,1,28100,37.7,57.5,5.0,3,1,Monitor,Mobile App,13,250,0.12,2860.0,1832.8,1027.2,28,4.2,4,No
2867,2026-07-29 08:19:21.987329112,Sales,Central,Female,Master,Full-time,44,21,119000,39.3,82.2,3.9,1,2,Headphones,Mobile App,3,120,0.06,338.4,220.39,118.01,42,3.9,5,No
2868,2026-07-29 13:07:56.558852952,Customer Support,West,Female,Master,Contract,33,6,72600,35.8,62.9,4.9,2,4,Mouse,Store,2,35,0.1,63.0,33.51,29.49,35,3.2,4,No
2869,2026-07-29 17:56:31.130376792,Marketing,Central,Male,High School,Full-time,33,14,99400,48.6,92.1,3.9,1,2,Mouse,Website,13,35,0.07,423.15,329.43,93.72,33,4.4,5,No
2870,2026-07-29 22:45:05.701900632,Operations,East,Female,Bachelor,Part-time,20,0,34900,29.9,44.4,4.7,4,0,Smartphone,Email,3,700,0.09,1911.0,1564.49,346.51,40,4.4,2,No
2871,2026-07-30 03:33:40.273424480,Operations,South,Male,High School,Full-time,31,10,64800,42.1,58.3,2.6,2,4,Smartphone,Website,7,700,0.01,4851.0,3866.07,984.93,42,4.3,1,No
2872,2026-07-30 08:22:14.844948320,Sales,Central,Female,Bachelor,Full-time,25,1,39300,33.6,67.0,3.5,1,2,Smartphone,Phone,3,700,0.01,2079.0,1617.88,461.12,23,4.4,2,Yes
2873,2026-07-30 13:10:49.416472160,Customer Support,East,Male,Master,Full-time,30,5,59500,36.7,71.6,,2,2,Headphones,Website,11,120,0.17,1095.6,895.96,199.64,53,4.1,4,No
2874,2026-07-30 17:59:23.987996000,HR,Central,Female,Bachelor,Full-time,24,0,34600,37.8,80.6,2.0,3,0,Tablet,Mobile App,13,500,0.17,5395.0,4274.69,1120.31,36,3.8,3,No
2875,2026-07-30 22:47:58.559519840,Sales,West,Male,High School,Full-time,30,11,71500,35.1,69.4,2.9,5,0,Monitor,Phone,2,250,0.08,460.0,334.19,125.81,43,5.0,4,No
2876,2026-07-31 03:36:33.131043680,HR,West,Female,Bachelor,Full-time,30,5,40500,38.9,67.8,5.0,2,2,Headphones,Website,4,120,0.22,374.4,213.42,160.98,39,4.1,1,No
2877,2026-07-31 08:25:07.702567528,HR,West,Female,Master,Contract,35,7,51500,26.9,63.3,3.4,6,1,Laptop,Phone,12,900,0.07,10044.0,5693.99,4350.01,33,2.2,5,No
2878,2026-07-31 13:13:42.274091368,Finance,West,Female,Bachelor,Full-time,19,0,49400,32.3,61.7,3.4,2,4,Mouse,Email,5,35,0.1,157.5,84.2,73.3,49,2.3,2,No
2879,2026-07-31 18:02:16.845615208,Operations,North,Female,Master,Full-time,21,0,43300,30.7,62.7,4.2,4,2,Smartphone,Website,13,700,0.18,7462.0,4802.16,2659.84,39,4.8,5,No
2880,2026-07-31 22:50:51.417139048,IT,East,Female,Master,Full-time,37,19,129000,33.9,71.0,4.5,4,0,Keyboard,Mobile App,7,60,0.19,340.2,259.45,80.75,39,2.7,1,No
2881,2026-08-01 03:39:25.988662888,Customer Support,East,Male,High School,Contract,27,4,44000,36.0,48.0,3.2,1,4,Laptop,Phone,1,900,0.22,702.0,468.3,233.7,18,,2,No
2882,2026-08-01 08:28:00.560186728,HR,West,Male,Bachelor,Full-time,44,19,88600,40.0,79.0,2.2,3,0,Smartphone,Store,14,700,0.01,9702.0,6111.26,3590.74,48,3.1,2,No
2883,2026-08-01 13:16:35.131710576,Finance,North,Female,Bachelor,Part-time,36,14,106000,36.8,72.9,2.8,1,4,Tablet,Phone,8,500,0.05,3800.0,2100.53,1699.47,36,3.8,5,No
2884,2026-08-01 18:05:09.703234416,Operations,West,Male,Master,Part-time,39,20,115300,35.7,70.5,3.1,1,2,Laptop,Store,10,900,0.16,7560.0,4048.58,3511.42,47,4.3,3,No
2885,2026-08-01 22:53:44.274758256,IT,North,Male,Master,Full-time,47,25,135800,37.4,86.8,2.6,2,5,Headphones,Mobile App,3,120,0.08,331.2,211.89,119.31,58,3.5,5,No
2886,2026-08-02 03:42:18.846282096,HR,West,Female,Bachelor,Full-time,31,6,51200,36.5,79.7,2.8,3,5,Monitor,Email,14,250,0.01,3465.0,1905.67,1559.33,48,3.4,6,No
2887,2026-08-02 08:30:53.417805936,HR,South,Female,Bachelor,Full-time,29,10,59100,38.1,73.7,3.5,0,3,Mouse,Store,11,35,0.15,327.25,180.34,146.91,39,4.5,8,No
2888,2026-08-02 13:19:27.989329776,Sales,South,Male,High School,Full-time,42,24,119000,38.3,80.5,2.8,3,5,Tablet,Email,6,500,0.1,2700.0,1724.23,975.77,35,5.0,4,No
2889,2026-08-02 18:08:02.560853624,Sales,Central,Male,Master,Full-time,39,18,106000,36.1,63.9,4.9,3,3,Tablet,Phone,4,500,0.09,1820.0,1220.95,599.05,68,4.4,2,No
2890,2026-08-02 22:56:37.132377464,Operations,West,Female,Bachelor,Full-time,32,11,94700,32.1,79.7,3.2,1,4,Keyboard,Mobile App,14,60,0.07,781.2,449.98,331.22,44,3.4,7,No
2891,2026-08-03 03:45:11.703901304,IT,East,Female,Master,Full-time,47,21,133200,39.8,82.7,2.3,5,0,Laptop,Store,5,900,0.0,4500.0,3264.26,1235.74,41,4.6,7,No
2892,2026-08-03 08:33:46.275425144,HR,Central,Female,High School,Full-time,32,12,89600,44.2,40.2,4.4,5,0,Keyboard,Phone,10,60,0.05,570.0,368.0,202.0,36,5.0,4,No
2893,2026-08-03 13:22:20.846948984,Operations,South,Male,High School,Full-time,34,13,69800,34.7,95.0,5.0,2,0,Monitor,Website,12,250,0.12,2640.0,1445.6,1194.4,27,4.7,7,No
2894,2026-08-03 18:10:55.418472824,Operations,West,Female,Bachelor,Full-time,34,14,84000,39.5,76.3,3.2,1,2,Smartphone,Phone,6,700,0.07,3906.0,2777.6,1128.4,18,2.9,5,No
2895,2026-08-03 22:59:29.989996664,Marketing,Central,Male,Bachelor,Full-time,26,7,68500,37.8,79.9,3.7,1,4,Monitor,Email,2,250,0.22,390.0,244.56,145.44,56,4.4,1,No
2896,2026-08-04 03:48:04.561520512,Customer Support,West,Female,Bachelor,Full-time,35,14,87300,42.9,86.1,4.5,1,2,Smartphone,Mobile App,13,700,0.04,8736.0,4679.84,4056.16,29,3.7,3,No
2897,2026-08-04 08:36:39.133044352,Sales,South,Female,High School,Contract,47,22,108900,35.7,70.2,3.2,2,3,Keyboard,Mobile App,3,60,0.22,140.4,112.94,27.46,36,4.0,3,No
2898,2026-08-04 13:25:13.704568192,IT,Central,Male,PhD,Full-time,38,20,125300,38.9,66.6,5.0,3,3,Mouse,Phone,8,35,0.1,252.0,174.22,77.78,37,3.7,3,No
2899,2026-08-04 18:13:48.276092032,HR,South,Female,Bachelor,Full-time,34,9,46900,39.4,75.9,2.2,4,0,Monitor,Website,8,250,0.07,1860.0,1233.77,626.23,55,4.5,2,No
2900,2026-08-04 23:02:22.847615872,Operations,North,Male,Bachelor,Full-time,33,8,64000,41.3,100.0,3.4,1,0,Keyboard,Email,1,60,0.08,55.2,42.93,12.27,29,3.8,2,No
2901,2026-08-05 03:50:57.419139712,HR,South,Male,Bachelor,Part-time,37,17,92900,34.5,70.7,2.8,4,4,Laptop,Phone,10,900,0.08,8280.0,6632.46,1647.54,41,5.0,7,No
2902,2026-08-05 08:39:31.990663560,Marketing,West,Male,Bachelor,Full-time,41,14,86200,41.5,63.7,2.6,3,3,Keyboard,Phone,8,60,0.13,417.6,244.75,172.85,44,4.0,1,No
2903,2026-08-05 13:28:06.562187400,IT,East,Female,High School,Full-time,39,12,72000,37.3,89.4,2.9,2,4,Keyboard,Mobile App,11,60,0.09,600.6,458.28,142.32,21,3.8,3,No
2904,2026-08-05 18:16:41.133711240,Operations,South,Female,PhD,Full-time,31,8,75100,42.6,44.9,3.9,2,3,Headphones,Email,2,120,0.16,201.6,155.1,46.5,20,4.4,5,No
2905,2026-08-05 23:05:15.705235080,HR,East,Female,Bachelor,Full-time,37,16,94500,38.0,70.6,4.2,3,1,Monitor,Website,10,250,0.11,2225.0,1193.31,1031.69,29,4.3,3,No
2906,2026-08-06 03:53:50.276758920,Sales,North,Male,High School,Full-time,38,20,107300,46.3,63.7,4.1,1,4,Mouse,Mobile App,10,35,,290.5,213.11,77.39,41,4.4,5,No
2907,2026-08-06 08:42:24.848282760,Customer Support,Central,Female,Bachelor,Full-time,25,7,59300,32.0,80.2,2.3,2,1,Mouse,Phone,13,35,0.15,386.75,208.42,178.33,39,3.9,3,Yes
2908,2026-08-06 13:30:59.419806608,Marketing,Central,Female,Bachelor,Full-time,36,14,81900,42.7,73.8,3.9,2,2,Headphones,Mobile App,8,120,0.06,902.4,630.24,272.16,37,4.9,5,No
2909,2026-08-06 18:19:33.991330448,IT,East,Female,High School,Full-time,18,0,32300,41.6,57.7,3.4,1,3,Smartphone,Mobile App,12,700,0.2,6720.0,4843.58,1876.42,46,4.7,2,No
2910,2026-08-06 23:08:08.562854288,Marketing,Central,Female,Master,Full-time,38,20,121600,42.3,80.4,3.0,3,1,Tablet,Store,10,500,0.2,4000.0,2520.47,1479.53,28,4.0,1,No
2911,2026-08-07 03:56:43.134378128,Sales,South,Female,High School,Contract,40,21,112000,45.3,61.3,3.3,4,2,Smartphone,Mobile App,5,700,0.25,2625.0,2058.62,566.38,36,4.6,3,No
2912,2026-08-07 08:45:17.705901968,IT,East,Male,Bachelor,Contract,41,17,102300,31.0,71.4,4.8,3,4,Mouse,Mobile App,1,35,0.04,33.6,25.54,8.06,37,3.8,1,No
2913,2026-08-07 13:33:52.277425808,Marketing,West,Female,PhD,Full-time,30,5,78000,50.8,66.4,3.3,6,1,Keyboard,Email,8,60,0.21,379.2,302.52,76.68,28,4.4,4,No
2914,2026-08-07 18:22:26.848949656,Finance,South,Female,Bachelor,Contract,37,17,101900,42.6,82.6,4.1,6,1,Headphones,Mobile App,12,120,0.22,1123.2,690.17,433.03,66,4.6,2,No
2915,2026-08-07 23:11:01.420473496,Sales,South,Female,Bachelor,Full-time,47,19,97400,49.6,66.0,4.3,5,2,Laptop,Website,5,900,0.16,3780.0,1990.01,1789.99,18,4.2,2,No
2916,2026-08-08 03:59:35.991997336,Sales,South,Male,High School,Contract,47,22,117300,49.3,35.0,4.2,0,1,Monitor,Phone,1,250,0.13,217.5,166.05,51.45,53,3.4,7,No
2917,2026-08-08 08:48:10.563521176,Sales,West,Female,High School,Full-time,34,16,88900,42.1,57.5,3.1,1,2,Monitor,Email,4,250,0.24,760.0,446.04,313.96,48,3.2,5,No
2918,2026-08-08 13:36:45.135045016,Finance,North,Male,High School,Full-time,35,9,65600,41.3,72.8,3.2,1,5,Monitor,Mobile App,13,250,0.24,2470.0,1630.56,839.44,48,4.2,1,No
2919,2026-08-08 18:25:19.706568856,Finance,Central,Male,Master,Contract,44,25,126000,43.7,63.4,3.7,2,3,Keyboard,Website,1,60,0.16,50.4,38.57,11.83,39,3.5,4,No
2920,2026-08-08 23:13:54.278092696,HR,East,Female,Master,Contract,20,1,34800,28.6,87.5,3.1,4,3,Laptop,Phone,13,900,0.09,10647.0,6226.8,4420.2,54,4.7,4,No
2921,2026-08-09 04:02:28.849616544,Operations,North,Male,Master,Full-time,31,10,87600,39.6,58.7,2.8,3,3,Headphones,Email,9,120,0.2,864.0,530.13,333.87,33,2.9,1,No
2922,2026-08-09 08:51:03.421140384,Customer Support,East,Male,Bachelor,Full-time,46,19,103600,44.8,79.5,3.6,3,1,Headphones,Website,10,120,0.02,1176.0,766.43,409.57,43,4.9,5,No
2923,2026-08-09 13:39:37.992664224,Marketing,Central,Male,Master,Contract,43,23,113000,47.6,82.5,2.9,3,1,Monitor,Mobile App,2,250,0.07,465.0,279.72,185.28,39,4.0,6,No
2924,2026-08-09 18:28:12.564188064,HR,West,Female,Bachelor,Full-time,37,16,80300,38.4,74.3,3.2,1,0,Laptop,Store,8,900,0.25,5400.0,3555.34,1844.66,35,3.4,3,No
2925,2026-08-09 23:16:47.135711904,Marketing,South,Male,Bachelor,Contract,20,0,54900,41.8,77.3,3.3,1,0,Laptop,Store,4,900,0.2,2880.0,1505.89,1374.11,39,3.7,3,No
2926,2026-08-10 04:05:21.707235744,Customer Support,South,Female,Bachelor,Part-time,34,10,72200,42.9,70.2,3.1,4,2,Laptop,Email,9,900,0.23,6237.0,3640.26,2596.74,27,3.9,3,No
2927,2026-08-10 08:53:56.278759592,Operations,West,Female,High School,Part-time,29,7,68400,39.6,75.6,3.3,2,1,Mouse,Website,2,35,0.15,59.5,45.8,13.7,30,4.3,5,No
2928,2026-08-10 13:42:30.850283432,Finance,North,Male,PhD,Full-time,37,18,136400,35.3,65.7,3.2,2,2,Mouse,Phone,12,35,0.1,378.0,243.45,134.55,57,3.1,4,No
2929,2026-08-10 18:31:05.421807272,Operations,North,Male,Bachelor,Full-time,27,7,54100,36.7,74.9,5.0,1,4,Monitor,Website,3,250,0.24,570.0,405.23,164.77,73,3.3,4,No
2930,2026-08-10 23:19:39.993331112,Finance,East,Male,Master,Full-time,25,0,65700,34.8,68.3,4.9,4,1,Laptop,Store,2,900,0.08,1656.0,976.52,679.48,44,3.8,2,No
2931,2026-08-11 04:08:14.564854952,Customer Support,West,Female,Master,Contract,18,0,30300,32.4,68.3,3.2,3,5,Tablet,Email,10,500,0.19,4050.0,2895.6,1154.4,48,4.0,8,No
2932,2026-08-11 08:56:49.136378792,Operations,North,Female,Master,Part-time,45,25,139100,39.2,63.4,3.1,0,4,Laptop,Mobile App,14,900,0.14,10836.0,8885.44,1950.56,41,4.5,3,No
2933,2026-08-11 13:45:23.707902640,HR,West,Male,High School,Full-time,30,8,57000,51.1,69.2,3.3,4,1,Headphones,Website,5,120,0.06,564.0,394.0,170.0,43,4.2,5,No
2934,2026-08-11 18:33:58.279426480,IT,Central,Male,Bachelor,Part-time,35,7,79000,41.2,91.6,3.7,2,3,Headphones,Store,11,120,0.0,1320.0,935.23,384.77,45,3.7,5,No
2935,2026-08-11 23:22:32.850950320,HR,South,Female,Master,Full-time,34,12,82100,38.6,68.9,3.4,3,2,Monitor,Phone,1,250,0.1,225.0,124.53,100.47,50,4.2,1,No
2936,2026-08-12 04:11:07.422474160,Marketing,South,Female,High School,Contract,24,3,46400,41.9,84.2,3.5,1,5,Tablet,Email,12,500,0.14,5160.0,3307.63,1852.37,56,4.1,3,No
2937,2026-08-12 08:59:41.993998000,HR,South,Female,,Full-time,23,0,64300,35.9,78.8,4.1,2,0,Laptop,Mobile App,3,900,0.05,2565.0,1996.13,568.87,27,3.8,2,Yes
2938,2026-08-12 13:48:16.565521840,Customer Support,West,Male,Bachelor,Full-time,25,2,50100,31.7,75.2,2.8,5,3,Smartphone,Website,1,700,0.1,630.0,485.28,144.72,72,4.1,6,No
2939,2026-08-12 18:36:51.137045688,Sales,West,Male,Bachelor,Full-time,27,4,50400,36.6,75.7,3.0,2,5,Tablet,Phone,10,500,,4250.0,2876.06,1373.94,40,2.5,1,No
2940,2026-08-12 23:25:25.708569528,Marketing,East,Female,Bachelor,Full-time,37,19,93900,34.3,72.3,2.3,6,0,Monitor,Mobile App,14,250,0.18,2870.0,2270.27,599.73,40,4.7,5,No
2941,2026-08-13 04:14:00.280093368,Operations,South,Female,Master,Contract,27,4,56300,30.8,64.4,3.2,2,1,Headphones,Store,8,120,0.01,950.4,534.96,415.44,33,4.4,6,No
2942,2026-08-13 09:02:34.851617208,Marketing,East,Male,Bachelor,Full-time,50,30,145000,37.2,94.3,3.5,4,4,Smartphone,Store,12,700,0.17,6972.0,5002.11,1969.89,33,5.0,5,No
2943,2026-08-13 13:51:09.423141048,IT,South,Female,Bachelor,Contract,43,20,123900,42.4,85.8,3.5,5,4,Headphones,Phone,4,120,0.01,475.2,282.58,192.62,45,3.4,4,No
2944,2026-08-13 18:39:43.994664888,Finance,East,Male,Bachelor,Contract,41,14,101600,42.0,72.6,4.5,0,5,Mouse,Store,3,35,0.01,103.95,74.19,29.76,46,4.4,3,No
2945,2026-08-13 23:28:18.566188736,Operations,East,Female,Bachelor,Full-time,33,5,48900,41.4,72.9,2.8,3,3,Monitor,Email,8,250,0.04,1920.0,1048.74,871.26,45,2.7,4,No
2946,2026-08-14 04:16:53.137712576,Marketing,Central,Female,High School,Contract,48,25,110100,48.3,79.4,2.2,3,0,Monitor,Phone,13,250,0.16,2730.0,2192.42,537.58,33,2.8,1,No
2947,2026-08-14 09:05:27.709236416,Operations,East,Female,High School,Full-time,32,13,69300,37.2,58.2,3.6,3,5,Laptop,Store,9,900,,8019.0,6061.56,1957.44,18,3.8,4,Yes
2948,2026-08-14 13:54:02.280760256,Operations,West,Female,High School,Part-time,34,16,87200,42.2,61.8,3.4,3,2,Laptop,Website,8,900,0.01,7128.0,4136.3,2991.7,18,3.6,6,No
2949,2026-08-14 18:42:36.852284096,Operations,East,Male,Bachelor,Full-time,36,8,67900,38.1,47.6,4.2,2,2,Mouse,Store,6,35,0.03,203.7,144.87,58.83,38,4.7,2,No
2950,2026-08-14 23:31:11.423807936,Finance,South,Female,Bachelor,Contract,40,20,116300,47.1,69.3,3.6,0,2,Smartphone,Email,14,700,0.24,7448.0,5569.2,1878.8,42,4.8,4,No
2951,2026-08-15 04:19:45.995331776,Customer Support,East,Female,Bachelor,Full-time,40,18,83300,36.0,87.5,4.5,7,0,Keyboard,Mobile App,3,60,0.23,138.6,80.78,57.82,33,4.9,4,No
2952,2026-08-15 09:08:20.566855624,HR,North,Male,,Contract,30,9,57900,43.7,68.3,3.4,1,4,Tablet,Mobile App,8,500,0.02,3920.0,2148.16,1771.84,30,,5,No
2953,2026-08-15 13:56:55.138379464,Operations,South,Male,High School,Full-time,29,5,44200,41.2,100.0,3.1,2,4,Keyboard,Store,13,60,0.08,717.6,448.88,268.72,42,4.4,3,No
2954,2026-08-15 18:45:29.709903304,Sales,North,Male,High School,Full-time,40,19,114300,46.1,66.3,4.1,1,3,Keyboard,Mobile App,5,60,0.24,228.0,127.85,100.15,37,3.1,1,No
2955,2026-08-15 23:34:04.281427144,Customer Support,South,Female,High School,Full-time,40,15,77100,40.0,74.3,3.9,1,0,Monitor,Store,5,250,0.02,1225.0,844.9,380.1,32,5.0,2,No
2956,2026-08-16 04:22:38.852950984,IT,West,Male,Bachelor,Full-time,30,6,55700,38.8,68.4,2.9,2,1,Tablet,Email,12,500,0.02,5880.0,3805.74,2074.26,19,4.9,1,No
2957,2026-08-16 09:11:13.424474824,Finance,West,Female,High School,Full-time,20,0,41400,38.2,42.9,3.9,5,1,Monitor,Mobile App,9,250,0.02,2205.0,1452.49,752.51,28,3.0,6,No
2958,2026-08-16 13:59:47.995998672,Marketing,West,Male,Bachelor,Contract,32,6,56000,39.2,68.4,3.9,6,2,Tablet,Website,1,500,0.24,380.0,259.49,120.51,49,4.3,5,No
2959,2026-08-16 18:48:22.567522512,Finance,North,Female,Bachelor,Full-time,40,22,109400,30.7,61.1,3.5,5,5,Headphones,Store,7,120,0.19,680.4,554.26,126.14,26,3.6,4,No
2960,2026-08-16 23:36:57.139046352,Marketing,Central,Male,,Contract,50,28,129700,37.4,75.0,4.4,4,5,Monitor,Mobile App,8,250,0.05,1900.0,1439.8,460.2,46,5.0,3,No
2961,2026-08-17 04:25:31.710570192,Finance,South,Male,Master,Contract,23,2,53900,37.1,88.6,4.7,2,5,Monitor,Email,11,250,,2722.5,1929.82,792.68,55,3.3,4,No
2962,2026-08-17 09:14:06.282094032,Marketing,West,Male,Bachelor,Full-time,30,7,59400,34.3,67.4,3.0,4,4,Monitor,Email,10,250,0.24,1900.0,1195.31,704.69,29,4.1,4,No
2963,2026-08-17 14:02:40.853617872,Operations,South,Female,High School,Full-time,30,12,83400,37.2,76.8,3.9,3,4,Smartphone,Website,3,700,0.11,1869.0,987.06,881.94,33,4.1,3,No
2964,2026-08-17 18:51:15.425141720,HR,North,Female,Bachelor,Contract,46,23,120500,35.5,69.2,3.6,1,0,Mouse,Email,8,35,0.15,238.0,132.08,105.92,50,4.0,3,Yes
2965,2026-08-17 23:39:49.996665560,Marketing,Central,Male,High School,Full-time,34,16,88100,37.4,83.7,3.1,4,0,Monitor,Email,1,250,0.07,232.5,171.88,60.62,53,5.0,7,No
2966,2026-08-18 04:28:24.568189400,Marketing,North,Female,High School,Full-time,26,8,67900,43.1,100.0,3.4,2,3,Laptop,Mobile App,8,900,,5832.0,3678.6,2153.4,30,5.0,1,No
2967,2026-08-18 09:16:59.139713240,Sales,South,Female,Master,Full-time,39,14,89300,43.1,91.3,2.1,5,0,Laptop,Store,7,900,0.05,5985.0,3712.68,2272.32,19,2.9,6,No
2968,2026-08-18 14:05:33.711237080,Marketing,Central,Female,Bachelor,Contract,30,11,68000,47.9,64.0,4.4,1,3,Tablet,Phone,4,500,0.2,1600.0,1258.71,341.29,53,4.3,1,No
2969,2026-08-18 18:54:08.282760920,Sales,Central,Female,PhD,Full-time,23,0,56800,41.5,90.0,4.1,2,2,Headphones,Email,11,120,0.06,1240.8,825.57,415.23,45,4.0,7,No
2970,2026-08-18 23:42:42.854284768,IT,North,Female,High School,Full-time,26,3,55600,32.4,75.9,2.0,4,2,Mouse,Email,7,35,0.02,240.1,189.65,50.45,43,4.6,1,No
2971,2026-08-19 04:31:17.425808608,Operations,West,Male,Master,Full-time,50,27,126200,38.4,88.0,3.4,6,4,Smartphone,Phone,10,700,0.12,6160.0,4841.71,1318.29,49,4.1,5,No
2972,2026-08-19 09:19:51.997332448,Sales,South,Female,Master,Full-time,37,14,106400,36.8,58.7,3.8,1,4,Tablet,Email,14,500,0.2,5600.0,3046.7,2553.3,24,3.4,3,No
2973,2026-08-19 14:08:26.568856288,HR,East,Male,Bachelor,Full-time,35,10,60800,35.1,70.8,4.2,1,4,Laptop,Mobile App,11,900,0.1,8910.0,7160.16,1749.84,43,3.3,4,No
2974,2026-08-19 18:57:01.140380128,Customer Support,East,Male,Bachelor,Contract,32,11,76300,45.4,74.3,3.3,2,1,Mouse,Mobile App,7,35,0.01,242.55,131.73,110.82,35,3.7,4,No
2975,2026-08-19 23:45:35.711903968,Operations,North,Male,Bachelor,Full-time,37,17,102500,42.3,71.3,3.3,5,3,Mouse,Phone,13,35,0.14,391.3,316.58,74.72,45,3.9,5,No
2976,2026-08-20 04:34:10.283427808,Sales,South,Female,Master,Part-time,37,14,65200,40.4,75.8,3.8,2,5,Headphones,Email,10,120,0.17,996.0,653.16,342.84,48,4.1,1,No
2977,2026-08-20 09:22:44.854951656,Operations,South,Female,Bachelor,Full-time,37,16,96000,32.6,70.6,3.0,0,5,Mouse,Email,13,35,0.19,368.55,275.77,92.78,50,3.6,4,No
2978,2026-08-20 14:11:19.426475496,Operations,North,Male,High School,Full-time,35,16,103700,39.6,67.4,4.8,5,2,Monitor,Store,12,250,0.1,2700.0,1975.98,724.02,45,5.0,4,No
2979,2026-08-20 18:59:53.997999336,Operations,South,Male,Bachelor,Full-time,42,19,98100,51.6,66.1,3.6,3,3,Mouse,Email,1,35,0.02,34.3,23.17,11.13,41,4.4,3,No
2980,2026-08-20 23:48:28.569523176,IT,West,Male,Bachelor,Part-time,34,7,55400,35.8,61.4,3.7,1,1,Headphones,Mobile App,3,120,0.15,306.0,215.99,90.01,41,4.6,4,No
2981,2026-08-21 04:37:03.141047016,HR,North,Male,PhD,Part-time,25,3,61400,38.9,76.0,4.6,5,1,Tablet,Website,7,500,0.08,3220.0,2592.02,627.98,42,3.9,3,No
2982,2026-08-21 09:25:37.712570856,Finance,West,Female,Master,Full-time,28,0,54200,46.9,70.1,3.5,2,2,Headphones,Website,11,120,0.24,1003.2,800.76,202.44,31,3.3,5,No
2983,2026-08-21 14:14:12.284094704,Finance,South,Male,High School,Full-time,18,0,37200,37.8,65.0,4.6,4,2,Smartphone,Website,13,700,0.13,7917.0,5670.93,2246.07,34,4.6,5,No
2984,2026-08-21 19:02:46.855618544,Sales,North,Male,Bachelor,Part-time,52,24,112400,37.7,52.5,2.2,1,4,Headphones,Website,5,120,0.12,528.0,378.74,149.26,43,3.3,4,No
2985,2026-08-21 23:51:21.427142384,Operations,South,Female,High School,Full-time,42,19,90200,38.9,79.0,4.4,2,1,Laptop,Email,9,900,0.08,7452.0,4427.1,3024.9,46,,5,No
2986,2026-08-22 04:39:55.998666224,Sales,North,Male,Master,Full-time,27,7,53900,41.7,80.8,4.3,4,4,Monitor,Email,7,250,0.08,1610.0,1237.43,372.57,30,4.4,6,No
2987,2026-08-22 09:28:30.570190064,IT,South,Female,Master,Full-time,31,3,48600,35.3,59.8,1.9,5,2,Laptop,Store,3,900,0.13,2349.0,1667.28,681.72,25,3.5,2,No
2988,2026-08-22 14:17:05.141713904,IT,West,Male,High School,Full-time,28,6,60900,44.6,73.3,3.2,3,5,Tablet,Email,1,500,0.08,460.0,353.22,106.78,18,3.8,8,No
2989,2026-08-22 19:05:39.713237752,Marketing,West,Female,Bachelor,Full-time,48,21,113300,38.0,64.9,3.8,3,1,Keyboard,Website,5,60,0.22,234.0,167.86,66.14,23,4.5,5,No
2990,2026-08-22 23:54:14.284761592,IT,South,Female,PhD,Full-time,21,0,66400,41.0,81.3,4.1,2,1,Tablet,Phone,14,500,0.11,6230.0,3799.03,2430.97,32,3.3,3,No
2991,2026-08-23 04:42:48.856285432,Marketing,North,Female,High School,Full-time,35,9,64800,37.9,65.6,4.5,3,0,Monitor,Phone,13,250,0.07,3022.5,1743.51,1278.99,33,2.9,9,No
2992,2026-08-23 09:31:23.427809272,HR,East,Male,Bachelor,Full-time,33,8,68700,33.3,65.6,2.3,4,1,Mouse,Mobile App,10,35,0.04,336.0,182.48,153.52,35,4.9,3,No
2993,2026-08-23 14:19:57.999333112,Sales,West,Female,Bachelor,Part-time,41,21,122300,29.0,73.7,3.6,12,4,Headphones,Mobile App,13,120,0.17,1294.8,900.92,393.88,24,4.0,2,No
2994,2026-08-23 19:08:32.570856952,Customer Support,West,Male,High School,Full-time,33,7,52700,41.1,66.5,2.7,0,0,Keyboard,Email,5,60,,297.0,179.75,117.25,18,4.9,3,No
2995,2026-08-23 23:57:07.142380800,HR,East,Female,High School,Full-time,18,0,33100,30.9,65.6,2.9,2,1,Monitor,Phone,7,250,0.11,1557.5,1104.51,452.99,40,4.4,3,No
2996,2026-08-24 04:45:41.713904640,IT,South,Female,PhD,Full-time,32,7,92700,43.8,64.0,4.1,3,0,Laptop,Website,14,900,0.14,10836.0,5825.4,5010.6,40,4.5,6,Yes
2997,2026-08-24 09:34:16.285428480,HR,North,Female,Bachelor,Contract,25,0,36300,40.6,66.3,2.9,6,1,Headphones,Website,1,120,0.08,110.4,69.85,40.55,45,4.1,4,No
2998,2026-08-24 14:22:50.856952320,HR,South,Male,Bachelor,Full-time,35,9,66700,50.1,67.1,3.5,3,3,Tablet,Website,10,500,0.19,4050.0,2422.57,1627.43,48,4.1,4,No
2999,2026-08-24 19:11:25.428476160,HR,Central,Female,Bachelor,Part-time,47,23,116400,37.1,72.2,3.1,3,5,Laptop,Email,2,900,0.17,1494.0,942.86,551.14,43,4.8,4,No
3000,2026-08-25 00:00:00.000000000,IT,West,Female,Master,Full-time,18,0,69100,48.7,69.9,4.3,4,4,Monitor,Email,11,250,0.24,2090.0,1120.84,969.16,39,4.6,6,No
